rho,sigma,rho_sigma,P_mean,Ds_of_mean_P,mean_Ds,absolute_truncation_bound
2.000000000000000111e-01,0.000000000000000000e+00,0.000000000000000000e+00,1.000000000000000000e+00,nan,nan,0.000000000000000000e+00
2.000000000000000111e-01,1.000000000000000000e+00,2.000000000000000111e-01,8.000000000000004885e-01,4.374999999999986122e-01,4.374999999999987232e-01,0.000000000000000000e+00
2.000000000000000111e-01,2.000000000000000000e+00,4.000000000000000222e-01,6.500000000000009104e-01,8.118723707932662403e-01,8.118723707932655742e-01,0.000000000000000000e+00
2.000000000000000111e-01,3.000000000000000000e+00,6.000000000000000888e-01,5.361414794921885996e-01,1.126705705861764217e+00,1.126705707296802972e+00,0.000000000000000000e+00
2.000000000000000111e-01,4.000000000000000000e+00,8.000000000000000444e-01,4.486421119689952830e-01,1.387224922649475944e+00,1.387224938121600859e+00,0.000000000000000000e+00
2.000000000000000111e-01,5.000000000000000000e+00,1.000000000000000000e+00,3.805495997238168560e-01,1.599727380430975510e+00,1.599727454381234093e+00,0.000000000000000000e+00
2.000000000000000111e-01,6.000000000000000000e+00,1.200000000000000178e+00,3.268869891109477122e-01,1.770990581408088849e+00,1.770990813632470573e+00,0.000000000000000000e+00
2.000000000000000111e-01,7.000000000000000000e+00,1.400000000000000133e+00,2.840639699070940383e-01,1.907747138906607187e+00,1.907747699441334932e+00,0.000000000000000000e+00
2.000000000000000111e-01,8.000000000000000000e+00,1.600000000000000089e+00,2.494695282742746822e-01,2.016286538259220329e+00,2.016287666520073074e+00,0.000000000000000000e+00
2.000000000000000111e-01,9.000000000000000000e+00,1.800000000000000044e+00,2.211887134614317907e-01,2.102203133879986474e+00,2.102205122254372949e+00,0.000000000000000000e+00
2.000000000000000111e-01,1.000000000000000000e+01,2.000000000000000000e+00,1.978046830945519863e-01,2.170278344991206421e+00,2.170281512681606184e+00,0.000000000000000000e+00
2.000000000000000111e-01,1.100000000000000000e+01,2.200000000000000178e+00,1.782595914356363553e-01,2.224467288513891194e+00,2.224471953306375482e+00,0.000000000000000000e+00
2.000000000000000111e-01,1.200000000000000000e+01,2.400000000000000355e+00,1.617562621843316173e-01,2.267955042510469532e+00,2.267961496833081458e+00,0.000000000000000000e+00
2.000000000000000111e-01,1.300000000000000000e+01,2.600000000000000089e+00,1.476882638957529859e-01,2.303251177836123098e+00,2.303259672650133094e+00,0.000000000000000000e+00
2.000000000000000111e-01,1.400000000000000000e+01,2.800000000000000266e+00,1.355898646635265992e-01,2.332298620780357101e+00,2.332309358039744485e+00,0.000000000000000000e+00
2.000000000000000111e-01,1.500000000000000000e+01,3.000000000000000000e+00,1.250999742995716757e-01,2.356580980474223264e+00,2.356594112927579587e+00,0.000000000000000000e+00
2.000000000000000111e-01,1.600000000000000000e+01,3.200000000000000178e+00,1.159359833240476145e-01,2.377219353255148881e+00,2.377234989423648415e+00,0.000000000000000000e+00
2.000000000000000111e-01,1.700000000000000000e+01,3.400000000000000355e+00,1.078746453435346642e-01,2.395054650129801121e+00,2.395072862167940020e+00,0.000000000000000000e+00
2.000000000000000111e-01,1.800000000000000000e+01,3.600000000000000089e+00,1.007380026792749211e-01,2.410714740281606705e+00,2.410735572786736558e+00,0.000000000000000000e+00
2.000000000000000111e-01,1.900000000000000000e+01,3.800000000000000266e+00,9.438294601212043888e-02,2.424667531794530095e+00,2.424691010186915907e+00,0.000000000000000000e+00
2.000000000000000111e-01,2.000000000000000000e+01,4.000000000000000000e+00,8.869340979765889810e-02,2.437261951106031610e+00,2.437288088758909232e+00,0.000000000000000000e+00
2.000000000000000111e-01,2.100000000000000000e+01,4.200000000000000178e+00,8.357449236143599247e-02,2.448759007305536084e+00,2.448787811063379394e+00,0.000000000000000000e+00
2.000000000000000111e-01,2.200000000000000000e+01,4.400000000000000355e+00,7.894799118094203427e-02,2.459355011697053950e+00,2.459386485746956730e+00,0.000000000000000000e+00
2.000000000000000111e-01,2.300000000000000000e+01,4.600000000000000533e+00,7.474898609896941937e-02,2.469198749815399108e+00,2.469232898078241423e+00,0.000000000000000000e+00
2.000000000000000111e-01,2.400000000000000000e+01,4.800000000000000711e+00,7.092320409287490579e-02,2.478404082406859388e+00,2.478440909716587370e+00,0.000000000000000000e+00
2.000000000000000111e-01,2.500000000000000000e+01,5.000000000000000000e+00,6.742497115892125137e-02,2.487059143243710135e+00,2.487098655613400044e+00,0.000000000000000000e+00
2.000000000000000111e-01,2.600000000000000000e+01,5.200000000000000178e+00,6.421560845272536455e-02,2.495233032352523583e+00,2.495275236611723457e+00,0.000000000000000000e+00
2.000000000000000111e-01,2.700000000000000000e+01,5.400000000000000355e+00,6.126216702800370284e-02,2.502980681835861976e+00,2.503025584885250510e+00,0.000000000000000000e+00
2.000000000000000111e-01,2.800000000000000000e+01,5.600000000000000533e+00,5.853642250463295116e-02,2.510346396577995964e+00,2.510394004458560424e+00,0.000000000000000000e+00
2.000000000000000111e-01,2.900000000000000000e+01,5.800000000000000711e+00,5.601407069575111558e-02,2.517366437881819241e+00,2.517416754806583334e+00,0.000000000000000000e+00
2.000000000000000111e-01,3.000000000000000000e+01,6.000000000000000000e+00,5.367407969019766245e-02,2.524070917221455712e+00,2.524123944673360320e+00,0.000000000000000000e+00
2.000000000000000111e-01,3.100000000000000000e+01,6.200000000000000178e+00,5.149816457726262564e-02,2.530485192744492018e+00,2.530540928706150883e+00,0.000000000000000000e+00
2.000000000000000111e-01,3.200000000000000000e+01,6.400000000000000355e+00,4.947035895096275893e-02,2.536630906746727199e+00,2.536689345097972392e+00,0.000000000000000000e+00
2.000000000000000111e-01,3.300000000000000000e+01,6.600000000000000533e+00,4.757666328092303998e-02,2.542526763018424951e+00,2.542587893115098474e+00,0.000000000000000000e+00
2.000000000000000111e-01,3.400000000000000000e+01,6.800000000000000711e+00,4.580475471802752246e-02,2.548189114752745787e+00,2.548252921184212205e+00,0.000000000000000000e+00
2.000000000000000111e-01,3.500000000000000000e+01,7.000000000000000000e+00,4.414374629926429844e-02,2.553632413579840943e+00,2.553698876091837988e+00,0.000000000000000000e+00
2.000000000000000111e-01,3.600000000000000000e+01,7.200000000000000178e+00,4.258398610640905246e-02,2.558869555983513955e+00,2.558938649546655508e+00,0.000000000000000000e+00
2.000000000000000111e-01,3.700000000000000000e+01,7.400000000000000355e+00,4.111688892092776881e-02,2.563912153207526412e+00,2.563983848208469585e+00,0.000000000000000000e+00
2.000000000000000111e-01,3.800000000000000000e+01,7.600000000000000533e+00,3.973479445218065786e-02,2.568770743558125069e+00,2.568845006089424121e+00,0.000000000000000000e+00
2.000000000000000111e-01,3.900000000000000000e+01,7.800000000000000711e+00,3.843084740803152238e-02,2.573454960895545707e+00,2.573531753120752441e+00,0.000000000000000000e+00
2.000000000000000111e-01,4.000000000000000000e+01,8.000000000000000000e+00,3.719889560824172353e-02,2.577973669465363216e+00,2.578052950037817759e+00,0.000000000000000000e+00
2.000000000000000111e-01,4.100000000000000000e+01,8.200000000000001066e+00,3.603340307275057497e-02,2.582335072611805060e+00,2.582416797127927488e+00,0.000000000000000000e+00
2.000000000000000111e-01,4.200000000000000000e+01,8.400000000000000355e+00,3.492937559506314321e-02,2.586546801036472054e+00,2.586630922506364616e+00,0.000000000000000000e+00
2.000000000000000111e-01,4.300000000000000000e+01,8.599999999999999645e+00,3.388229677018838454e-02,2.590615984902332691e+00,2.590702454223903661e+00,0.000000000000000000e+00
2.000000000000000111e-01,4.400000000000000000e+01,8.800000000000000711e+00,3.288807281324791776e-02,2.594549313083736486e+00,2.594638079508678086e+00,0.000000000000000000e+00
2.000000000000000111e-01,4.500000000000000000e+01,9.000000000000000000e+00,3.194298479913701416e-02,2.598353082120702595e+00,2.598444093703134339e+00,0.000000000000000000e+00
2.000000000000000111e-01,4.600000000000000000e+01,9.200000000000001066e+00,3.104364719091519745e-02,2.602033236882493217e+00,2.602126440903349547e+00,0.000000000000000000e+00
2.000000000000000111e-01,4.700000000000000000e+01,9.400000000000000355e+00,3.018697171685842326e-02,2.605595404525018921e+00,2.605690747887058567e+00,0.000000000000000000e+00
2.000000000000000111e-01,4.800000000000000000e+01,9.600000000000001421e+00,2.937013581257534589e-02,2.609044923002859839e+00,2.609142352592932923e+00,0.000000000000000000e+00
2.000000000000000111e-01,4.900000000000000000e+01,9.800000000000000711e+00,2.859055497248958605e-02,2.612386865147914961e+00,2.612486328164349558e+00,0.000000000000000000e+00
2.000000000000000111e-01,5.000000000000000000e+01,1.000000000000000000e+01,2.784585845997491343e-02,2.615626059129859016e+00,2.615727503374247753e+00,0.000000000000000000e+00
2.000000000000000111e-01,5.100000000000000000e+01,1.020000000000000107e+01,2.713386791195454562e-02,2.618767105957661379e+00,2.618870480091045394e+00,0.000000000000000000e+00
2.000000000000000111e-01,5.200000000000000000e+01,1.040000000000000036e+01,2.645257844536262615e-02,2.621814394559006445e+00,2.621919648323214336e+00,0.000000000000000000e+00
2.000000000000000111e-01,5.300000000000000000e+01,1.060000000000000142e+01,2.580014193231506409e-02,2.624772114874267981e+00,2.624879199279884556e+00,0.000000000000000000e+00
2.000000000000000111e-01,5.400000000000000000e+01,1.080000000000000071e+01,2.517485216038642046e-02,2.627644269319383774e+00,2.627753136802061462e+00,0.000000000000000000e+00
2.000000000000000111e-01,5.500000000000000000e+01,1.100000000000000000e+01,2.457513163582984023e-02,2.630434682909778665e+00,2.630545287457099590e+00,0.000000000000000000e+00
2.000000000000000111e-01,5.600000000000000000e+01,1.120000000000000107e+01,2.399951982235078163e-02,2.633147012281595423e+00,2.633259309532566927e+00,0.000000000000000000e+00
2.000000000000000111e-01,5.700000000000000000e+01,1.140000000000000036e+01,2.344666263732241365e-02,2.635784753802918878e+00,2.635898701122798116e+00,0.000000000000000000e+00
2.000000000000000111e-01,5.800000000000000000e+01,1.160000000000000142e+01,2.291530305205227366e-02,2.638351250934031000e+00,2.638466807466652853e+00,0.000000000000000000e+00
2.000000000000000111e-01,5.900000000000000000e+01,1.180000000000000071e+01,2.240427266365147344e-02,2.640849700963860514e+00,2.640966827664022798e+00,0.000000000000000000e+00
2.000000000000000111e-01,6.000000000000000000e+01,1.200000000000000000e+01,2.191248412384690439e-02,2.643283161227642619e+00,2.643401820875894259e+00,0.000000000000000000e+00
2.000000000000000111e-01,6.100000000000000000e+01,1.220000000000000107e+01,2.143892432523093056e-02,2.645654554890297661e+00,2.645774712092145542e+00,0.000000000000000000e+00
2.000000000000000111e-01,6.200000000000000000e+01,1.240000000000000036e+01,2.098264825838795991e-02,2.647966676363882499e+00,2.648088297535887481e+00,0.000000000000000000e+00
2.000000000000000111e-01,6.300000000000000000e+01,1.260000000000000142e+01,2.054277346442325361e-02,2.650222196414257159e+00,2.650345249758961241e+00,0.000000000000000000e+00
2.000000000000000111e-01,6.400000000000000000e+01,1.280000000000000071e+01,2.011847501693836762e-02,2.652423667002336227e+00,2.652548122473598724e+00,0.000000000000000000e+00
2.000000000000000111e-01,6.500000000000000000e+01,1.300000000000000000e+01,1.970898097569008869e-02,2.654573525895271846e+00,2.654699355155786034e+00,0.000000000000000000e+00
2.000000000000000111e-01,6.600000000000000000e+01,1.320000000000000107e+01,1.931356826123928339e-02,2.656674101075664929e+00,2.656801277448458176e+00,0.000000000000000000e+00
2.000000000000000111e-01,6.700000000000000000e+01,1.340000000000000036e+01,1.893155890600840136e-02,2.658727614972741016e+00,2.658856113387850328e+00,0.000000000000000000e+00
2.000000000000000111e-01,6.800000000000000000e+01,1.360000000000000142e+01,1.856231664246484059e-02,2.660736188532933699e+00,2.660865985470359352e+00,0.000000000000000000e+00
2.000000000000000111e-01,6.900000000000000000e+01,1.380000000000000071e+01,1.820524379374938162e-02,2.662701845145019952e+00,2.662832918575090524e+00,0.000000000000000000e+00
2.000000000000000111e-01,7.000000000000000000e+01,1.400000000000000000e+01,1.785977843607453042e-02,2.664626514430989523e+00,2.664758843753386230e+00,0.000000000000000000e+00
2.000000000000000111e-01,7.100000000000000000e+01,1.420000000000000107e+01,1.752539180571185268e-02,2.666512035911126510e+00,2.666645601893166351e+00,0.000000000000000000e+00
2.000000000000000111e-01,7.200000000000000000e+01,1.440000000000000036e+01,1.720158592644088422e-02,2.668360162551859815e+00,2.668494947266448314e+00,0.000000000000000000e+00
2.000000000000000111e-01,7.300000000000000000e+01,1.460000000000000142e+01,1.688789143600591403e-02,2.670172564201426457e+00,2.670308550965838634e+00,0.000000000000000000e+00
2.000000000000000111e-01,7.400000000000000000e+01,1.480000000000000071e+01,1.658386559247327849e-02,2.671950830917401820e+00,2.672088004233144520e+00,0.000000000000000000e+00
2.000000000000000111e-01,7.500000000000000000e+01,1.500000000000000000e+01,1.628909044344332632e-02,2.673696476191299798e+00,2.673834821685268537e+00,0.000000000000000000e+00
2.000000000000000111e-01,7.600000000000000000e+01,1.520000000000000107e+01,1.600317114288666784e-02,2.675410940071896615e+00,2.675550444439500630e+00,0.000000000000000000e+00
2.000000000000000111e-01,7.700000000000000000e+01,1.540000000000000036e+01,1.572573440197593334e-02,2.677095592190267048e+00,2.677236243140516780e+00,0.000000000000000000e+00
2.000000000000000111e-01,7.800000000000000000e+01,1.560000000000000142e+01,1.545642706169855600e-02,2.678751734689730046e+00,2.678893520892526414e+00,0.000000000000000000e+00
2.000000000000000111e-01,7.900000000000000000e+01,1.580000000000000071e+01,1.519491477628836552e-02,2.680380605061262855e+00,2.680523516097151671e+00,0.000000000000000000e+00
2.000000000000000111e-01,8.000000000000000000e+01,1.600000000000000000e+01,1.494088079762359231e-02,2.681983378886365621e+00,2.682127405198856174e+00,0.000000000000000000e+00
2.000000000000000111e-01,8.100000000000000000e+01,1.619999999999999929e+01,1.469402485172400380e-02,2.683561172490600999e+00,2.683706305340712639e+00,0.000000000000000000e+00
2.000000000000000111e-01,8.200000000000000000e+01,1.640000000000000213e+01,1.445406209935570958e-02,2.685115045507640907e+00,2.685261276931147911e+00,0.000000000000000000e+00
2.000000000000000111e-01,8.300000000000000000e+01,1.660000000000000142e+01,1.422072217353276269e-02,2.686646003355445789e+00,2.686793326122753900e+00,0.000000000000000000e+00
2.000000000000000111e-01,8.400000000000000000e+01,1.680000000000000071e+01,1.399374828739968595e-02,2.688154999628208142e+00,2.688303407206440454e+00,0.000000000000000000e+00
2.000000000000000111e-01,8.500000000000000000e+01,1.700000000000000000e+01,1.377289640660047526e-02,2.689642938403702832e+00,2.689792424921183311e+00,0.000000000000000000e+00
2.000000000000000111e-01,8.600000000000000000e+01,1.719999999999999929e+01,1.355793448079523067e-02,2.691110676467407536e+00,2.691261236680599911e+00,0.000000000000000000e+00
2.000000000000000111e-01,8.700000000000000000e+01,1.740000000000000213e+01,1.334864172948287478e-02,2.692559025457311073e+00,2.692710654719871144e+00,0.000000000000000000e+00
2.000000000000000111e-01,8.800000000000000000e+01,1.760000000000000142e+01,1.314480797773413638e-02,2.693988753929449587e+00,2.694141448163302588e+00,0.000000000000000000e+00
2.000000000000000111e-01,8.900000000000000000e+01,1.780000000000000071e+01,1.294623303783994442e-02,2.695400589345342546e+00,2.695554345013869035e+00,0.000000000000000000e+00
2.000000000000000111e-01,9.000000000000000000e+01,1.800000000000000000e+01,1.275272613323980009e-02,2.696795219985186343e+00,2.696950034068100965e+00,0.000000000000000000e+00
2.000000000000000111e-01,9.100000000000000000e+01,1.819999999999999929e+01,1.256410536141881924e-02,2.698173296787244713e+00,2.698329166757315711e+00,0.000000000000000000e+00
2.000000000000000111e-01,9.200000000000000000e+01,1.840000000000000213e+01,1.238019719275406695e-02,2.699535435115147042e+00,2.699692358916561563e+00,0.000000000000000000e+00
2.000000000000000111e-01,9.300000000000000000e+01,1.860000000000000142e+01,1.220083600255411627e-02,2.700882216455877671e+00,2.701040192483958435e+00,0.000000000000000000e+00
2.000000000000000111e-01,9.400000000000000000e+01,1.880000000000000071e+01,1.202586363377349671e-02,2.702214190049995857e+00,2.702373217132389094e+00,0.000000000000000000e+00
2.000000000000000111e-01,9.500000000000000000e+01,1.900000000000000000e+01,1.185512898809891469e-02,2.703531874455352035e+00,2.703691951834453544e+00,0.000000000000000000e+00
2.000000000000000111e-01,9.600000000000000000e+01,1.920000000000000284e+01,1.168848764329870685e-02,2.704835759047490740e+00,2.704996886363882247e+00,0.000000000000000000e+00
2.000000000000000111e-01,9.700000000000000000e+01,1.940000000000000213e+01,1.152580149490329935e-02,2.706126305457586145e+00,2.706288482734767520e+00,0.000000000000000000e+00
2.000000000000000111e-01,9.800000000000000000e+01,1.960000000000000142e+01,1.136693842044468432e-02,2.707403948950287909e+00,2.707567176580102153e+00,0.000000000000000000e+00
2.000000000000000111e-01,9.900000000000000000e+01,1.980000000000000071e+01,1.121177196462792500e-02,2.708669099743681308e+00,2.708833378472611741e+00,0.000000000000000000e+00
2.000000000000000111e-01,1.000000000000000000e+02,2.000000000000000000e+01,1.106018104394003616e-02,2.709922144272180589e+00,2.710087475188525996e+00,0.000000000000000000e+00
2.000000000000000111e-01,1.010000000000000000e+02,2.020000000000000284e+01,1.091204966932159993e-02,2.711163446395940202e+00,2.711329830917417638e+00,0.000000000000000000e+00
2.000000000000000111e-01,1.020000000000000000e+02,2.040000000000000213e+01,1.076726668563586162e-02,2.712393348557097017e+00,2.712560788419229318e+00,0.000000000000000000e+00
2.000000000000000111e-01,1.030000000000000000e+02,2.060000000000000142e+01,1.062572552677003984e-02,2.713612172885355722e+00,2.713780670130271133e+00,0.000000000000000000e+00
2.000000000000000111e-01,1.040000000000000000e+02,2.080000000000000071e+01,1.048732398529429038e-02,2.714820222254842097e+00,2.714989779220460697e+00,0.000000000000000000e+00
2.000000000000000111e-01,1.050000000000000000e+02,2.100000000000000000e+01,1.035196399568720158e-02,2.716017781293170064e+00,2.716188400602925768e+00,0.000000000000000000e+00
2.000000000000000111e-01,1.060000000000000000e+02,2.120000000000000284e+01,1.021955143021245106e-02,2.717205117346054521e+00,2.717376801898716554e+00,0.000000000000000000e+00
2.000000000000000111e-01,1.070000000000000000e+02,2.140000000000000213e+01,1.008999590660083871e-02,2.718382481397601413e+00,2.718555234357501682e+00,0.000000000000000000e+00
2.000000000000000111e-01,1.080000000000000000e+02,2.160000000000000142e+01,9.963210606755654522e-03,2.719550108948671330e+00,2.719723933736216903e+00,0.000000000000000000e+00
2.000000000000000111e-01,1.090000000000000000e+02,2.180000000000000071e+01,9.839112105757497062e-03,2.720708220854189729e+00,2.720883121136371763e+00,0.000000000000000000e+00
2.000000000000000111e-01,1.100000000000000000e+02,2.200000000000000000e+01,9.717620210498403160e-03,2.721857024122753099e+00,2.722033003803995044e+00,0.000000000000000000e+00
2.000000000000000111e-01,1.110000000000000000e+02,2.220000000000000284e+01,9.598657807323839747e-03,2.722996712678071418e+00,2.723173775891081227e+00,0.000000000000000000e+00
2.000000000000000111e-01,1.120000000000000000e+02,2.240000000000000213e+01,9.482150718106830897e-03,2.724127468084262205e+00,2.724305619181021321e+00,0.000000000000000000e+00
2.000000000000000111e-01,1.130000000000000000e+02,2.260000000000000142e+01,9.368027564219288603e-03,2.725249460238262866e+00,2.725428703780989448e+00,0.000000000000000000e+00
2.000000000000000111e-01,1.140000000000000000e+02,2.280000000000000071e+01,9.256219637904301856e-03,2.726362848027213293e+00,2.726543188779676274e+00,0.000000000000000000e+00
2.000000000000000111e-01,1.150000000000000000e+02,2.300000000000000000e+01,9.146660780588041287e-03,2.727467779955406346e+00,2.727649222873967272e+00,0.000000000000000000e+00
2.000000000000000111e-01,1.160000000000000000e+02,2.320000000000000284e+01,9.039287267702252743e-03,2.728564394741244126e+00,2.728746944965826149e+00,0.000000000000000000e+00
2.000000000000000111e-01,1.170000000000000000e+02,2.340000000000000213e+01,8.934037699618297898e-03,2.729652821883993941e+00,2.729836484729549095e+00,0.000000000000000000e+00
2.000000000000000111e-01,1.180000000000000000e+02,2.360000000000000142e+01,8.830852898321217906e-03,2.730733182203479714e+00,2.730917963151145766e+00,0.000000000000000000e+00
2.000000000000000111e-01,1.190000000000000000e+02,2.380000000000000071e+01,8.729675809477590101e-03,2.731805588353231506e+00,2.731991493041432850e+00,0.000000000000000000e+00
2.000000000000000111e-01,1.200000000000000000e+02,2.400000000000000000e+01,8.630451409574638882e-03,2.732870145307767284e+00,2.733057179523434410e+00,0.000000000000000000e+00
2.000000000000000111e-01,1.210000000000000000e+02,2.420000000000000284e+01,8.533126617829624519e-03,2.733926950825968039e+00,2.734115120495753448e+00,0.000000000000000000e+00
2.000000000000000111e-01,1.220000000000000000e+02,2.440000000000000213e+01,8.437650212588731005e-03,2.734976095890206071e+00,2.735165407071709076e+00,0.000000000000000000e+00
2.000000000000000111e-01,1.230000000000000000e+02,2.460000000000000142e+01,8.343972751953287678e-03,2.736017665124175213e+00,2.736208123997296404e+00,0.000000000000000000e+00
2.000000000000000111e-01,1.240000000000000000e+02,2.480000000000000071e+01,8.252046498388251536e-03,2.737051737189804879e+00,2.737243350047676049e+00,0.000000000000000000e+00
2.000000000000000111e-01,1.250000000000000000e+02,2.500000000000000000e+01,8.161825347084056964e-03,2.738078385162192152e+00,2.738271158402573846e+00,0.000000000000000000e+00
2.000000000000000111e-01,1.260000000000000000e+02,2.520000000000000284e+01,8.073264757857693402e-03,2.739097676886406152e+00,2.739291617002996837e+00,0.000000000000000000e+00
2.000000000000000111e-01,1.270000000000000000e+02,2.540000000000000213e+01,7.986321690392494260e-03,2.740109675315285820e+00,2.740304788888899168e+00,0.000000000000000000e+00
2.000000000000000111e-01,1.280000000000000000e+02,2.560000000000000142e+01,7.900954542629151645e-03,2.741114438829925781e+00,2.741310732519904647e+00,0.000000000000000000e+00
2.000000000000000111e-01,1.290000000000000000e+02,2.580000000000000071e+01,7.817123092132028175e-03,2.742112021542848943e+00,2.742309502078385641e+00,0.000000000000000000e+00
2.000000000000000111e-01,1.300000000000000000e+02,2.600000000000000000e+01,7.734788440266241252e-03,2.743102473585089740e+00,2.743301147756609382e+00,0.000000000000000000e+00
2.000000000000000111e-01,1.310000000000000000e+02,2.620000000000000284e+01,7.653912959030861364e-03,2.744085841378828938e+00,2.744285716029449151e+00,0.000000000000000000e+00
2.000000000000000111e-01,1.320000000000000000e+02,2.640000000000000213e+01,7.574460240403473911e-03,2.745062167893385308e+00,2.745263249910562475e+00,0.000000000000000000e+00
2.000000000000000111e-01,1.330000000000000000e+02,2.660000000000000142e+01,7.496395048060071863e-03,2.746031492889223991e+00,2.746233789196131703e+00,0.000000000000000000e+00
2.000000000000000111e-01,1.340000000000000000e+02,2.680000000000000071e+01,7.419683271342483039e-03,2.746993853148141262e+00,2.747197370695623864e+00,0.000000000000000000e+00
2.000000000000000111e-01,1.350000000000000000e+02,2.700000000000000000e+01,7.344291881353475632e-03,2.747949282689908568e+00,2.748154028448090980e+00,0.000000000000000000e+00
2.000000000000000111e-01,1.360000000000000000e+02,2.720000000000000284e+01,7.270188889066700813e-03,2.748897812978075450e+00,2.749103793928205253e+00,0.000000000000000000e+00
2.000000000000000111e-01,1.370000000000000000e+02,2.740000000000000213e+01,7.197343305345439181e-03,2.749839473113286026e+00,2.750046696239996979e+00,0.000000000000000000e+00
2.000000000000000111e-01,1.380000000000000000e+02,2.760000000000000142e+01,7.125725102770448689e-03,2.750774290016313017e+00,2.750982762299465811e+00,0.000000000000000000e+00
2.000000000000000111e-01,1.390000000000000000e+02,2.780000000000000071e+01,7.055305179182940617e-03,2.751702288600522017e+00,2.751912017007474454e+00,0.000000000000000000e+00
2.000000000000000111e-01,1.400000000000000000e+02,2.800000000000000000e+01,6.986055322854385283e-03,2.752623491933861466e+00,2.752834483411986888e+00,0.000000000000000000e+00
2.000000000000000111e-01,1.410000000000000000e+02,2.820000000000000284e+01,6.917948179199807923e-03,2.753537921392998911e+00,2.753750182862056306e+00,0.000000000000000000e+00
2.000000000000000111e-01,1.420000000000000000e+02,2.840000000000000213e+01,6.850957218956099312e-03,2.754445596806602392e+00,2.754659135151356519e+00,0.000000000000000000e+00
2.000000000000000111e-01,1.430000000000000000e+02,2.860000000000000142e+01,6.785056707751469657e-03,2.755346536590507878e+00,2.755561358653701109e+00,0.000000000000000000e+00
2.000000000000000111e-01,1.440000000000000000e+02,2.880000000000000071e+01,6.720221676996146823e-03,2.756240757876974090e+00,2.756456870452152597e+00,0.000000000000000000e+00
2.000000000000000111e-01,1.450000000000000000e+02,2.900000000000000000e+01,6.656427896028517359e-03,2.757128276633090902e+00,2.757345686457702616e+00,0.000000000000000000e+00
2.000000000000000111e-01,1.460000000000000000e+02,2.920000000000000284e+01,6.593651845454701760e-03,2.758009107773278235e+00,2.758227821522210021e+00,0.000000000000000000e+00
2.000000000000000111e-01,1.470000000000000000e+02,2.940000000000000213e+01,6.531870691622694396e-03,2.758883265265948737e+00,2.759103289544769577e+00,0.000000000000000000e+00
2.000000000000000111e-01,1.480000000000000000e+02,2.960000000000000142e+01,6.471062262175797213e-03,2.759750762232042298e+00,2.759972103570660806e+00,0.000000000000000000e+00
2.000000000000000111e-01,1.490000000000000000e+02,2.980000000000000071e+01,6.411205022632892638e-03,2.760611611037751434e+00,2.760834275884447297e+00,0.000000000000000000e+00
2.000000000000000111e-01,1.500000000000000000e+02,3.000000000000000000e+01,6.352278053946106527e-03,2.761465823381382023e+00,2.761689818096640714e+00,0.000000000000000000e+00
2.000000000000000111e-01,1.510000000000000000e+02,3.020000000000000284e+01,6.294261030988974187e-03,2.762313410375155875e+00,2.762538741225850192e+00,0.000000000000000000e+00
2.000000000000000111e-01,1.520000000000000000e+02,3.040000000000000213e+01,6.237134201930857533e-03,2.763154382620051308e+00,2.763381055774115413e+00,0.000000000000000000e+00
2.000000000000000111e-01,1.530000000000000000e+02,3.060000000000000142e+01,6.180878368455719821e-03,2.763988750278189244e+00,2.764216771799109740e+00,0.000000000000000000e+00
2.000000000000000111e-01,1.540000000000000000e+02,3.080000000000000071e+01,6.125474866785436505e-03,2.764816523138728055e+00,2.765045898980067474e+00,0.000000000000000000e+00
2.000000000000000111e-01,1.550000000000000000e+02,3.100000000000000000e+01,6.070905549470269336e-03,2.765637710677737005e+00,2.765868446678541037e+00,0.000000000000000000e+00
2.000000000000000111e-01,1.560000000000000000e+02,3.120000000000000284e+01,6.017152767910741509e-03,2.766452322117656681e+00,2.766684423997659792e+00,0.000000000000000000e+00
2.000000000000000111e-01,1.570000000000000000e+02,3.140000000000000213e+01,5.964199355577170895e-03,2.767260366480194023e+00,2.767493839834830105e+00,0.000000000000000000e+00
2.000000000000000111e-01,1.580000000000000000e+02,3.160000000000000142e+01,5.912028611894974521e-03,2.768061852634863929e+00,2.768296702931090092e+00,0.000000000000000000e+00
2.000000000000000111e-01,1.590000000000000000e+02,3.180000000000000071e+01,5.860624286765320733e-03,2.768856789345361946e+00,2.769093021917607533e+00,0.000000000000000000e+00
2.000000000000000111e-01,1.600000000000000000e+02,3.200000000000000000e+01,5.809970565692380330e-03,2.769645185312203939e+00,2.769882805358186317e+00,0.000000000000000000e+00
2.000000000000000111e-01,1.610000000000000000e+02,3.220000000000000284e+01,5.760052055489848707e-03,2.770427049211650949e+00,2.770666061788754408e+00,0.000000000000000000e+00
2.000000000000000111e-01,1.620000000000000000e+02,3.239999999999999858e+01,5.710853770540850853e-03,2.771202389731780347e+00,2.771442799753370156e+00,0.000000000000000000e+00
2.000000000000000111e-01,1.630000000000000000e+02,3.260000000000000142e+01,5.662361119586567515e-03,2.771971215605653072e+00,2.772213027837594268e+00,0.000000000000000000e+00
2.000000000000000111e-01,1.640000000000000000e+02,3.280000000000000426e+01,5.614559893020246162e-03,2.772733535642285307e+00,2.772976754700033020e+00,0.000000000000000000e+00
2.000000000000000111e-01,1.650000000000000000e+02,3.300000000000000000e+01,5.567436250664315085e-03,2.773489358754000822e+00,2.773733989099322894e+00,0.000000000000000000e+00
2.000000000000000111e-01,1.660000000000000000e+02,3.320000000000000284e+01,5.520976710009587070e-03,2.774238693981716075e+00,2.774484739920062282e+00,0.000000000000000000e+00
2.000000000000000111e-01,1.670000000000000000e+02,3.339999999999999858e+01,5.475168134896360450e-03,2.774981550519511675e+00,2.775229016197521936e+00,0.000000000000000000e+00
2.000000000000000111e-01,1.680000000000000000e+02,3.360000000000000142e+01,5.429997724618391107e-03,2.775717937734452079e+00,2.775966827137152926e+00,0.000000000000000000e+00
2.000000000000000111e-01,1.690000000000000000e+02,3.380000000000000426e+01,5.385453003431595401e-03,2.776447865185589947e+00,2.776698182134522241e+00,0.000000000000000000e+00
2.000000000000000111e-01,1.700000000000000000e+02,3.400000000000000000e+01,5.341521810450136805e-03,2.777171342642118734e+00,2.777423090793345040e+00,0.000000000000000000e+00
2.000000000000000111e-01,1.710000000000000000e+02,3.420000000000000284e+01,5.298192289913477952e-03,2.777888380097840670e+00,2.778141562939773213e+00,0.000000000000000000e+00
2.000000000000000111e-01,1.720000000000000000e+02,3.439999999999999858e+01,5.255452881808764763e-03,2.778598987785315888e+00,2.778853608637116945e+00,0.000000000000000000e+00
2.000000000000000111e-01,1.730000000000000000e+02,3.460000000000000142e+01,5.213292312833552045e-03,2.779303176187586377e+00,2.779559238198113569e+00,0.000000000000000000e+00
2.000000000000000111e-01,1.740000000000000000e+02,3.480000000000000426e+01,5.171699587684761186e-03,2.780000956049318184e+00,2.780258462195291713e+00,0.000000000000000000e+00
2.000000000000000111e-01,1.750000000000000000e+02,3.500000000000000000e+01,5.130663980660198596e-03,2.780692338385719609e+00,2.780951291470659115e+00,0.000000000000000000e+00
2.000000000000000111e-01,1.760000000000000000e+02,3.520000000000000284e+01,5.090175027559884664e-03,2.781377334490343856e+00,2.781637737143800582e+00,0.000000000000000000e+00
2.000000000000000111e-01,1.770000000000000000e+02,3.539999999999999858e+01,5.050222517874722317e-03,2.782055955942472014e+00,2.782317810618818665e+00,0.000000000000000000e+00
2.000000000000000111e-01,1.780000000000000000e+02,3.560000000000000142e+01,5.010796487250912014e-03,2.782728214611971396e+00,2.782991523590292893e+00,0.000000000000000000e+00
2.000000000000000111e-01,1.790000000000000000e+02,3.580000000000000426e+01,4.971887210218814065e-03,2.783394122663843895e+00,2.783658888047135793e+00,0.000000000000000000e+00
2.000000000000000111e-01,1.800000000000000000e+02,3.600000000000000000e+01,4.933485193175657368e-03,2.784053692562800109e+00,2.784319916277349982e+00,0.000000000000000000e+00
2.000000000000000111e-01,1.810000000000000000e+02,3.620000000000000284e+01,4.895581167611788576e-03,2.784706937074792332e+00,2.784974620870316109e+00,0.000000000000000000e+00
2.000000000000000111e-01,1.820000000000000000e+02,3.639999999999999858e+01,4.858166083570899033e-03,2.785353869268925919e+00,2.785623014718439538e+00,0.000000000000000000e+00
2.000000000000000111e-01,1.830000000000000000e+02,3.660000000000000142e+01,4.821231103334726667e-03,2.785994502519390625e+00,2.786265111019198049e+00,0.000000000000000000e+00
2.000000000000000111e-01,1.840000000000000000e+02,3.680000000000000426e+01,4.784767595323543600e-03,2.786628850504130561e+00,2.786900923274184372e+00,0.000000000000000000e+00
2.000000000000000111e-01,1.850000000000000000e+02,3.700000000000000000e+01,4.748767128203825252e-03,2.787256927205918000e+00,2.787530465289953074e+00,0.000000000000000000e+00
2.000000000000000111e-01,1.860000000000000000e+02,3.720000000000000284e+01,4.713221465195036215e-03,2.787878746910340322e+00,2.788153751176519979e+00,0.000000000000000000e+00
2.000000000000000111e-01,1.870000000000000000e+02,3.739999999999999858e+01,4.678122558567809897e-03,2.788494324204427777e+00,2.788770795345815401e+00,0.000000000000000000e+00
2.000000000000000111e-01,1.880000000000000000e+02,3.760000000000000142e+01,4.643462544326057428e-03,2.789103673974687059e+00,2.789381612509936659e+00,0.000000000000000000e+00
2.000000000000000111e-01,1.890000000000000000e+02,3.780000000000000426e+01,4.609233737065981940e-03,2.789706811403525055e+00,2.789986217677981273e+00,0.000000000000000000e+00
2.000000000000000111e-01,1.900000000000000000e+02,3.800000000000000000e+01,4.575428625005190271e-03,2.790303751967356138e+00,2.790584626153623571e+00,0.000000000000000000e+00
2.000000000000000111e-01,1.910000000000000000e+02,3.820000000000000284e+01,4.542039865175398657e-03,2.790894511432152836e+00,2.791176853531275981e+00,0.000000000000000000e+00
2.000000000000000111e-01,1.920000000000000000e+02,3.840000000000000568e+01,4.509060278772603590e-03,2.791479105849271836e+00,2.791762915692189928e+00,0.000000000000000000e+00
2.000000000000000111e-01,1.930000000000000000e+02,3.860000000000000142e+01,4.476482846658687113e-03,2.792057551552394212e+00,2.792342828800579824e+00,0.000000000000000000e+00
2.000000000000000111e-01,1.940000000000000000e+02,3.880000000000000426e+01,4.444300705008830815e-03,2.792629865151357915e+00,2.792916609298554231e+00,0.000000000000000000e+00
2.000000000000000111e-01,1.950000000000000000e+02,3.900000000000000000e+01,4.412507141099301054e-03,2.793196063528049944e+00,2.793484273901798876e+00,0.000000000000000000e+00
2.000000000000000111e-01,1.960000000000000000e+02,3.920000000000000284e+01,4.381095589230328373e-03,2.793756163831492945e+00,2.794045839594369696e+00,0.000000000000000000e+00
2.000000000000000111e-01,1.970000000000000000e+02,3.940000000000000568e+01,4.350059626779162296e-03,2.794310183472008102e+00,2.794601323623373101e+00,0.000000000000000000e+00
2.000000000000000111e-01,1.980000000000000000e+02,3.960000000000000142e+01,4.319392970378452962e-03,2.794858140115282996e+00,2.795150743492982315e+00,0.000000000000000000e+00
2.000000000000000111e-01,1.990000000000000000e+02,3.980000000000000426e+01,4.289089472215430222e-03,2.795400051677277897e+00,2.795694116959403619e+00,0.000000000000000000e+00
2.000000000000000111e-01,2.000000000000000000e+02,4.000000000000000000e+01,4.259143116447400290e-03,2.795935936318189263e+00,2.796231462024711067e+00,0.000000000000000000e+00
2.000000000000000111e-01,2.010000000000000000e+02,4.020000000000000284e+01,4.229548015729442563e-03,2.796465812435927401e+00,2.796762796930904127e+00,0.000000000000000000e+00
2.000000000000000111e-01,2.020000000000000000e+02,4.040000000000000568e+01,4.200298407850168447e-03,2.796989698660211854e+00,2.797288140153710412e+00,0.000000000000000000e+00
2.000000000000000111e-01,2.030000000000000000e+02,4.060000000000000142e+01,4.171388652471740531e-03,2.797507613846020647e+00,2.797807510395935005e+00,0.000000000000000000e+00
2.000000000000000111e-01,2.040000000000000000e+02,4.080000000000000426e+01,4.142813227970362604e-03,2.798019577067810015e+00,2.798320926581930213e+00,0.000000000000000000e+00
2.000000000000000111e-01,2.050000000000000000e+02,4.100000000000000000e+01,4.114566728373718167e-03,2.798525607612465826e+00,2.798828407850873390e+00,0.000000000000000000e+00
2.000000000000000111e-01,2.060000000000000000e+02,4.120000000000000284e+01,4.086643860391903603e-03,2.799025724972779017e+00,2.799329973550033213e+00,0.000000000000000000e+00
2.000000000000000111e-01,2.070000000000000000e+02,4.140000000000000568e+01,4.059039440538577369e-03,2.799519948841190153e+00,2.799825643228320171e+00,0.000000000000000000e+00
2.000000000000000111e-01,2.080000000000000000e+02,4.160000000000000142e+01,4.031748392339145476e-03,2.800008299103248000e+00,2.800315436630155919e+00,0.000000000000000000e+00
2.000000000000000111e-01,2.090000000000000000e+02,4.180000000000000426e+01,4.004765743622972635e-03,2.800490795830715030e+00,2.800799373688748872e+00,0.000000000000000000e+00
2.000000000000000111e-01,2.100000000000000000e+02,4.200000000000000000e+01,3.978086623896684784e-03,2.800967459275697902e+00,2.801277474519404898e+00,0.000000000000000000e+00
2.000000000000000111e-01,2.110000000000000000e+02,4.220000000000000284e+01,3.951706261795760559e-03,2.801438309862547271e+00,2.801749759412840213e+00,0.000000000000000000e+00
2.000000000000000111e-01,2.120000000000000000e+02,4.240000000000000568e+01,3.925619982611763641e-03,2.801903368183025655e+00,2.802216248829149325e+00,0.000000000000000000e+00
2.000000000000000111e-01,2.130000000000000000e+02,4.260000000000000142e+01,3.899823205892522394e-03,2.802362654989347224e+00,2.802676963391322662e+00,0.000000000000000000e+00
2.000000000000000111e-01,2.140000000000000000e+02,4.280000000000000426e+01,3.874311443112918394e-03,2.802816191186238370e+00,2.803131923877594911e+00,0.000000000000000000e+00
2.000000000000000111e-01,2.150000000000000000e+02,4.300000000000000000e+01,3.849080295413760677e-03,2.803263997826614506e+00,2.803581151216665290e+00,0.000000000000000000e+00
2.000000000000000111e-01,2.160000000000000000e+02,4.320000000000000284e+01,3.824125451406512697e-03,2.803706096103441237e+00,2.804024666480292360e+00,0.000000000000000000e+00
2.000000000000000111e-01,2.170000000000000000e+02,4.340000000000000568e+01,3.799442685041664550e-03,2.804142507344716595e+00,2.804462490877282388e+00,0.000000000000000000e+00
2.000000000000000111e-01,2.180000000000000000e+02,4.360000000000000142e+01,3.775027853538562121e-03,2.804573253006685807e+00,2.804894645747313842e+00,0.000000000000000000e+00
2.000000000000000111e-01,2.190000000000000000e+02,4.380000000000000426e+01,3.750876895374740273e-03,2.804998354666955684e+00,2.805321152554351105e+00,0.000000000000000000e+00
2.000000000000000111e-01,2.200000000000000000e+02,4.400000000000000000e+01,3.726985828332697072e-03,2.805417834018902212e+00,2.805742032880713666e+00,0.000000000000000000e+00
2.000000000000000111e-01,2.210000000000000000e+02,4.420000000000000284e+01,3.703350747602284550e-03,2.805831712865886285e+00,2.806157308421024954e+00,0.000000000000000000e+00
2.000000000000000111e-01,2.220000000000000000e+02,4.440000000000000568e+01,3.679967823936823416e-03,2.806240013115295806e+00,2.806567000976873949e+00,0.000000000000000000e+00
2.000000000000000111e-01,2.230000000000000000e+02,4.460000000000000142e+01,3.656833301861256002e-03,2.806642756771798641e+00,2.806971132449539219e+00,0.000000000000000000e+00
2.000000000000000111e-01,2.240000000000000000e+02,4.480000000000000426e+01,3.633943497930586675e-03,2.807039965932530023e+00,2.807369724835390379e+00,0.000000000000000000e+00
2.000000000000000111e-01,2.250000000000000000e+02,4.500000000000000000e+01,3.611294799037006835e-03,2.807431662780285997e+00,2.807762800219527399e+00,0.000000000000000000e+00
2.000000000000000111e-01,2.260000000000000000e+02,4.520000000000000284e+01,3.588883660764141063e-03,2.807817869578943526e+00,2.808150380770266796e+00,0.000000000000000000e+00
2.000000000000000111e-01,2.270000000000000000e+02,4.540000000000000568e+01,3.566706605786858827e-03,2.808198608667763274e+00,2.808532488733952448e+00,0.000000000000000000e+00
2.000000000000000111e-01,2.280000000000000000e+02,4.560000000000000142e+01,3.544760222315256580e-03,2.808573902455278049e+00,2.808909146429299231e+00,0.000000000000000000e+00
2.000000000000000111e-01,2.290000000000000000e+02,4.580000000000000426e+01,3.523041162581349185e-03,2.808943773414394052e+00,2.809280376241743760e+00,0.000000000000000000e+00
2.000000000000000111e-01,2.300000000000000000e+02,4.600000000000000000e+01,3.501546141367154006e-03,2.809308244077146188e+00,2.809646200618408418e+00,0.000000000000000000e+00
2.000000000000000111e-01,2.310000000000000000e+02,4.620000000000000284e+01,3.480271934572830642e-03,2.809667337029791767e+00,2.810006642063349158e+00,0.000000000000000000e+00
2.000000000000000111e-01,2.320000000000000000e+02,4.640000000000000568e+01,3.459215377823644192e-03,2.810021074907245175e+00,2.810361723131985290e+00,0.000000000000000000e+00
2.000000000000000111e-01,2.330000000000000000e+02,4.660000000000000142e+01,3.438373365114521726e-03,2.810369480388915875e+00,2.810711466426671024e+00,0.000000000000000000e+00
2.000000000000000111e-01,2.340000000000000000e+02,4.680000000000000426e+01,3.417742847491026231e-03,2.810712576192821999e+00,2.811055894590976934e+00,0.000000000000000000e+00
2.000000000000000111e-01,2.350000000000000000e+02,4.700000000000000000e+01,3.397320831765649526e-03,2.811050385071379942e+00,2.811395030305693155e+00,0.000000000000000000e+00
2.000000000000000111e-01,2.360000000000000000e+02,4.720000000000000284e+01,3.377104379268277938e-03,2.811382929807729969e+00,2.811728896284647394e+00,0.000000000000000000e+00
2.000000000000000111e-01,2.370000000000000000e+02,4.740000000000000568e+01,3.357090604629828483e-03,2.811710233209694376e+00,2.812057515269049013e+00,0.000000000000000000e+00
2.000000000000000111e-01,2.380000000000000000e+02,4.760000000000000142e+01,3.337276674598025576e-03,2.812032318106360673e+00,2.812380910023746683e+00,0.000000000000000000e+00
2.000000000000000111e-01,2.390000000000000000e+02,4.780000000000000426e+01,3.317659806884315152e-03,2.812349207343425750e+00,2.812699103332649386e+00,0.000000000000000000e+00
2.000000000000000111e-01,2.400000000000000000e+02,4.800000000000000000e+01,3.298237269041011995e-03,2.812660923778531163e+00,2.813012117994516004e+00,0.000000000000000000e+00
2.000000000000000111e-01,2.410000000000000000e+02,4.820000000000000284e+01,3.279006377367724850e-03,2.812967490278890370e+00,2.813319976819915968e+00,0.000000000000000000e+00
2.000000000000000111e-01,2.420000000000000000e+02,4.840000000000000568e+01,3.259964495846188071e-03,2.813268929715124322e+00,2.813622702625218075e+00,0.000000000000000000e+00
2.000000000000000111e-01,2.430000000000000000e+02,4.860000000000000142e+01,3.241109035102689682e-03,2.813565264958125312e+00,2.813920318229505835e+00,0.000000000000000000e+00
2.000000000000000111e-01,2.440000000000000000e+02,4.880000000000000426e+01,3.222437451397188596e-03,2.813856518877002610e+00,2.814212846452448513e+00,0.000000000000000000e+00
2.000000000000000111e-01,2.450000000000000000e+02,4.900000000000000000e+01,3.203947245638397168e-03,2.814142714332544148e+00,2.814500310108247305e+00,0.000000000000000000e+00
2.000000000000000111e-01,2.460000000000000000e+02,4.920000000000000284e+01,3.185635962424049339e-03,2.814423874175301599e+00,2.814782732002727439e+00,0.000000000000000000e+00
2.000000000000000111e-01,2.470000000000000000e+02,4.940000000000000568e+01,3.167501189105561155e-03,2.814700021242406702e+00,2.815060134930524427e+00,0.000000000000000000e+00
2.000000000000000111e-01,2.480000000000000000e+02,4.960000000000000142e+01,3.149540554876434882e-03,2.814971178352692061e+00,2.815332541670942934e+00,0.000000000000000000e+00
2.000000000000000111e-01,2.490000000000000000e+02,4.980000000000000426e+01,3.131751729883665552e-03,2.815237368305192778e+00,2.815599974985344200e+00,0.000000000000000000e+00
2.000000000000000111e-01,2.500000000000000000e+02,5.000000000000000000e+01,3.114132424361483378e-03,2.815498613874594103e+00,2.815862457613083070e+00,0.000000000000000000e+00
2.000000000000000111e-01,2.510000000000000000e+02,5.020000000000000284e+01,3.096680387786818808e-03,2.815754937808293779e+00,2.816120012268438444e+00,0.000000000000000000e+00
2.000000000000000111e-01,2.520000000000000000e+02,5.040000000000000568e+01,3.079393408055806740e-03,2.816006362824421849e+00,2.816372661638658403e+00,0.000000000000000000e+00
2.000000000000000111e-01,2.530000000000000000e+02,5.060000000000000142e+01,3.062269310680768280e-03,2.816252911608174703e+00,2.816620428380426588e+00,0.000000000000000000e+00
2.000000000000000111e-01,2.540000000000000000e+02,5.080000000000000426e+01,3.045305958007059419e-03,2.816494606808285894e+00,2.816863335115818323e+00,0.000000000000000000e+00
2.000000000000000111e-01,2.550000000000000000e+02,5.100000000000000000e+01,3.028501248449240631e-03,2.816731471035400336e+00,2.817101404431264111e+00,0.000000000000000000e+00
2.000000000000000111e-01,2.560000000000000000e+02,5.120000000000000284e+01,3.011853115745973235e-03,2.816963526859726841e+00,2.817334658874875331e+00,0.000000000000000000e+00
2.000000000000000111e-01,2.570000000000000000e+02,5.140000000000000568e+01,2.995359528233165498e-03,2.817190796806595898e+00,2.817563120951634748e+00,1.864585182800051686e-155
2.000000000000000111e-01,2.580000000000000000e+02,5.160000000000000142e+01,2.979018488134823738e-03,2.817413303356111065e+00,2.817786813123550171e+00,3.612633791675100141e-153
2.000000000000000111e-01,2.590000000000000000e+02,5.180000000000000426e+01,2.962828030871092391e-03,2.817631068939836503e+00,2.818005757806000933e+00,3.513309669718819888e-151
2.000000000000000111e-01,2.600000000000000000e+02,5.200000000000000000e+01,2.946786224383054521e-03,2.817844115937598648e+00,2.818219977365061357e+00,2.286609304039027803e-149
2.000000000000000111e-01,2.610000000000000000e+02,5.220000000000000284e+01,2.930891168473770229e-03,2.818052466677177126e+00,2.818429494116311940e+00,1.120460744119537085e-147
2.000000000000000111e-01,2.620000000000000000e+02,5.240000000000000568e+01,2.915140994165124014e-03,2.818256143430269312e+00,2.818634330321189374e+00,4.409129133386813458e-146
2.000000000000000111e-01,2.630000000000000000e+02,5.260000000000000142e+01,2.899533863070063045e-03,2.818455168411628353e+00,2.818834508186295107e+00,1.451385993148134703e-144
2.000000000000000111e-01,2.640000000000000000e+02,5.280000000000000426e+01,2.884067966779746243e-03,2.818649563777141154e+00,2.819030049860992371e+00,4.110694026927157592e-143
2.000000000000000111e-01,2.650000000000000000e+02,5.300000000000000000e+01,2.868741526265262444e-03,2.818839351620245459e+00,2.819220977434452102e+00,1.022581908603326827e-141
2.000000000000000111e-01,2.660000000000000000e+02,5.320000000000000284e+01,2.853552791293468335e-03,2.819024553972262037e+00,2.819407312935180876e+00,2.269682079264704427e-140
2.000000000000000111e-01,2.670000000000000000e+02,5.340000000000000568e+01,2.838500039856569311e-03,2.819205192799211002e+00,2.819589078328325282e+00,4.550978865293192590e-139
2.000000000000000111e-01,2.680000000000000000e+02,5.360000000000000142e+01,2.823581577615099768e-03,2.819381290000073204e+00,2.819766295513742804e+00,8.326762742326466212e-138
2.000000000000000111e-01,2.690000000000000000e+02,5.380000000000000426e+01,2.808795737353894303e-03,2.819552867406655228e+00,2.819938986325770891e+00,1.401771490769286459e-136
2.000000000000000111e-01,2.700000000000000000e+02,5.400000000000000000e+01,2.794140878450728904e-03,2.819719946779595254e+00,2.820107172529615625e+00,2.186393721615851158e-135
2.000000000000000111e-01,2.710000000000000000e+02,5.420000000000000284e+01,2.779615386357302525e-03,2.819882549808749417e+00,2.820270875820841017e+00,3.178345486012526929e-134
2.000000000000000111e-01,2.720000000000000000e+02,5.440000000000000568e+01,2.765217672092172216e-03,2.820040698111587307e+00,2.820430117824419103e+00,4.328236332869278878e-133
2.000000000000000111e-01,2.730000000000000000e+02,5.460000000000000142e+01,2.750946171745400660e-03,2.820194413230176167e+00,2.820584920092060077e+00,5.546085908228660931e-132
2.000000000000000111e-01,2.740000000000000000e+02,5.480000000000000426e+01,2.736799345994541006e-03,2.820343716631597886e+00,2.820735304101682051e+00,6.713081830789454373e-131
2.000000000000000111e-01,2.750000000000000000e+02,5.500000000000000000e+01,2.722775679631688362e-03,2.820488629706331185e+00,2.820881291255933565e+00,7.702231798707466233e-130
2.000000000000000111e-01,2.760000000000000000e+02,5.520000000000000284e+01,2.708873681101296987e-03,2.820629173766703079e+00,2.821022902881129557e+00,8.402475788941176228e-129
2.000000000000000111e-01,2.770000000000000000e+02,5.540000000000000568e+01,2.695091882048488655e-03,2.820765370045144937e+00,2.821160160225173907e+00,8.739629029282017580e-128
2.000000000000000111e-01,2.780000000000000000e+02,5.560000000000000142e+01,2.681428836877570738e-03,2.820897239693932690e+00,2.821293084457229927e+00,8.688708123490515023e-127
2.000000000000000111e-01,2.790000000000000000e+02,5.580000000000000426e+01,2.667883122320489908e-03,2.821024803784239143e+00,2.821421696666904122e+00,8.275117987291059837e-126
2.000000000000000111e-01,2.800000000000000000e+02,5.600000000000000000e+01,2.654453337014977751e-03,2.821148083304878984e+00,2.821546017862824662e+00,7.565586674192656317e-125
2.000000000000000111e-01,2.810000000000000000e+02,5.620000000000000284e+01,2.641138101092125462e-03,2.821267099160863268e+00,2.821666068971105723e+00,6.652374183449868260e-124
2.000000000000000111e-01,2.820000000000000000e+02,5.640000000000000568e+01,2.627936055773157781e-03,2.821381872173286176e+00,2.821781870835232908e+00,5.635409898358785107e-123
2.000000000000000111e-01,2.830000000000000000e+02,5.660000000000000142e+01,2.614845862975143358e-03,2.821492423077811118e+00,2.821893444214808255e+00,4.606585141847104138e-122
2.000000000000000111e-01,2.840000000000000000e+02,5.680000000000000426e+01,2.601866204925452029e-03,2.821598772523717269e+00,2.822000809784488862e+00,3.638940444793534511e-121
2.000000000000000111e-01,2.850000000000000000e+02,5.700000000000000000e+01,2.588995783784690547e-03,2.821700941074557711e+00,2.822103988134062380e+00,2.781658513121064222e-120
2.000000000000000111e-01,2.860000000000000000e+02,5.720000000000000284e+01,2.576233321277931598e-03,2.821798949206218765e+00,2.822202999767248865e+00,2.060225007078195922e-119
2.000000000000000111e-01,2.870000000000000000e+02,5.740000000000000568e+01,2.563577558334018819e-03,2.821892817305598822e+00,2.822297865099967051e+00,1.480194797080574120e-118
2.000000000000000111e-01,2.880000000000000000e+02,5.760000000000000142e+01,2.551027254732744862e-03,2.821982565671525833e+00,2.822388604460932093e+00,1.032747179044300124e-117
2.000000000000000111e-01,2.890000000000000000e+02,5.780000000000000426e+01,2.538581188759683055e-03,2.822068214513603124e+00,2.822475238091123551e+00,7.004659149563943852e-117
2.000000000000000111e-01,2.900000000000000000e+02,5.800000000000000000e+01,2.526238156868520438e-03,2.822149783951144020e+00,2.822557786142376735e+00,4.622926277411336888e-116
2.000000000000000111e-01,2.910000000000000000e+02,5.820000000000000284e+01,2.513996973350663636e-03,2.822227294012883192e+00,2.822636268677225058e+00,2.971513594899810757e-115
2.000000000000000111e-01,2.920000000000000000e+02,5.840000000000000568e+01,2.501856470011970535e-03,2.822300764637328374e+00,2.822710705668678433e+00,1.861829862582500347e-114
2.000000000000000111e-01,2.930000000000000000e+02,5.860000000000000142e+01,2.489815495856390927e-03,2.822370215671552440e+00,2.822781116999270701e+00,1.138029075639533130e-113
2.000000000000000111e-01,2.940000000000000000e+02,5.880000000000000426e+01,2.477872916776398607e-03,2.822435666869588022e+00,2.822847522460429026e+00,6.791223079464851733e-113
2.000000000000000111e-01,2.950000000000000000e+02,5.900000000000000000e+01,2.466027615249996759e-03,2.822497137894758090e+00,2.822909941753116936e+00,3.959462512797755913e-112
2.000000000000000111e-01,2.960000000000000000e+02,5.920000000000000284e+01,2.454278490044152668e-03,2.822554648317636250e+00,2.822968394486393251e+00,2.256908482878134731e-111
2.000000000000000111e-01,2.970000000000000000e+02,5.940000000000000568e+01,2.442624455924523406e-03,2.822608217616181747e+00,2.823022900178264738e+00,1.258524886824908896e-110
2.000000000000000111e-01,2.980000000000000000e+02,5.960000000000000142e+01,2.431064443371281237e-03,2.822657865174503566e+00,2.823073478253752544e+00,6.869836644974312566e-110
2.000000000000000111e-01,2.990000000000000000e+02,5.980000000000000426e+01,2.419597398300939433e-03,2.822703610283546993e+00,2.823120148045434874e+00,3.673003135798417723e-109
2.000000000000000111e-01,3.000000000000000000e+02,6.000000000000000000e+01,2.408222281793967728e-03,2.822745472141396039e+00,2.823162928794031856e+00,1.924544189019967975e-108
2.000000000000000111e-01,3.010000000000000000e+02,6.020000000000000284e+01,2.396938069828126287e-03,2.822783469851780414e+00,2.823201839646742872e+00,9.887723097520678726e-108
2.000000000000000111e-01,3.020000000000000000e+02,6.040000000000000568e+01,2.385743753017325643e-03,2.822817622425444650e+00,2.823236899658382981e+00,4.983633728849952427e-107
2.000000000000000111e-01,3.030000000000000000e+02,6.060000000000000142e+01,2.374638336355911969e-03,2.822847948778527627e+00,2.823268127790674598e+00,2.465398397723407000e-106
2.000000000000000111e-01,3.040000000000000000e+02,6.080000000000000426e+01,2.363620838968239369e-03,2.822874467732504833e+00,2.823295542911200773e+00,1.197622200186193733e-105
2.000000000000000111e-01,3.050000000000000000e+02,6.100000000000000000e+01,2.352690293863399056e-03,2.822897198015394071e+00,2.823319163794315134e+00,5.715263412152076213e-105
2.000000000000000111e-01,3.060000000000000000e+02,6.120000000000000284e+01,2.341845747694977064e-03,2.822916158260921016e+00,2.823339009121589971e+00,2.680527213127842758e-104
2.000000000000000111e-01,3.070000000000000000e+02,6.140000000000000568e+01,2.331086260525742915e-03,2.822931367008259862e+00,2.823355097480716669e+00,1.236084121520700481e-103
2.000000000000000111e-01,3.080000000000000000e+02,6.160000000000000142e+01,2.320410905597126549e-03,2.822942842702430788e+00,2.823367447365423999e+00,5.606461178341730957e-103
2.000000000000000111e-01,3.090000000000000000e+02,6.180000000000000426e+01,2.309818769103392025e-03,2.822950603694049931e+00,2.823376077176602994e+00,2.502102079614303841e-102
2.000000000000000111e-01,3.100000000000000000e+02,6.200000000000000000e+01,2.299308949970381346e-03,2.822954668239386233e+00,2.823381005220741979e+00,1.099139300683171676e-101
2.000000000000000111e-01,3.110000000000000000e+02,6.220000000000000284e+01,2.288880559638735608e-03,2.822955054500979166e+00,2.823382249711240188e+00,4.754250672124070033e-101
2.000000000000000111e-01,3.120000000000000000e+02,6.240000000000000568e+01,2.278532721851470738e-03,2.822951780546492095e+00,2.823379828768084909e+00,2.025524571555317174e-100
2.000000000000000111e-01,3.130000000000000000e+02,6.260000000000000142e+01,2.268264572445837998e-03,2.822944864349459682e+00,2.823373760417311917e+00,8.502726071845371051e-100
2.000000000000000111e-01,3.140000000000000000e+02,6.280000000000000426e+01,2.258075259149324408e-03,2.822934323790783573e+00,2.823364062592556678e+00,3.517856909277683485e-99
2.000000000000000111e-01,3.150000000000000000e+02,6.300000000000000000e+01,2.247963941379738009e-03,2.822920176656506186e+00,2.823350753133611502e+00,1.434916903243185712e-98
2.000000000000000111e-01,3.160000000000000000e+02,6.320000000000000284e+01,2.237929790049269976e-03,2.822902440638322741e+00,2.823333849786608507e+00,5.772031291539852801e-98
2.000000000000000111e-01,3.170000000000000000e+02,6.340000000000000568e+01,2.227971987372436447e-03,2.822881133335453985e+00,2.823313370205497996e+00,2.290363312531205469e-97
2.000000000000000111e-01,3.180000000000000000e+02,6.360000000000000142e+01,2.218089726677807683e-03,2.822856272253466248e+00,2.823289331951221559e+00,8.967475338726944661e-97
2.000000000000000111e-01,3.190000000000000000e+02,6.380000000000000426e+01,2.208282212223463409e-03,2.822827874804568982e+00,2.823261752491989185e+00,3.465281756852846911e-96
2.000000000000000111e-01,3.200000000000000000e+02,6.400000000000000000e+01,2.198548659016053789e-03,2.822795958308453201e+00,2.823230649203744225e+00,1.321959624650365318e-95
2.000000000000000111e-01,3.210000000000000000e+02,6.420000000000000284e+01,2.188888292633416575e-03,2.822760539991551632e+00,2.823196039369919141e+00,4.979827558269483148e-95
2.000000000000000111e-01,3.220000000000000000e+02,6.440000000000000568e+01,2.179300349050648528e-03,2.822721636987523652e+00,2.823157940181646897e+00,1.852800763548184871e-94
2.000000000000000111e-01,3.230000000000000000e+02,6.460000000000000853e+01,2.169784074469566486e-03,2.822679266338708803e+00,2.823116368738957327e+00,6.810203019073365098e-94
2.000000000000000111e-01,3.240000000000000000e+02,6.479999999999999716e+01,2.160338725151462243e-03,2.822633444994790075e+00,2.823071342049914723e+00,2.473454177132701429e-93
2.000000000000000111e-01,3.250000000000000000e+02,6.500000000000000000e+01,2.150963567253116101e-03,2.822584189813112765e+00,2.823022877030735067e+00,8.878769348894042431e-93
2.000000000000000111e-01,3.260000000000000000e+02,6.520000000000000284e+01,2.141657876665946370e-03,2.822531517560707748e+00,2.822970990507471800e+00,3.150624142305086444e-92
2.000000000000000111e-01,3.270000000000000000e+02,6.540000000000000568e+01,2.132420938858264024e-03,2.822475444912237119e+00,2.822915699214437080e+00,1.105407688820711295e-91
2.000000000000000111e-01,3.280000000000000000e+02,6.560000000000000853e+01,2.123252048720551417e-03,2.822415988452898983e+00,2.822857019796496392e+00,3.835438373232662921e-91
2.000000000000000111e-01,3.290000000000000000e+02,6.579999999999999716e+01,2.114150510413677873e-03,2.822353164676319803e+00,2.822794968807704308e+00,1.316304321163968783e-90
2.000000000000000111e-01,3.300000000000000000e+02,6.600000000000000000e+01,2.105115637220040473e-03,2.822286989984892802e+00,2.822729562711526086e+00,4.469162531954329302e-90
2.000000000000000111e-01,3.310000000000000000e+02,6.620000000000000284e+01,2.096146751397496427e-03,2.822217480693284930e+00,2.822660817883056339e+00,1.501419506128710751e-89
2.000000000000000111e-01,3.320000000000000000e+02,6.640000000000000568e+01,2.087243184036075352e-03,2.822144653025156380e+00,2.822588750607573527e+00,4.991825273337872238e-89
2.000000000000000111e-01,3.330000000000000000e+02,6.660000000000000853e+01,2.078404274917404222e-03,2.822068523114909855e+00,2.822513377081357966e+00,1.642749680011538538e-88
2.000000000000000111e-01,3.340000000000000000e+02,6.679999999999999716e+01,2.069629372376760416e-03,2.821989107008516573e+00,2.822434713411847707e+00,5.351917165482556178e-88
2.000000000000000111e-01,3.350000000000000000e+02,6.700000000000000000e+01,2.060917833167727302e-03,2.821906420663028214e+00,2.822352775618641729e+00,1.726405120535994052e-87
2.000000000000000111e-01,3.360000000000000000e+02,6.720000000000000284e+01,2.052269022329372521e-03,2.821820479947456217e+00,2.822267579633345402e+00,5.514916104737640989e-87
2.000000000000000111e-01,3.370000000000000000e+02,6.740000000000000568e+01,2.043682313055909545e-03,2.821731300642811302e+00,2.822179141299503868e+00,1.744872570497297102e-86
2.000000000000000111e-01,3.380000000000000000e+02,6.760000000000000853e+01,2.035157086568779167e-03,2.821638898443789678e+00,2.822087476374905091e+00,5.468663158718847554e-86
2.000000000000000111e-01,3.390000000000000000e+02,6.779999999999999716e+01,2.026692731991098888e-03,2.821543288956168904e+00,2.821992600528992146e+00,1.698062552596497574e-85
2.000000000000000111e-01,3.400000000000000000e+02,6.800000000000000000e+01,2.018288646224455484e-03,2.821444487699649173e+00,2.821894529344659119e+00,5.224467892201737519e-85
2.000000000000000111e-01,3.410000000000000000e+02,6.820000000000000284e+01,2.009944233827931897e-03,2.821342510109627000e+00,2.821793278320758880e+00,1.592962695886048871e-84
2.000000000000000111e-01,3.420000000000000000e+02,6.840000000000000568e+01,2.001658906899386661e-03,2.821237371532823612e+00,2.821688862868292791e+00,4.813956144471703892e-84
2.000000000000000111e-01,3.430000000000000000e+02,6.860000000000000853e+01,1.993432084958908241e-03,2.821129087231814658e+00,2.821581298313934116e+00,1.442075637193978490e-83
2.000000000000000111e-01,3.440000000000000000e+02,6.879999999999999716e+01,1.985263194834375761e-03,2.821017672385140784e+00,2.821470599900457898e+00,4.282707083764261351e-83
2.000000000000000111e-01,3.450000000000000000e+02,6.900000000000000000e+01,1.977151670549130453e-03,2.820903142084958404e+00,2.821356782784741224e+00,1.261092200666357557e-82
2.000000000000000111e-01,3.460000000000000000e+02,6.920000000000000284e+01,1.969096953211678467e-03,2.820785511339864993e+00,2.821239862039506718e+00,3.682356932464350901e-82
2.000000000000000111e-01,3.470000000000000000e+02,6.940000000000000568e+01,1.961098490907387751e-03,2.820664795075293885e+00,2.821119852655000315e+00,1.066367024248190652e-81
2.000000000000000111e-01,3.480000000000000000e+02,6.960000000000000853e+01,1.953155738592146033e-03,2.820541008132861460e+00,2.820996769538310467e+00,3.062945913184423531e-81
2.000000000000000111e-01,3.490000000000000000e+02,6.979999999999999716e+01,1.945268157987936099e-03,2.820414165271230900e+00,2.820870627512823692e+00,8.727153413318943872e-81
2.000000000000000111e-01,3.500000000000000000e+02,7.000000000000000000e+01,1.937435217480282853e-03,2.820284281166682394e+00,2.820741441319844611e+00,2.466915678063306447e-80
2.000000000000000111e-01,3.510000000000000000e+02,7.020000000000000284e+01,1.929656392017540687e-03,2.820151370413663372e+00,2.820609225619248761e+00,6.918804916276036664e-80
2.000000000000000111e-01,3.520000000000000000e+02,7.040000000000000568e+01,1.921931163011975866e-03,2.820015447524907515e+00,2.820473994989021183e+00,1.925522430532349266e-79
2.000000000000000111e-01,3.530000000000000000e+02,7.060000000000000853e+01,1.914259018242616588e-03,2.819876526931764271e+00,2.820335763926177908e+00,5.318037762520432511e-79
2.000000000000000111e-01,3.540000000000000000e+02,7.079999999999999716e+01,1.906639451759823464e-03,2.819734622985289541e+00,2.820194546847104800e+00,1.457750615575552915e-78
2.000000000000000111e-01,3.550000000000000000e+02,7.100000000000000000e+01,1.899071963791551998e-03,2.819589749956166180e+00,2.820050358088133535e+00,3.966310675171452005e-78
2.000000000000000111e-01,3.560000000000000000e+02,7.120000000000000284e+01,1.891556060651271949e-03,2.819441922035208492e+00,2.819903211906028773e+00,1.071281689605429667e-77
2.000000000000000111e-01,3.570000000000000000e+02,7.140000000000000568e+01,1.884091254647507138e-03,2.819291153333925770e+00,2.819753122477578700e+00,2.872598850581169898e-77
2.000000000000000111e-01,3.580000000000000000e+02,7.160000000000000853e+01,1.876677063994965132e-03,2.819137457884728803e+00,2.819600103901235943e+00,7.647872809504506368e-77
2.000000000000000111e-01,3.590000000000000000e+02,7.179999999999999716e+01,1.869313012727224057e-03,2.818980849642184872e+00,2.819444170197413335e+00,2.021807926020011050e-76
2.000000000000000111e-01,3.600000000000000000e+02,7.200000000000000000e+01,1.861998630610940111e-03,2.818821342482752623e+00,2.819285335308149065e+00,5.307757524903310892e-76
2.000000000000000111e-01,3.610000000000000000e+02,7.220000000000000284e+01,1.854733453061558008e-03,2.818658950204298463e+00,2.819123613097369141e+00,1.383858821431129687e-75
2.000000000000000111e-01,3.620000000000000000e+02,7.240000000000000568e+01,1.847517021060482260e-03,2.818493686528672715e+00,2.818959017352862695e+00,3.583594449199942121e-75
2.000000000000000111e-01,3.630000000000000000e+02,7.260000000000000853e+01,1.840348881073676154e-03,2.818325565101324592e+00,2.818791561785736199e+00,9.217822967494637155e-75
2.000000000000000111e-01,3.640000000000000000e+02,7.279999999999999716e+01,1.833228584971679067e-03,2.818154599490649392e+00,2.818621260030388598e+00,2.355351188437073631e-74
2.000000000000000111e-01,3.650000000000000000e+02,7.300000000000000000e+01,1.826155689950995737e-03,2.817980803189746197e+00,2.818448125645734770e+00,5.979094775758577957e-74
2.000000000000000111e-01,3.660000000000000000e+02,7.320000000000000284e+01,1.819129758456836240e-03,2.817804189616875732e+00,2.818272172115931173e+00,1.508001043657751753e-73
2.000000000000000111e-01,3.670000000000000000e+02,7.340000000000000568e+01,1.812150358107180413e-03,2.817624772114758258e+00,2.818093412849454804e+00,3.779093179016565387e-73
2.000000000000000111e-01,3.680000000000000000e+02,7.360000000000000853e+01,1.805217061618145718e-03,2.817442563952337498e+00,2.817911861181075839e+00,9.410787866021215758e-73
2.000000000000000111e-01,3.690000000000000000e+02,7.379999999999999716e+01,1.798329446730615377e-03,2.817257578324463996e+00,2.817727530371516131e+00,2.328889263042603521e-72
2.000000000000000111e-01,3.700000000000000000e+02,7.400000000000000000e+01,1.791487096138129819e-03,2.817069828352710914e+00,2.817540433607813810e+00,5.727796779457594840e-72
2.000000000000000111e-01,3.710000000000000000e+02,7.420000000000000284e+01,1.784689597415983113e-03,2.816879327085953566e+00,2.817350584004265190e+00,1.400145323388894400e-71
2.000000000000000111e-01,3.720000000000000000e+02,7.440000000000000568e+01,1.777936542951535654e-03,2.816686087499642888e+00,2.817157994602348836e+00,3.402010461167655067e-71
2.000000000000000111e-01,3.730000000000000000e+02,7.460000000000000853e+01,1.771227529875690635e-03,2.816490122497590676e+00,2.816962678371638162e+00,8.216841266686938811e-71
2.000000000000000111e-01,3.740000000000000000e+02,7.479999999999999716e+01,1.764562159995528446e-03,2.816291444913069153e+00,2.816764648210154043e+00,1.972922517988415860e-70
2.000000000000000111e-01,3.750000000000000000e+02,7.500000000000000000e+01,1.757940039728063007e-03,2.816090067507036832e+00,2.816563916944522017e+00,4.709552761761180263e-70
2.000000000000000111e-01,3.760000000000000000e+02,7.520000000000000284e+01,1.751360780035125450e-03,2.815886002968910340e+00,2.816360497329687629e+00,1.117742886311473369e-69
2.000000000000000111e-01,3.770000000000000000e+02,7.540000000000000568e+01,1.744823996359314011e-03,2.815679263920280118e+00,2.816154402052126748e+00,2.637693770129572259e-69
2.000000000000000111e-01,3.780000000000000000e+02,7.560000000000000853e+01,1.738329308561015543e-03,2.815469862912043375e+00,2.815945643727958192e+00,6.189479823018701259e-69
2.000000000000000111e-01,3.790000000000000000e+02,7.579999999999999716e+01,1.731876340856482611e-03,2.815257812424295292e+00,2.815734234902246502e+00,1.444301544592063172e-68
2.000000000000000111e-01,3.800000000000000000e+02,7.600000000000000000e+01,1.725464721756928433e-03,2.815043124870046487e+00,2.815520188052757611e+00,3.351673496469964711e-68
2.000000000000000111e-01,3.810000000000000000e+02,7.620000000000000284e+01,1.719094084008620377e-03,2.814825812593121146e+00,2.815303515588175820e+00,7.735552579415220750e-68
2.000000000000000111e-01,3.820000000000000000e+02,7.640000000000000568e+01,1.712764064533979372e-03,2.814605887868837364e+00,2.815084229848764608e+00,1.775710016302800358e-67
2.000000000000000111e-01,3.830000000000000000e+02,7.660000000000000853e+01,1.706474304373626922e-03,2.814383362906127672e+00,2.814862343107717546e+00,4.054419050195792724e-67
2.000000000000000111e-01,3.840000000000000000e+02,7.680000000000001137e+01,1.700224448629394664e-03,2.814158249846008264e+00,2.814637867570398466e+00,9.208428262682022647e-67
2.000000000000000111e-01,3.850000000000000000e+02,7.700000000000000000e+01,1.694014146408261579e-03,2.813930560763383326e+00,2.814410815376151564e+00,2.080494899077581430e-66
2.000000000000000111e-01,3.860000000000000000e+02,7.720000000000000284e+01,1.687843050767203227e-03,2.813700307666257672e+00,2.814181198597047295e+00,4.676227736470622957e-66
2.000000000000000111e-01,3.870000000000000000e+02,7.740000000000000568e+01,1.681710818658945427e-03,2.813467502496839856e+00,2.813949029239259936e+00,1.045672509358821467e-65
2.000000000000000111e-01,3.880000000000000000e+02,7.760000000000000853e+01,1.675617110878587467e-03,2.813232157132955713e+00,2.813714319244318141e+00,2.326427744399617735e-65
2.000000000000000111e-01,3.890000000000000000e+02,7.780000000000001137e+01,1.669561592011095273e-03,2.812994283386338612e+00,2.813477080488006710e+00,5.149910876194004837e-65
2.000000000000000111e-01,3.900000000000000000e+02,7.800000000000000000e+01,1.663543930379645036e-03,2.812753893004941386e+00,2.813237324781598492e+00,1.134352894913433041e-64
2.000000000000000111e-01,3.910000000000000000e+02,7.820000000000000284e+01,1.657563797994787355e-03,2.812510997672679203e+00,2.812995063872125723e+00,2.486318033969376687e-64
2.000000000000000111e-01,3.920000000000000000e+02,7.840000000000000568e+01,1.651620870504441878e-03,2.812265609009268807e+00,2.812750309442872076e+00,5.423086752696397074e-64
2.000000000000000111e-01,3.930000000000000000e+02,7.860000000000000853e+01,1.645714827144681251e-03,2.812017738571620296e+00,2.812503073113675089e+00,1.177168971817998379e-63
2.000000000000000111e-01,3.940000000000000000e+02,7.880000000000001137e+01,1.639845350691309126e-03,2.811767397853679906e+00,2.812253366441163749e+00,2.543045412749568974e-63
2.000000000000000111e-01,3.950000000000000000e+02,7.900000000000000000e+01,1.634012127412204710e-03,2.811514598287131239e+00,2.812001200920107635e+00,5.467802574309528354e-63
2.000000000000000111e-01,3.960000000000000000e+02,7.920000000000000284e+01,1.628214847020429063e-03,2.811259351241647941e+00,2.811746587982349332e+00,1.170132278374963807e-62
2.000000000000000111e-01,3.970000000000000000e+02,7.940000000000000568e+01,1.622453202628071703e-03,2.811001668025950639e+00,2.811489538998419579e+00,2.492529065663300497e-62
2.000000000000000111e-01,3.980000000000000000e+02,7.960000000000000853e+01,1.616726890700828168e-03,2.810741559886411611e+00,2.811230065277653623e+00,5.285037174990364713e-62
2.000000000000000111e-01,3.990000000000000000e+02,7.980000000000001137e+01,1.611035611013300964e-03,2.810479038009739750e+00,2.810968178068248946e+00,1.115520386959647354e-61
2.000000000000000111e-01,4.000000000000000000e+02,8.000000000000000000e+01,1.605379066604988329e-03,2.810214113521603885e+00,2.810703888557791075e+00,2.343945130568712508e-61
2.000000000000000111e-01,4.010000000000000000e+02,8.020000000000000284e+01,1.599756963736987270e-03,2.809946797487830494e+00,2.810437207873591969e+00,4.903163346420939077e-61
2.000000000000000111e-01,4.020000000000000000e+02,8.040000000000000568e+01,1.594169011849348424e-03,2.809677100916204484e+00,2.810168147084358026e+00,1.021133492171454758e-60
2.000000000000000111e-01,4.030000000000000000e+02,8.060000000000000853e+01,1.588614923519118295e-03,2.809405034753726937e+00,2.809896717198614891e+00,2.117307279809077145e-60
2.000000000000000111e-01,4.040000000000000000e+02,8.080000000000001137e+01,1.583094414419027041e-03,2.809130609889145092e+00,2.809622929165639160e+00,4.371174812553950279e-60
2.000000000000000111e-01,4.050000000000000000e+02,8.100000000000000000e+01,1.577607203276818739e-03,2.808853837152990973e+00,2.809346793876843051e+00,8.985511720808182815e-60
2.000000000000000111e-01,4.060000000000000000e+02,8.120000000000000284e+01,1.572153011835213977e-03,2.808574727318079667e+00,2.809068322165400478e+00,1.839225558579004705e-59
2.000000000000000111e-01,4.070000000000000000e+02,8.140000000000000568e+01,1.566731564812490207e-03,2.808293291099794420e+00,2.808787524806971803e+00,3.748794563170321296e-59
2.000000000000000111e-01,4.080000000000000000e+02,8.160000000000000853e+01,1.561342589863672949e-03,2.808009539156123946e+00,2.808504412519420512e+00,7.609032567484906498e-59
2.000000000000000111e-01,4.090000000000000000e+02,8.180000000000001137e+01,1.555985817542323733e-03,2.807723482088270384e+00,2.808218995963617903e+00,1.538030118143401153e-58
2.000000000000000111e-01,4.100000000000000000e+02,8.200000000000000000e+01,1.550660981262915253e-03,2.807435130441429116e+00,2.807931285744384109e+00,3.096093286332259062e-58
2.000000000000000111e-01,4.110000000000000000e+02,8.220000000000000284e+01,1.545367817263781571e-03,2.807144494704604476e+00,2.807641292410153255e+00,6.207160976059754720e-58
2.000000000000000111e-01,4.120000000000000000e+02,8.240000000000000568e+01,1.540106064570638620e-03,2.806851585311092467e+00,2.807349026453383800e+00,1.239417139772767351e-57
2.000000000000000111e-01,4.130000000000000000e+02,8.260000000000000853e+01,1.534875464960656997e-03,2.806556412639938269e+00,2.807054498311183810e+00,2.464921127141633590e-57
2.000000000000000111e-01,4.140000000000000000e+02,8.280000000000001137e+01,1.529675762927081625e-03,2.806258987014015105e+00,2.806757718365408216e+00,4.882754630883725605e-57
2.000000000000000111e-01,4.150000000000000000e+02,8.300000000000000000e+01,1.524506705644396989e-03,2.805959318702206051e+00,2.806458696943531450e+00,9.634256548047771313e-57
2.000000000000000111e-01,4.160000000000000000e+02,8.320000000000000284e+01,1.519368042934004766e-03,2.805657417920201180e+00,2.806157444318842398e+00,1.893554567834536016e-56
2.000000000000000111e-01,4.170000000000000000e+02,8.340000000000000568e+01,1.514259527230433795e-03,2.805353294828168753e+00,2.805853970709512257e+00,3.707305948242467660e-56
2.000000000000000111e-01,4.180000000000000000e+02,8.360000000000000853e+01,1.509180913548055503e-03,2.805046959535147710e+00,2.805548286282128156e+00,7.230602496208867302e-56
2.000000000000000111e-01,4.190000000000000000e+02,8.380000000000001137e+01,1.504131959448289178e-03,2.804738422096114459e+00,2.805240401148811014e+00,1.404883377884779819e-55
2.000000000000000111e-01,4.200000000000000000e+02,8.400000000000000000e+01,1.499112425007322015e-03,2.804427692512154291e+00,2.804930325367744892e+00,2.719379807681884894e-55
2.000000000000000111e-01,4.210000000000000000e+02,8.420000000000000284e+01,1.494122072784290168e-03,2.804114780733979462e+00,2.804618068946443721e+00,5.244174779548292794e-55
2.000000000000000111e-01,4.220000000000000000e+02,8.440000000000000568e+01,1.489160667789945960e-03,2.803799696660237206e+00,2.804303641840065087e+00,1.007571424843799311e-54
2.000000000000000111e-01,4.230000000000000000e+02,8.460000000000000853e+01,1.484227977455788256e-03,2.803482450137307236e+00,2.803987053950908859e+00,1.928765546472489820e-54
2.000000000000000111e-01,4.240000000000000000e+02,8.480000000000001137e+01,1.479323771603657323e-03,2.803163050959927016e+00,2.803668315129683730e+00,3.678758570943662827e-54
2.000000000000000111e-01,4.250000000000000000e+02,8.500000000000000000e+01,1.474447822415773978e-03,2.802841508873341159e+00,2.803347435177700131e+00,6.991245367264263494e-54
2.000000000000000111e-01,4.260000000000000000e+02,8.520000000000000284e+01,1.469599904405222406e-03,2.802517833571333661e+00,2.803024423843959667e+00,1.323890907334214075e-53
2.000000000000000111e-01,4.270000000000000000e+02,8.540000000000000568e+01,1.464779794386876412e-03,2.802192034697320366e+00,2.802699290826772049e+00,2.498084174447147252e-53
2.000000000000000111e-01,4.280000000000000000e+02,8.560000000000000853e+01,1.459987271448743521e-03,2.801864121846768363e+00,2.802372045776338361e+00,4.697121565048893929e-53
2.000000000000000111e-01,4.290000000000000000e+02,8.580000000000001137e+01,1.455222116923733438e-03,2.801534104562808380e+00,2.802042698290760914e+00,8.801139020765086895e-53
2.000000000000000111e-01,4.300000000000000000e+02,8.600000000000000000e+01,1.450484114361853252e-03,2.801201992340521141e+00,2.801711257919341502e+00,1.643389980906893983e-52
2.000000000000000111e-01,4.310000000000000000e+02,8.620000000000000284e+01,1.445773049502782973e-03,2.800867794627794893e+00,2.801377734163741806e+00,3.058082713221935657e-52
2.000000000000000111e-01,4.320000000000000000e+02,8.640000000000000568e+01,1.441088710248876080e-03,2.800531520821671894e+00,2.801042136474627853e+00,5.671222288769609614e-52
2.000000000000000111e-01,4.330000000000000000e+02,8.660000000000000853e+01,1.436430886638541708e-03,2.800193180272537052e+00,2.800704474255869769e+00,1.048177468920946318e-51
2.000000000000000111e-01,4.340000000000000000e+02,8.680000000000001137e+01,1.431799370820012159e-03,2.799852782282882924e+00,2.800364756862932847e+00,1.930791532222022179e-51
2.000000000000000111e-01,4.350000000000000000e+02,8.700000000000000000e+01,1.427193957025497256e-03,2.799510336106001418e+00,2.800022993602080845e+00,3.544785226629323817e-51
2.000000000000000111e-01,4.360000000000000000e+02,8.720000000000000284e+01,1.422614441545711232e-03,2.799165850949727474e+00,2.799679193733801696e+00,6.486491610988846183e-51
2.000000000000000111e-01,4.370000000000000000e+02,8.740000000000000568e+01,1.418060622704757183e-03,2.798819335975179623e+00,2.799333366471036921e+00,1.183059154257545780e-50
2.000000000000000111e-01,4.380000000000000000e+02,8.760000000000000853e+01,1.413532300835388398e-03,2.798470800295079997e+00,2.798985520978740205e+00,2.150754597670520784e-50
2.000000000000000111e-01,4.390000000000000000e+02,8.780000000000001137e+01,1.409029278254616191e-03,2.798120252978046452e+00,2.798635666376959819e+00,3.897391702951705491e-50
2.000000000000000111e-01,4.400000000000000000e+02,8.800000000000000000e+01,1.404551359239663384e-03,2.797767703045029197e+00,2.798283811738130566e+00,7.039906822699434010e-50
2.000000000000000111e-01,4.410000000000000000e+02,8.820000000000000284e+01,1.400098350004278175e-03,2.797413159472142308e+00,2.797929966089091280e+00,1.267593937442089103e-49
2.000000000000000111e-01,4.420000000000000000e+02,8.840000000000000568e+01,1.395670058675361341e-03,2.797056631190830256e+00,2.797574138412237232e+00,2.275225162567435801e-49
2.000000000000000111e-01,4.430000000000000000e+02,8.860000000000000853e+01,1.391266295269951445e-03,2.796698127085779362e+00,2.797216337642356887e+00,4.071084039605138850e-49
2.000000000000000111e-01,4.440000000000000000e+02,8.880000000000001137e+01,1.386886871672519256e-03,2.796337655998198723e+00,2.796856572670977759e+00,7.261854691454495252e-49
2.000000000000000111e-01,4.450000000000000000e+02,8.900000000000000000e+01,1.382531601612592420e-03,2.795975226724932927e+00,2.796494852344928894e+00,1.291359206946414807e-48
2.000000000000000111e-01,4.460000000000000000e+02,8.920000000000000284e+01,1.378200300642691946e-03,2.795610848018024175e+00,2.796131185465279945e+00,2.289384259809285319e-48
2.000000000000000111e-01,4.470000000000000000e+02,8.940000000000000568e+01,1.373892786116587012e-03,2.795244528586410926e+00,2.795765580789973725e+00,4.046433629191498538e-48
2.000000000000000111e-01,4.480000000000000000e+02,8.960000000000000853e+01,1.369608877167844676e-03,2.794876277094195061e+00,2.795398047032234601e+00,7.130469236968499138e-48
2.000000000000000111e-01,4.490000000000000000e+02,8.980000000000001137e+01,1.365348394688698560e-03,2.794506102163198058e+00,2.795028592862843109e+00,1.252753155057761968e-47
2.000000000000000111e-01,4.500000000000000000e+02,9.000000000000000000e+01,1.361111161309189231e-03,2.794134012373438392e+00,2.794657226909159409e+00,2.194442654595592566e-47
2.000000000000000111e-01,4.510000000000000000e+02,9.020000000000000284e+01,1.356897001376620527e-03,2.793760016259329237e+00,2.794283957754062353e+00,3.832691139616267649e-47
2.000000000000000111e-01,4.520000000000000000e+02,9.040000000000000568e+01,1.352705740935290822e-03,2.793384122314969353e+00,2.793908793939071877e+00,6.674422165556023843e-47
2.000000000000000111e-01,4.530000000000000000e+02,9.060000000000000853e+01,1.348537207706503385e-03,2.793006338992735760e+00,2.793531743963199254e+00,1.158945695021723966e-46
2.000000000000000111e-01,4.540000000000000000e+02,9.080000000000001137e+01,1.344391231068862947e-03,2.792626674701329748e+00,2.793152816282903572e+00,2.006602074762137781e-46
2.000000000000000111e-01,4.550000000000000000e+02,9.100000000000000000e+01,1.340267642038843769e-03,2.792245137808197164e+00,2.792772019312334653e+00,3.464314182346002019e-46
2.000000000000000111e-01,4.560000000000000000e+02,9.120000000000000284e+01,1.336166273251622027e-03,2.791861736641136460e+00,2.792389361424576943e+00,5.964034065325845210e-46
2.000000000000000111e-01,4.570000000000000000e+02,9.140000000000000568e+01,1.332086958942173618e-03,2.791476479485913043e+00,2.792004850951862682e+00,1.023855506522156482e-45
2.000000000000000111e-01,4.580000000000000000e+02,9.160000000000000853e+01,1.328029534926639544e-03,2.791089374586500416e+00,2.791618496184129494e+00,1.752757035235686083e-45
2.000000000000000111e-01,4.590000000000000000e+02,9.180000000000001137e+01,1.323993838583940440e-03,2.790700430147902811e+00,2.791230305371185771e+00,2.992250476389690370e-45
2.000000000000000111e-01,4.600000000000000000e+02,9.200000000000000000e+01,1.319979708837643083e-03,2.790309654334434342e+00,2.790840286722408692e+00,5.094199329184081419e-45
2.000000000000000111e-01,4.610000000000000000e+02,9.220000000000000284e+01,1.315986986138081242e-03,2.789917055269635959e+00,2.790448448406153137e+00,8.648965771409868974e-45
2.000000000000000111e-01,4.620000000000000000e+02,9.240000000000000568e+01,1.312015512444715711e-03,2.789522641039175799e+00,2.790054798552124016e+00,1.464438283189551722e-44
2.000000000000000111e-01,4.630000000000000000e+02,9.260000000000000853e+01,1.308065131208732430e-03,2.789126419687457226e+00,2.789659345248554079e+00,2.472890715936269508e-44
2.000000000000000111e-01,4.640000000000000000e+02,9.280000000000001137e+01,1.304135687355890191e-03,2.788728399219202014e+00,2.789262096544483427e+00,4.164606210000569935e-44
2.000000000000000111e-01,4.650000000000000000e+02,9.300000000000000000e+01,1.300227027269584531e-03,2.788328587602128650e+00,2.788863060450578857e+00,6.994976363531109943e-44
2.000000000000000111e-01,4.660000000000000000e+02,9.320000000000000284e+01,1.296338998774151019e-03,2.787926992764897083e+00,2.788462244938203938e+00,1.171790263646819402e-43
2.000000000000000111e-01,4.670000000000000000e+02,9.340000000000000568e+01,1.292471451118390804e-03,2.787523622596808970e+00,2.788059657939464309e+00,1.957820136214179284e-43
2.000000000000000111e-01,4.680000000000000000e+02,9.360000000000000853e+01,1.288624234959323414e-03,2.787118484948883257e+00,2.787655307347886247e+00,3.262592472075266716e-43
2.000000000000000111e-01,4.690000000000000000e+02,9.380000000000001137e+01,1.284797202346150968e-03,2.786711587635240850e+00,2.787249201019524225e+00,5.422852330034232322e-43
2.000000000000000111e-01,4.700000000000000000e+02,9.400000000000000000e+01,1.280990206704442054e-03,2.786302938431722165e+00,2.786841346771437689e+00,8.990323715184639230e-43
2.000000000000000111e-01,4.710000000000000000e+02,9.420000000000000284e+01,1.277203102820527892e-03,2.785892545076814830e+00,2.786431752383534466e+00,1.486664924446257246e-42
2.000000000000000111e-01,4.720000000000000000e+02,9.440000000000000568e+01,1.273435746826105143e-03,2.785480415270515042e+00,2.786020425597556027e+00,2.452158874780032115e-42
2.000000000000000111e-01,4.730000000000000000e+02,9.460000000000000853e+01,1.269687996183050142e-03,2.785066556677136873e+00,2.785607374117781365e+00,4.034496182271365072e-42
2.000000000000000111e-01,4.740000000000000000e+02,9.480000000000001137e+01,1.265959709668422646e-03,2.784650976925064469e+00,2.785192605612786476e+00,6.621289545554979395e-42
2.000000000000000111e-01,4.750000000000000000e+02,9.500000000000000000e+01,1.262250747359683171e-03,2.784233683604791842e+00,2.784776127712998317e+00,1.083966129164373652e-41
2.000000000000000111e-01,4.760000000000000000e+02,9.520000000000000284e+01,1.258560970620098115e-03,2.783814684270442985e+00,2.784357948012436967e+00,1.770173861832909327e-41
2.000000000000000111e-01,4.770000000000000000e+02,9.540000000000000568e+01,1.254890242084343065e-03,2.783393986440372725e+00,2.783938074068961654e+00,2.883701864390581581e-41
2.000000000000000111e-01,4.780000000000000000e+02,9.560000000000000853e+01,1.251238425644290433e-03,2.782971597597466928e+00,2.783516513403718307e+00,4.686256809707280782e-41
2.000000000000000111e-01,4.790000000000000000e+02,9.580000000000001137e+01,1.247605386434990282e-03,2.782547525188717064e+00,2.783093273502720510e+00,7.597139457887567711e-41
2.000000000000000111e-01,4.800000000000000000e+02,9.600000000000000000e+01,1.243990990820831571e-03,2.782121776624946641e+00,2.782668361815163305e+00,1.228653224425000439e-40
2.000000000000000111e-01,4.810000000000000000e+02,9.620000000000000284e+01,1.240395106381890532e-03,2.781694359283068074e+00,2.782241785755722674e+00,1.982305636518861752e-40
2.000000000000000111e-01,4.820000000000000000e+02,9.640000000000000568e+01,1.236817601900447317e-03,2.781265280504940041e+00,2.781813552703455539e+00,3.190661670576138991e-40
2.000000000000000111e-01,4.830000000000000000e+02,9.660000000000000853e+01,1.233258347347693240e-03,2.780834547596769291e+00,2.781383670002398389e+00,5.123496654256258933e-40
2.000000000000000111e-01,4.840000000000000000e+02,9.680000000000001137e+01,1.229717213870599362e-03,2.780402167831307114e+00,2.780952144961850170e+00,8.207943671164335346e-40
2.000000000000000111e-01,4.850000000000000000e+02,9.700000000000000000e+01,1.226194073778963303e-03,2.779968148445201237e+00,2.780518984855222087e+00,1.311870800071515993e-39
2.000000000000000111e-01,4.860000000000000000e+02,9.720000000000000284e+01,1.222688800532624551e-03,2.779532496643118744e+00,2.780084196923519269e+00,2.091910330584249304e-39
2.000000000000000111e-01,4.870000000000000000e+02,9.740000000000000568e+01,1.219201268728835677e-03,2.779095219595155264e+00,2.779647788372160644e+00,3.328103412635914970e-39
2.000000000000000111e-01,4.880000000000000000e+02,9.760000000000000853e+01,1.215731354089814170e-03,2.778656324437018377e+00,2.779209766372496837e+00,5.282733383282529502e-39
2.000000000000000111e-01,4.890000000000000000e+02,9.780000000000001137e+01,1.212278933450438049e-03,2.778215818271793758e+00,2.778770138063214379e+00,8.366330664561294248e-39
2.000000000000000111e-01,4.900000000000000000e+02,9.800000000000000000e+01,1.208843884746113422e-03,2.777773708168921107e+00,2.778328910548446107e+00,1.322001865987890649e-38
2.000000000000000111e-01,4.910000000000000000e+02,9.820000000000000284e+01,1.205426087000787978e-03,2.777330001164339812e+00,2.777886090898790794e+00,2.084279788329412400e-38
2.000000000000000111e-01,4.920000000000000000e+02,9.840000000000000568e+01,1.202025420315128851e-03,2.776884704261924242e+00,2.777441686152076539e+00,3.278785511317856466e-38
2.000000000000000111e-01,4.930000000000000000e+02,9.860000000000000853e+01,1.198641765854838604e-03,2.776437824433387824e+00,2.776995703313455799e+00,5.146466069719036944e-38
2.000000000000000111e-01,4.940000000000000000e+02,9.880000000000001137e+01,1.195275005839134931e-03,2.775989368616669672e+00,2.776548149354940431e+00,8.060284156085611939e-38
2.000000000000000111e-01,4.950000000000000000e+02,9.900000000000000000e+01,1.191925023529367619e-03,2.775539343718417040e+00,2.776099031215812918e+00,1.259629088297169522e-37
2.000000000000000111e-01,4.960000000000000000e+02,9.920000000000000284e+01,1.188591703217784911e-03,2.775087756611833267e+00,2.775648355802501577e+00,1.964228459575962995e-37
2.000000000000000111e-01,4.970000000000000000e+02,9.940000000000000568e+01,1.185274930216444070e-03,2.774634614139589228e+00,2.775196129990370686e+00,3.056357485058210053e-37
2.000000000000000111e-01,4.980000000000000000e+02,9.960000000000000853e+01,1.181974590846254867e-03,2.774179923112802815e+00,2.774742360621975212e+00,4.745532149989639164e-37
2.000000000000000111e-01,4.990000000000000000e+02,9.980000000000001137e+01,1.178690572426172685e-03,2.773723690310512247e+00,2.774287054508348671e+00,7.352584783675352658e-37
2.000000000000000111e-01,5.000000000000000000e+02,1.000000000000000000e+02,1.175422763262519129e-03,2.773265922480763646e+00,2.773830218429098160e+00,1.136776769790049062e-36
2.000000000000000111e-01,5.010000000000000000e+02,1.002000000000000028e+02,1.172171052638444448e-03,2.772806626339278768e+00,2.773371859131165795e+00,1.753864307837040161e-36
2.000000000000000111e-01,5.020000000000000000e+02,1.004000000000000057e+02,1.168935330803519195e-03,2.772345808573581927e+00,2.772911983332520869e+00,2.700275093229457387e-36
2.000000000000000111e-01,5.030000000000000000e+02,1.006000000000000085e+02,1.165715488963451002e-03,2.771883475838585742e+00,2.772450597718244314e+00,4.148745258677570630e-36
2.000000000000000111e-01,5.040000000000000000e+02,1.008000000000000114e+02,1.162511419269946856e-03,2.771419634756863370e+00,2.771987708941589190e+00,6.361034205703373149e-36
2.000000000000000111e-01,5.050000000000000000e+02,1.010000000000000000e+02,1.159323014810685528e-03,2.770954291925094015e+00,2.771523323628632074e+00,9.732990745927675740e-36
2.000000000000000111e-01,5.060000000000000000e+02,1.012000000000000028e+02,1.156150169599417729e-03,2.770487453906657294e+00,2.771057448372305387e+00,1.486202102548614961e-35
2.000000000000000111e-01,5.070000000000000000e+02,1.014000000000000057e+02,1.152992778566204815e-03,2.770019127234217837e+00,2.770590089734282557e+00,2.264788898985558124e-35
2.000000000000000111e-01,5.080000000000000000e+02,1.016000000000000085e+02,1.149850737547758331e-03,2.769549318413755845e+00,2.770121254248883336e+00,3.444301366496162494e-35
2.000000000000000111e-01,5.090000000000000000e+02,1.018000000000000114e+02,1.146723943277911609e-03,2.769078033919523563e+00,2.769650948418981518e+00,5.227611882851409165e-35
2.000000000000000111e-01,5.100000000000000000e+02,1.020000000000000000e+02,1.143612293378209327e-03,2.768605280195660878e+00,2.769179178716942413e+00,7.918437138260916925e-35
2.000000000000000111e-01,5.110000000000000000e+02,1.022000000000000028e+02,1.140515686348610473e-03,2.768131063658968660e+00,2.768705951587056457e+00,1.197056572170273457e-34
2.000000000000000111e-01,5.120000000000000000e+02,1.024000000000000057e+02,1.137434021558303421e-03,nan,nan,1.806067662210998008e-34
4.000000000000000222e-01,0.000000000000000000e+00,0.000000000000000000e+00,1.000000000000000000e+00,nan,nan,0.000000000000000000e+00
4.000000000000000222e-01,1.000000000000000000e+00,4.000000000000000222e-01,6.000000000000010880e-01,9.999999999999953371e-01,9.999999999999964473e-01,0.000000000000000000e+00
4.000000000000000222e-01,2.000000000000000000e+00,8.000000000000000444e-01,4.000000000000016320e-01,1.554340820312492211e+00,1.554340820312491322e+00,0.000000000000000000e+00
4.000000000000000222e-01,3.000000000000000000e+00,1.200000000000000178e+00,2.891318359375013580e-01,1.849539173036196305e+00,1.849539434310424335e+00,0.000000000000000000e+00
4.000000000000000222e-01,4.000000000000000000e+00,1.600000000000000089e+00,2.217464477539071721e-01,2.013024227450449732e+00,2.013025926318829484e+00,0.000000000000000000e+00
4.000000000000000222e-01,5.000000000000000000e+00,2.000000000000000000e+00,1.775365930175787366e-01,2.113145705402658336e+00,2.113150521401549575e+00,0.000000000000000000e+00
4.000000000000000222e-01,6.000000000000000000e+00,2.400000000000000355e+00,1.467143099365239567e-01,2.182077415220511796e+00,2.182086647855210337e+00,0.000000000000000000e+00
4.000000000000000222e-01,7.000000000000000000e+00,2.800000000000000266e+00,1.241795959838868646e-01,2.234273451443875569e+00,2.234287719863565336e+00,0.000000000000000000e+00
4.000000000000000222e-01,8.000000000000000000e+00,3.200000000000000178e+00,1.070784278625489666e-01,2.276387589715014315e+00,2.276407025791685967e+00,0.000000000000000000e+00
4.000000000000000222e-01,9.000000000000000000e+00,3.600000000000000089e+00,9.371059544482425452e-02,2.311742856755613751e+00,2.311767395525829549e+00,0.000000000000000000e+00
4.000000000000000222e-01,1.000000000000000000e+01,4.000000000000000000e+00,8.300789457122811910e-02,2.342192918704833371e+00,2.342222489811131680e+00,0.000000000000000000e+00
4.000000000000000222e-01,1.100000000000000000e+01,4.400000000000000355e+00,7.426854515869146800e-02,2.368886245821942182e+00,2.368920846696159987e+00,0.000000000000000000e+00
4.000000000000000222e-01,1.200000000000000000e+01,4.800000000000000711e+00,6.701391865089811883e-02,2.392593239896749324e+00,2.392632933866657208e+00,0.000000000000000000e+00
4.000000000000000222e-01,1.300000000000000000e+01,5.200000000000000178e+00,6.090712443009733967e-02,2.413859495803807320e+00,2.413904378884343949e+00,0.000000000000000000e+00
4.000000000000000222e-01,1.400000000000000000e+01,5.600000000000000533e+00,5.570459244569084950e-02,2.433086353622908593e+00,2.433136517392926024e+00,0.000000000000000000e+00
4.000000000000000222e-01,1.500000000000000000e+01,6.000000000000000000e+00,5.122611845054475532e-02,2.450577955323727686e+00,2.450633458466576986e+00,0.000000000000000000e+00
4.000000000000000222e-01,1.600000000000000000e+01,6.400000000000000355e+00,4.733568600491037948e-02,2.466570887465003192e+00,2.466631739322950878e+00,0.000000000000000000e+00
4.000000000000000222e-01,1.700000000000000000e+01,6.800000000000000711e+00,4.392881688567622234e-02,2.481253719300064553e+00,2.481319874245106583e+00,0.000000000000000000e+00
4.000000000000000222e-01,1.800000000000000000e+01,7.200000000000000178e+00,4.092400716479063782e-02,2.494780209937007776e+00,2.494851569716700634e+00,0.000000000000000000e+00
4.000000000000000222e-01,1.900000000000000000e+01,7.600000000000000533e+00,3.825679448645177838e-02,2.507278369844201382e+00,2.507354790919462229e+00,0.000000000000000000e+00
4.000000000000000222e-01,2.000000000000000000e+01,8.000000000000000000e+00,3.587556330608245719e-02,2.518856746080425424e+00,2.518938049466123097e+00,0.000000000000000000e+00
4.000000000000000222e-01,2.100000000000000000e+01,8.400000000000000355e+00,3.373852425380372000e-02,2.529608827978620855e+00,2.529694809764535979e+00,0.000000000000000000e+00
4.000000000000000222e-01,2.200000000000000000e+01,8.800000000000000711e+00,3.181150288725423381e-02,2.539616173030111224e+00,2.539706614385155437e+00,0.000000000000000000e+00
4.000000000000000222e-01,2.300000000000000000e+01,9.200000000000001066e+00,3.006629665285531425e-02,2.548950657705380429e+00,2.549045333671800417e+00,0.000000000000000000e+00
4.000000000000000222e-01,2.400000000000000000e+01,9.600000000000001421e+00,2.847943738168638023e-02,2.557676127295974489e+00,2.557774814050453038e+00,0.000000000000000000e+00
4.000000000000000222e-01,2.500000000000000000e+01,1.000000000000000000e+01,2.703124760660698817e-02,2.565849630651445334e+00,2.565952111161577953e+00,0.000000000000000000e+00
4.000000000000000222e-01,2.600000000000000000e+01,1.040000000000000036e+01,2.570511271418796789e-02,2.573522365995389638e+00,2.573628434158057754e+00,0.000000000000000000e+00
4.000000000000000222e-01,2.700000000000000000e+01,1.080000000000000071e+01,2.448691366466871147e-02,2.580740423601230571e+00,2.580849887037624413e+00,0.000000000000000000e+00
4.000000000000000222e-01,2.800000000000000000e+01,1.120000000000000107e+01,2.336458056812708295e-02,2.587545383765876394e+00,2.587658065487687509e+00,0.000000000000000000e+00
4.000000000000000222e-01,2.900000000000000000e+01,1.160000000000000142e+01,2.232773821493002839e-02,2.593974810014765708e+00,2.594090549183962757e+00,0.000000000000000000e+00
4.000000000000000222e-01,3.000000000000000000e+01,1.200000000000000000e+01,2.136742227522596058e-02,2.600062664941401369e+00,2.600181316933684261e+00,0.000000000000000000e+00
4.000000000000000222e-01,3.100000000000000000e+01,1.240000000000000036e+01,2.047585031813495271e-02,2.605839667596323572e+00,2.605961103555784142e+00,0.000000000000000000e+00
4.000000000000000222e-01,3.200000000000000000e+01,1.280000000000000071e+01,1.964623572726593298e-02,2.611333605583111783e+00,2.611457711627228839e+00,0.000000000000000000e+00
4.000000000000000222e-01,3.300000000000000000e+01,1.320000000000000107e+01,1.887263545632816841e-02,2.616569611109135440e+00,2.616696287314395963e+00,0.000000000000000000e+00
4.000000000000000222e-01,3.400000000000000000e+01,1.360000000000000142e+01,1.814982468433959731e-02,2.621570407580549045e+00,2.621699566851549257e+00,0.000000000000000000e+00
4.000000000000000222e-01,3.500000000000000000e+01,1.400000000000000000e+01,1.747319300646817813e-02,2.626356531518372783e+00,2.626488098418475747e+00,0.000000000000000000e+00
4.000000000000000222e-01,3.600000000000000000e+01,1.440000000000000036e+01,1.683865798208191572e-02,2.630946533335065229e+00,2.631080442935195052e+00,0.000000000000000000e+00
4.000000000000000222e-01,3.700000000000000000e+01,1.480000000000000071e+01,1.624259276080225467e-02,2.635357159660854709e+00,2.635493356445568036e+00,0.000000000000000000e+00
4.000000000000000222e-01,3.800000000000000000e+01,1.520000000000000107e+01,1.568176519495662405e-02,2.639603519322443415e+00,2.639741956178021542e+00,0.000000000000000000e+00
4.000000000000000222e-01,3.900000000000000000e+01,1.560000000000000142e+01,1.515328637664973589e-02,2.643699234667794329e+00,2.643839871965975696e+00,0.000000000000000000e+00
4.000000000000000222e-01,4.000000000000000000e+01,1.600000000000000000e+01,1.465456694888865423e-02,2.647656579642168495e+00,2.647799384424714297e+00,0.000000000000000000e+00
4.000000000000000222e-01,4.100000000000000000e+01,1.640000000000000213e+01,1.418327986154894332e-02,2.651486605813305086e+00,2.651631551076326865e+00,0.000000000000000000e+00
4.000000000000000222e-01,4.200000000000000000e+01,1.680000000000000071e+01,1.373732849573259043e-02,2.655199257388225931e+00,2.655346321461449666e+00,0.000000000000000000e+00
4.000000000000000222e-01,4.300000000000000000e+01,1.719999999999999929e+01,1.331481928011162691e-02,2.658803476150446432e+00,2.658952642163304070e+00,0.000000000000000000e+00
4.000000000000000222e-01,4.400000000000000000e+01,1.760000000000000142e+01,1.291403808209827010e-02,2.662307297153683638e+00,2.662458552578815141e+00,0.000000000000000000e+00
4.000000000000000222e-01,4.500000000000000000e+01,1.800000000000000000e+01,1.253342978416410909e-02,2.665717935931711136e+00,2.665871272195928121e+00,0.000000000000000000e+00
4.000000000000000222e-01,4.600000000000000000e+01,1.840000000000000213e+01,1.217158055822300383e-02,2.669041867922238076e+00,2.669197280074778966e+00,0.000000000000000000e+00
4.000000000000000222e-01,4.700000000000000000e+01,1.880000000000000071e+01,1.182720243397529340e-02,2.672284900748192360e+00,2.672442387176650946e+00,0.000000000000000000e+00
4.000000000000000222e-01,4.800000000000000000e+01,1.920000000000000284e+01,1.149911982455482408e-02,2.675452239949113409e+00,2.675611802134041373e+00,0.000000000000000000e+00
4.000000000000000222e-01,4.900000000000000000e+01,1.960000000000000142e+01,1.118625772789095044e-02,2.678548548709419830e+00,2.678710191009619379e+00,0.000000000000000000e+00
4.000000000000000222e-01,5.000000000000000000e+01,2.000000000000000000e+01,1.088763136736029674e-02,2.681578002092407154e+00,2.681741731554030395e+00,0.000000000000000000e+00
4.000000000000000222e-01,5.100000000000000000e+01,2.040000000000000213e+01,1.060233707249885748e-02,2.684544336246897256e+00,2.684710162430247848e+00,0.000000000000000000e+00
4.000000000000000222e-01,5.200000000000000000e+01,2.080000000000000071e+01,1.032954423130231017e-02,2.687450893019496689e+00,2.687618827838416991e+00,0.000000000000000000e+00
4.000000000000000222e-01,5.300000000000000000e+01,2.120000000000000284e+01,1.006848817117390014e-02,2.690300660371114372e+00,2.690470717941182421e+00,0.000000000000000000e+00
4.000000000000000222e-01,5.400000000000000000e+01,2.160000000000000142e+01,9.818463846852349894e-03,2.693096308965221120e+00,2.693268505457346418e+00,0.000000000000000000e+00
4.000000000000000222e-01,5.500000000000000000e+01,2.200000000000000000e+01,9.578820231439334754e-03,2.695840225265999646e+00,2.696014578762835345e+00,0.000000000000000000e+00
4.000000000000000222e-01,5.600000000000000000e+01,2.240000000000000213e+01,9.348955321570423874e-03,2.698534541457060509e+00,2.698711071810771411e+00,0.000000000000000000e+00
4.000000000000000222e-01,5.700000000000000000e+01,2.280000000000000071e+01,9.128311680335824199e-03,2.701181162465817742e+00,2.701359891155748372e+00,0.000000000000000000e+00
4.000000000000000222e-01,5.800000000000000000e+01,2.320000000000000284e+01,8.916372452166216461e-03,2.703781790354968795e+00,2.703962740344485916e+00,0.000000000000000000e+00
4.000000000000000222e-01,5.900000000000000000e+01,2.360000000000000142e+01,8.712657792884277719e-03,2.706337946321354160e+00,2.706521141913387662e+00,0.000000000000000000e+00
4.000000000000000222e-01,6.000000000000000000e+01,2.400000000000000000e+01,8.516721665756128712e-03,2.708850990519604096e+00,2.709036457211284166e+00,0.000000000000000000e+00
4.000000000000000222e-01,6.100000000000000000e+01,2.440000000000000213e+01,8.328148960879890039e-03,2.711322139912863971e+00,2.711509904248817548e+00,0.000000000000000000e+00
4.000000000000000222e-01,6.200000000000000000e+01,2.480000000000000071e+01,8.146552900803244110e-03,2.713752484332431880e+00,2.713942573757703869e+00,0.000000000000000000e+00
4.000000000000000222e-01,6.300000000000000000e+01,2.520000000000000284e+01,7.971572700020206417e-03,2.716143000913071148e+00,2.716335443625952806e+00,0.000000000000000000e+00
4.000000000000000222e-01,6.400000000000000000e+01,2.560000000000000142e+01,7.802871450082139379e-03,2.718494567057809785e+00,2.718689391862967764e+00,0.000000000000000000e+00
4.000000000000000222e-01,6.500000000000000000e+01,2.600000000000000000e+01,7.640134205574912810e-03,2.720807972068738589e+00,2.721005208231943140e+00,0.000000000000000000e+00
4.000000000000000222e-01,6.600000000000000000e+01,2.640000000000000213e+01,7.483066249248242728e-03,2.723083927572648832e+00,2.723283604676926206e+00,0.000000000000000000e+00
4.000000000000000222e-01,6.700000000000000000e+01,2.680000000000000071e+01,7.331391517206894103e-03,2.725323076854859750e+00,2.725525224659685275e+00,0.000000000000000000e+00
4.000000000000000222e-01,6.800000000000000000e+01,2.720000000000000284e+01,7.184851167348214190e-03,2.727526003206349525e+00,2.727730651509863602e+00,0.000000000000000000e+00
4.000000000000000222e-01,6.900000000000000000e+01,2.760000000000000142e+01,7.043202276205280145e-03,2.729693237380680149e+00,2.729900415885708309e+00,0.000000000000000000e+00
4.000000000000000222e-01,7.000000000000000000e+01,2.800000000000000000e+01,6.906216651074855231e-03,2.731825264244996720e+00,2.732035002429823223e+00,0.000000000000000000e+00
4.000000000000000222e-01,7.100000000000000000e+01,2.840000000000000213e+01,6.773679745808769241e-03,2.733922528705880595e+00,2.734134855699807964e+00,0.000000000000000000e+00
4.000000000000000222e-01,7.200000000000000000e+01,2.880000000000000071e+01,6.645389669957878914e-03,2.735985440980301497e+00,2.736200385444869543e+00,0.000000000000000000e+00
4.000000000000000222e-01,7.300000000000000000e+01,2.920000000000000284e+01,6.521156282105357478e-03,2.738014381276527409e+00,2.738231971292380162e+00,0.000000000000000000e+00
4.000000000000000222e-01,7.400000000000000000e+01,2.960000000000000142e+01,6.400800359232450970e-03,2.740009703944633390e+00,2.740229966904744519e+00,0.000000000000000000e+00
4.000000000000000222e-01,7.500000000000000000e+01,3.000000000000000000e+01,6.284152834844422206e-03,2.741971741148595765e+00,2.742194703658107358e+00,0.000000000000000000e+00
4.000000000000000222e-01,7.600000000000000000e+01,3.040000000000000213e+01,6.171054099363087672e-03,2.743900806109783375e+00,2.744126493892254715e+00,0.000000000000000000e+00
4.000000000000000222e-01,7.700000000000000000e+01,3.080000000000000071e+01,6.061353356978771423e-03,2.745797195964640558e+00,2.746025633775424080e+00,0.000000000000000000e+00
4.000000000000000222e-01,7.800000000000000000e+01,3.120000000000000284e+01,5.954908033761228264e-03,2.747661194275521357e+00,2.747892405822039308e+00,0.000000000000000000e+00
4.000000000000000222e-01,7.900000000000000000e+01,3.160000000000000142e+01,5.851583232365370479e-03,2.749493073233804985e+00,2.749727081102624648e+00,0.000000000000000000e+00
4.000000000000000222e-01,8.000000000000000000e+01,3.200000000000000000e+01,5.751251229143004677e-03,2.751293095583518422e+00,2.751529921174706850e+00,0.000000000000000000e+00
4.000000000000000222e-01,8.100000000000000000e+01,3.239999999999999858e+01,5.653791009894028330e-03,2.753061516296552824e+00,2.753301179764755080e+00,0.000000000000000000e+00
4.000000000000000222e-01,8.200000000000000000e+01,3.280000000000000426e+01,5.559087840864946999e-03,2.754798584028503861e+00,2.755041104230963711e+00,0.000000000000000000e+00
4.000000000000000222e-01,8.300000000000000000e+01,3.320000000000000284e+01,5.467032871936652362e-03,2.756504542374763833e+00,2.756749936826060399e+00,0.000000000000000000e+00
4.000000000000000222e-01,8.400000000000000000e+01,3.360000000000000142e+01,5.377522769240783949e-03,2.758179630951036021e+00,2.758427915784252171e+00,0.000000000000000000e+00
4.000000000000000222e-01,8.500000000000000000e+01,3.400000000000000000e+01,5.290459374709326895e-03,2.759824086317507419e+00,2.760075276252022203e+00,0.000000000000000000e+00
4.000000000000000222e-01,8.600000000000000000e+01,3.439999999999999858e+01,5.205749390299524437e-03,2.761438142764317760e+00,2.761692251079560734e+00,0.000000000000000000e+00
4.000000000000000222e-01,8.700000000000000000e+01,3.480000000000000426e+01,5.123304084848336222e-03,2.763022032973171616e+00,2.763279071488242700e+00,0.000000000000000000e+00
4.000000000000000222e-01,8.800000000000000000e+01,3.520000000000000284e+01,5.043039021701163464e-03,2.764575988570536325e+00,2.764835967629734270e+00,0.000000000000000000e+00
4.000000000000000222e-01,8.900000000000000000e+01,3.560000000000000142e+01,4.964873805429935276e-03,2.766100240584875358e+00,2.766363169048500659e+00,0.000000000000000000e+00
4.000000000000000222e-01,9.000000000000000000e+01,3.600000000000000000e+01,4.888731846109328760e-03,2.767595019818325230e+00,2.767860905058618037e+00,0.000000000000000000e+00
4.000000000000000222e-01,9.100000000000000000e+01,3.639999999999999858e+01,4.814540139757497207e-03,2.769060557145607948e+00,2.769329405047667336e+00,0.000000000000000000e+00
4.000000000000000222e-01,9.200000000000000000e+01,3.680000000000000426e+01,4.742229063672001414e-03,2.770497083746501055e+00,2.770768898713695361e+00,0.000000000000000000e+00
4.000000000000000222e-01,9.300000000000000000e+01,3.720000000000000284e+01,4.671732185503571326e-03,2.771904831282779647e+00,2.772179616246452039e+00,0.000000000000000000e+00
4.000000000000000222e-01,9.400000000000000000e+01,3.760000000000000142e+01,4.602986085011177668e-03,2.773284032025008727e+00,2.773561788458317245e+00,0.000000000000000000e+00
4.000000000000000222e-01,9.500000000000000000e+01,3.800000000000000000e+01,4.535930187533413795e-03,2.774634918937278982e+00,2.774915646872609276e+00,0.000000000000000000e+00
4.000000000000000222e-01,9.600000000000000000e+01,3.840000000000000568e+01,4.470506608293367892e-03,2.775957725724690128e+00,2.776241423774697292e+00,0.000000000000000000e+00
4.000000000000000222e-01,9.700000000000000000e+01,3.880000000000000426e+01,4.406660006729296551e-03,2.777252686849230212e+00,2.777539352231131353e+00,0.000000000000000000e+00
4.000000000000000222e-01,9.800000000000000000e+01,3.920000000000000284e+01,4.344337450110687636e-03,2.778520037520952446e+00,2.778809666083245311e+00,0.000000000000000000e+00
4.000000000000000222e-01,9.900000000000000000e+01,3.960000000000000142e+01,4.283488285761079956e-03,2.779760013663328255e+00,2.780052599915710410e+00,0.000000000000000000e+00
4.000000000000000222e-01,1.000000000000000000e+02,4.000000000000000000e+01,4.224064021264688391e-03,2.780972851861518880e+00,2.781268389007093056e+00,0.000000000000000000e+00
4.000000000000000222e-01,1.010000000000000000e+02,4.040000000000000568e+01,4.166018212084459001e-03,2.782158789295755774e+00,2.782457269265051547e+00,0.000000000000000000e+00
4.000000000000000222e-01,1.020000000000000000e+02,4.080000000000000426e+01,4.109306356065510479e-03,2.783318063660266350e+00,2.783619477147601273e+00,0.000000000000000000e+00
4.000000000000000222e-01,1.030000000000000000e+02,4.120000000000000284e+01,4.053885794339840559e-03,2.784450913072778810e+00,2.784755249574020652e+00,0.000000000000000000e+00
4.000000000000000222e-01,1.040000000000000000e+02,4.160000000000000142e+01,3.999715618186458661e-03,2.785557575976798095e+00,2.785864823828705816e+00,0.000000000000000000e+00
4.000000000000000222e-01,1.050000000000000000e+02,4.200000000000000000e+01,3.946756581436071214e-03,2.786638291036577453e+00,2.786948437457264394e+00,0.000000000000000000e+00
4.000000000000000222e-01,1.060000000000000000e+02,4.240000000000000568e+01,3.894971018041407454e-03,2.787693297028115413e+00,2.788006328158940672e+00,0.000000000000000000e+00
4.000000000000000222e-01,1.070000000000000000e+02,4.280000000000000426e+01,3.844322764463308905e-03,2.788722832728628642e+00,2.789038733676618698e+00,0.000000000000000000e+00
4.000000000000000222e-01,1.080000000000000000e+02,4.320000000000000284e+01,3.794777086549470328e-03,2.789727136803163532e+00,2.790045891684017842e+00,0.000000000000000000e+00
4.000000000000000222e-01,1.090000000000000000e+02,4.360000000000000142e+01,3.746300610607143124e-03,2.790706447690491476e+00,2.791028039672624583e+00,0.000000000000000000e+00
4.000000000000000222e-01,1.100000000000000000e+02,4.400000000000000000e+01,3.698861258393431987e-03,2.791661003491244131e+00,2.791985414839769586e+00,0.000000000000000000e+00
4.000000000000000222e-01,1.110000000000000000e+02,4.440000000000000568e+01,3.652428185767311354e-03,2.792591041855893685e+00,2.792918253977031640e+00,0.000000000000000000e+00
4.000000000000000222e-01,1.120000000000000000e+02,4.480000000000000426e+01,3.606971724766443090e-03,2.793496799875041514e+00,2.793826793360626226e+00,0.000000000000000000e+00
4.000000000000000222e-01,1.130000000000000000e+02,4.520000000000000284e+01,3.562463328888964761e-03,2.794378513973208022e+00,2.794711268645026170e+00,0.000000000000000000e+00
4.000000000000000222e-01,1.140000000000000000e+02,4.560000000000000142e+01,3.518875521376489159e-03,2.795236419804596917e+00,2.795571914758790300e+00,0.000000000000000000e+00
4.000000000000000222e-01,1.150000000000000000e+02,4.600000000000000000e+01,3.476181846309048511e-03,2.796070752152805206e+00,2.796408965803915514e+00,0.000000000000000000e+00
4.000000000000000222e-01,1.160000000000000000e+02,4.640000000000000568e+01,3.434356822336234651e-03,2.796881744834629480e+00,2.797222654959287347e+00,0.000000000000000000e+00
4.000000000000000222e-01,1.170000000000000000e+02,4.680000000000000426e+01,3.393375898881113330e-03,2.797669630607217517e+00,2.798013214387406578e+00,0.000000000000000000e+00
4.000000000000000222e-01,1.180000000000000000e+02,4.720000000000000284e+01,3.353215414665002524e-03,2.798434641079891261e+00,2.798780875145813862e+00,0.000000000000000000e+00
4.000000000000000222e-01,1.190000000000000000e+02,4.760000000000000142e+01,3.313852558411608130e-03,2.799177006630269027e+00,2.799525867102332644e+00,0.000000000000000000e+00
4.000000000000000222e-01,1.200000000000000000e+02,4.800000000000000000e+01,3.275265331598879292e-03,2.799896956324273045e+00,2.800248418854785371e+00,0.000000000000000000e+00
4.000000000000000222e-01,1.210000000000000000e+02,4.840000000000000568e+01,3.237432513135790526e-03,2.800594717841809800e+00,2.800948757655812305e+00,0.000000000000000000e+00
4.000000000000000222e-01,1.220000000000000000e+02,4.880000000000000426e+01,3.200333625849644328e-03,2.801270517405685112e+00,2.801627109340796284e+00,0.000000000000000000e+00
4.000000000000000222e-01,1.230000000000000000e+02,4.920000000000000284e+01,3.163948904677145891e-03,2.801924579715342034e+00,2.802283698261259115e+00,0.000000000000000000e+00
4.000000000000000222e-01,1.240000000000000000e+02,4.960000000000000142e+01,3.128259266459576613e-03,2.802557127885453969e+00,2.802918747221999851e+00,0.000000000000000000e+00
4.000000000000000222e-01,1.250000000000000000e+02,5.000000000000000000e+01,3.093246281249000668e-03,2.803168383387857787e+00,2.803532477422811198e+00,0.000000000000000000e+00
4.000000000000000222e-01,1.260000000000000000e+02,5.040000000000000568e+01,3.058892145038542495e-03,2.803758565998782259e+00,2.804125108404512456e+00,0.000000000000000000e+00
4.000000000000000222e-01,1.270000000000000000e+02,5.080000000000000426e+01,3.025179653835364125e-03,2.804327893750878875e+00,2.804696857999561921e+00,0.000000000000000000e+00
4.000000000000000222e-01,1.280000000000000000e+02,5.120000000000000284e+01,2.992092179000289433e-03,2.804876582886492109e+00,2.805247942285051810e+00,0.000000000000000000e+00
4.000000000000000222e-01,1.290000000000000000e+02,5.160000000000000142e+01,2.959613643782897478e-03,2.805404847817400515e+00,2.805778575541362230e+00,0.000000000000000000e+00
4.000000000000000222e-01,1.300000000000000000e+02,5.200000000000000000e+01,2.927728500985288945e-03,2.805912901087766809e+00,2.806288970213964173e+00,0.000000000000000000e+00
4.000000000000000222e-01,1.310000000000000000e+02,5.240000000000000568e+01,2.896421711692151544e-03,2.806400953340715265e+00,2.806779336878717057e+00,0.000000000000000000e+00
4.000000000000000222e-01,1.320000000000000000e+02,5.280000000000000426e+01,2.865678725008421763e-03,2.806869213288261999e+00,2.807249884211384661e+00,0.000000000000000000e+00
4.000000000000000222e-01,1.330000000000000000e+02,5.320000000000000284e+01,2.835485458749717469e-03,2.807317887684245949e+00,2.807700818959434574e+00,0.000000000000000000e+00
4.000000000000000222e-01,1.340000000000000000e+02,5.360000000000000142e+01,2.805828281033860474e-03,2.807747181301324613e+00,2.808132345917652373e+00,0.000000000000000000e+00
4.000000000000000222e-01,1.350000000000000000e+02,5.400000000000000000e+01,2.776693992725177453e-03,2.808157296910891887e+00,2.808544667907325376e+00,0.000000000000000000e+00
4.000000000000000222e-01,1.360000000000000000e+02,5.440000000000000568e+01,2.748069810686009761e-03,2.808548435265847854e+00,2.808937985758140243e+00,0.000000000000000000e+00
4.000000000000000222e-01,1.370000000000000000e+02,5.480000000000000426e+01,2.719943351792798725e-03,2.808920795085453559e+00,2.809312498291938187e+00,0.000000000000000000e+00
4.000000000000000222e-01,1.380000000000000000e+02,5.520000000000000284e+01,2.692302617676482594e-03,2.809274573044370005e+00,2.809668402310809388e+00,0.000000000000000000e+00
4.000000000000000222e-01,1.390000000000000000e+02,5.560000000000000142e+01,2.665135980149470167e-03,2.809609963762991658e+00,2.810005892586422416e+00,0.000000000000000000e+00
4.000000000000000222e-01,1.400000000000000000e+02,5.600000000000000000e+01,2.638432167283596280e-03,2.809927159800802876e+00,2.810325161852420539e+00,0.000000000000000000e+00
4.000000000000000222e-01,1.410000000000000000e+02,5.640000000000000568e+01,2.612180250105596794e-03,2.810226351651751386e+00,2.810626400798972746e+00,0.000000000000000000e+00
4.000000000000000222e-01,1.420000000000000000e+02,5.680000000000000426e+01,2.586369629878553650e-03,2.810507727742166839e+00,2.810909798069680221e+00,0.000000000000000000e+00
4.000000000000000222e-01,1.430000000000000000e+02,5.720000000000000284e+01,2.560990025939601563e-03,2.810771474429316186e+00,2.811175540259540639e+00,0.000000000000000000e+00
4.000000000000000222e-01,1.440000000000000000e+02,5.760000000000000142e+01,2.536031464065903115e-03,2.811017776004620661e+00,2.811423811916702764e+00,0.000000000000000000e+00
4.000000000000000222e-01,1.450000000000000000e+02,5.800000000000000000e+01,2.511484265342405191e-03,2.811246814695923746e+00,2.811654795544312524e+00,0.000000000000000000e+00
4.000000000000000222e-01,1.460000000000000000e+02,5.840000000000000568e+01,2.487339035506573679e-03,2.811458770671763752e+00,2.811868671604105696e+00,0.000000000000000000e+00
4.000000000000000222e-01,1.470000000000000000e+02,5.880000000000000426e+01,2.463586654746451748e-03,2.811653822049867024e+00,2.812065618523447608e+00,0.000000000000000000e+00
4.000000000000000222e-01,1.480000000000000000e+02,5.920000000000000284e+01,2.440218267929914440e-03,2.811832144903449571e+00,2.812245812701504644e+00,0.000000000000000000e+00
4.000000000000000222e-01,1.490000000000000000e+02,5.960000000000000142e+01,2.417225275244114235e-03,2.811993913271059409e+00,2.812409428517943510e+00,0.000000000000000000e+00
4.000000000000000222e-01,1.500000000000000000e+02,6.000000000000000000e+01,2.394599323225274096e-03,2.812139299167581541e+00,2.812556638343142623e+00,0.000000000000000000e+00
4.000000000000000222e-01,1.510000000000000000e+02,6.040000000000000568e+01,2.372332296160101651e-03,2.812268472595389479e+00,2.812687612549062521e+00,0.000000000000000000e+00
4.000000000000000222e-01,1.520000000000000000e+02,6.080000000000000426e+01,2.350416307841096068e-03,2.812381601557676358e+00,2.812802519521140798e+00,0.000000000000000000e+00
4.000000000000000222e-01,1.530000000000000000e+02,6.120000000000000284e+01,2.328843693658960712e-03,2.812478852072302526e+00,2.812901525672031777e+00,0.000000000000000000e+00
4.000000000000000222e-01,1.540000000000000000e+02,6.160000000000000142e+01,2.307607003016274010e-03,2.812560388185572524e+00,2.812984795454500198e+00,0.000000000000000000e+00
4.000000000000000222e-01,1.550000000000000000e+02,6.200000000000000000e+01,2.286698992047381512e-03,2.812626371988925289e+00,2.813052491377399988e+00,0.000000000000000000e+00
4.000000000000000222e-01,1.560000000000000000e+02,6.240000000000000568e+01,2.266112616630254917e-03,2.812676963635186045e+00,2.813104774021534915e+00,0.000000000000000000e+00
4.000000000000000222e-01,1.570000000000000000e+02,6.280000000000000426e+01,2.245841025676875279e-03,2.812712321354734701e+00,2.813141802054988094e+00,0.000000000000000000e+00
4.000000000000000222e-01,1.580000000000000000e+02,6.320000000000000284e+01,2.225877554689329428e-03,2.812732601474102090e+00,2.813163732250989479e+00,0.000000000000000000e+00
4.000000000000000222e-01,1.590000000000000000e+02,6.360000000000000142e+01,2.206215719569507364e-03,2.812737958433559893e+00,2.813170719505200701e+00,0.000000000000000000e+00
4.000000000000000222e-01,1.600000000000000000e+02,6.400000000000000000e+01,2.186849210670927142e-03,2.812728544805902064e+00,2.813162916854141660e+00,0.000000000000000000e+00
4.000000000000000222e-01,1.610000000000000000e+02,6.440000000000000568e+01,2.167771887081755035e-03,2.812704511316208134e+00,2.813140475493819181e+00,0.000000000000000000e+00
4.000000000000000222e-01,1.620000000000000000e+02,6.479999999999999716e+01,2.148977771128695452e-03,2.812666006860656598e+00,2.813103544798360112e+00,0.000000000000000000e+00
4.000000000000000222e-01,1.630000000000000000e+02,6.520000000000000284e+01,2.130461043091922552e-03,2.812613178526468527e+00,2.813052272339687132e+00,0.000000000000000000e+00
4.000000000000000222e-01,1.640000000000000000e+02,6.560000000000000853e+01,2.112216036121716389e-03,2.812546171612688717e+00,2.812986803907471689e+00,0.000000000000000000e+00
4.000000000000000222e-01,1.650000000000000000e+02,6.600000000000000000e+01,2.094237231347940466e-03,2.812465129650540518e+00,2.812907283528844893e+00,0.000000000000000000e+00
4.000000000000000222e-01,1.660000000000000000e+02,6.640000000000000568e+01,2.076519253173946845e-03,2.812370194423556402e+00,2.812813853488713711e+00,0.000000000000000000e+00
4.000000000000000222e-01,1.670000000000000000e+02,6.679999999999999716e+01,2.059056864746897867e-03,2.812261505988895571e+00,2.812706654350181523e+00,0.000000000000000000e+00
4.000000000000000222e-01,1.680000000000000000e+02,6.720000000000000284e+01,2.041844963596881665e-03,2.812139202698477281e+00,2.812585824975213367e+00,0.000000000000000000e+00
4.000000000000000222e-01,1.690000000000000000e+02,6.760000000000000853e+01,2.024878577437592888e-03,2.812003421219557708e+00,2.812451502545220361e+00,0.000000000000000000e+00
4.000000000000000222e-01,1.700000000000000000e+02,6.800000000000000000e+01,2.008152860121682239e-03,2.811854296556268284e+00,2.812303822581917245e+00,0.000000000000000000e+00
4.000000000000000222e-01,1.710000000000000000e+02,6.840000000000000568e+01,1.991663087744211056e-03,2.811691962071196205e+00,2.812142918968428607e+00,0.000000000000000000e+00
4.000000000000000222e-01,1.720000000000000000e+02,6.879999999999999716e+01,1.975404654887972893e-03,2.811516549506131835e+00,2.811968923969680123e+00,0.000000000000000000e+00
4.000000000000000222e-01,1.730000000000000000e+02,6.920000000000000284e+01,1.959373071004740213e-03,2.811328189003366340e+00,2.811781968254022601e+00,0.000000000000000000e+00
4.000000000000000222e-01,1.740000000000000000e+02,6.960000000000000853e+01,1.943563956926760636e-03,2.811127009127222465e+00,2.811582180913414053e+00,0.000000000000000000e+00
4.000000000000000222e-01,1.750000000000000000e+02,7.000000000000000000e+01,1.927973041503113806e-03,2.810913136884723329e+00,2.811369689484366052e+00,0.000000000000000000e+00
4.000000000000000222e-01,1.760000000000000000e+02,7.040000000000000568e+01,1.912596158355785213e-03,2.810686697747502460e+00,2.811144619969709435e+00,0.000000000000000000e+00
4.000000000000000222e-01,1.770000000000000000e+02,7.079999999999999716e+01,1.897429242750536642e-03,2.810447815672171501e+00,2.810907096857960141e+00,0.000000000000000000e+00
4.000000000000000222e-01,1.780000000000000000e+02,7.120000000000000284e+01,1.882468328577927875e-03,2.810196613121441978e+00,2.810657243144828232e+00,0.000000000000000000e+00
4.000000000000000222e-01,1.790000000000000000e+02,7.160000000000000853e+01,1.867709545439985661e-03,2.809933211084572946e+00,2.810395180353151723e+00,0.000000000000000000e+00
4.000000000000000222e-01,1.800000000000000000e+02,7.200000000000000000e+01,1.853149115838310631e-03,2.809657729098951506e+00,2.810121028554196432e+00,0.000000000000000000e+00
4.000000000000000222e-01,1.810000000000000000e+02,7.240000000000000568e+01,1.838783352459496786e-03,2.809370285270020418e+00,2.809834906387232323e+00,0.000000000000000000e+00
4.000000000000000222e-01,1.820000000000000000e+02,7.279999999999999716e+01,1.824608655554062556e-03,2.809070996290288225e+00,2.809536931078478350e+00,0.000000000000000000e+00
4.000000000000000222e-01,1.830000000000000000e+02,7.320000000000000284e+01,1.810621510405116931e-03,2.808759977462422786e+00,2.809227218463943299e+00,0.000000000000000000e+00
4.000000000000000222e-01,1.840000000000000000e+02,7.360000000000000853e+01,1.796818484883251328e-03,2.808437342717110763e+00,2.808905883007047688e+00,0.000000000000000000e+00
4.000000000000000222e-01,1.850000000000000000e+02,7.400000000000000000e+01,1.783196227084298978e-03,2.808103204632419025e+00,2.808573037817610807e+00,0.000000000000000000e+00
4.000000000000000222e-01,1.860000000000000000e+02,7.440000000000000568e+01,1.769751463046689930e-03,2.807757674455665597e+00,2.808228794673507167e+00,0.000000000000000000e+00
4.000000000000000222e-01,1.870000000000000000e+02,7.479999999999999716e+01,1.756480994545328621e-03,2.807400862120913665e+00,2.807873264038350136e+00,0.000000000000000000e+00
4.000000000000000222e-01,1.880000000000000000e+02,7.520000000000000284e+01,1.743381696959066642e-03,2.807032876267730792e+00,2.807506555079815058e+00,0.000000000000000000e+00
4.000000000000000222e-01,1.890000000000000000e+02,7.560000000000000853e+01,1.730450517208905609e-03,2.806653824262273833e+00,2.807128775690196587e+00,0.000000000000000000e+00
4.000000000000000222e-01,1.900000000000000000e+02,7.600000000000000000e+01,1.717684471764246512e-03,2.806263812214209619e+00,2.806740032503783233e+00,0.000000000000000000e+00
4.000000000000000222e-01,1.910000000000000000e+02,7.640000000000000568e+01,1.705080644714619892e-03,2.805862944996092789e+00,2.806340430915478912e+00,0.000000000000000000e+00
4.000000000000000222e-01,1.920000000000000000e+02,7.680000000000001137e+01,1.692636185904378447e-03,2.805451326260811840e+00,2.805930075098406640e+00,0.000000000000000000e+00
4.000000000000000222e-01,1.930000000000000000e+02,7.720000000000000284e+01,1.680348309128044471e-03,2.805029058459571178e+00,2.805509068022090879e+00,0.000000000000000000e+00
4.000000000000000222e-01,1.940000000000000000e+02,7.760000000000000853e+01,1.668214290383976525e-03,2.804596242861453703e+00,2.805077511470852158e+00,0.000000000000000000e+00
4.000000000000000222e-01,1.950000000000000000e+02,7.800000000000000000e+01,1.656231466184236809e-03,2.804152979568752535e+00,2.804635506059875549e+00,0.000000000000000000e+00
4.000000000000000222e-01,1.960000000000000000e+02,7.840000000000000568e+01,1.644397231918560878e-03,2.803699367535140485e+00,2.804183151253011541e+00,0.000000000000000000e+00
4.000000000000000222e-01,1.970000000000000000e+02,7.880000000000001137e+01,1.632709040270427601e-03,2.803235504582503701e+00,2.803720545379281948e+00,0.000000000000000000e+00
4.000000000000000222e-01,1.980000000000000000e+02,7.920000000000000284e+01,1.621164399683338100e-03,2.802761487418348185e+00,2.803247785650374357e+00,0.000000000000000000e+00
4.000000000000000222e-01,1.990000000000000000e+02,7.960000000000000853e+01,1.609760872875447063e-03,2.802277411651761696e+00,2.802764968176354010e+00,0.000000000000000000e+00
4.000000000000000222e-01,2.000000000000000000e+02,8.000000000000000000e+01,1.598496075400827107e-03,2.801783371809007051e+00,2.802272187981238005e+00,0.000000000000000000e+00
4.000000000000000222e-01,2.010000000000000000e+02,8.040000000000000568e+01,1.587367674255647093e-03,2.801279461351522393e+00,2.801769539020648736e+00,0.000000000000000000e+00
4.000000000000000222e-01,2.020000000000000000e+02,8.080000000000001137e+01,1.576373386527664530e-03,2.800765772689850053e+00,2.801257114196014086e+00,0.000000000000000000e+00
4.000000000000000222e-01,2.030000000000000000e+02,8.120000000000000284e+01,1.565510978087499222e-03,2.800242397199912414e+00,2.800735005370412978e+00,0.000000000000000000e+00
4.000000000000000222e-01,2.040000000000000000e+02,8.160000000000000853e+01,1.554778262320164438e-03,2.799709425238500859e+00,2.800203303384116715e+00,0.000000000000000000e+00
4.000000000000000222e-01,2.050000000000000000e+02,8.200000000000000000e+01,1.544173098895471269e-03,2.799166946157910729e+00,2.799662098068830041e+00,0.000000000000000000e+00
4.000000000000000222e-01,2.060000000000000000e+02,8.240000000000000568e+01,1.533693392575898908e-03,2.798615048320866272e+00,2.799111478263129449e+00,0.000000000000000000e+00
4.000000000000000222e-01,2.070000000000000000e+02,8.280000000000001137e+01,1.523337092060649944e-03,2.798053819115211116e+00,2.798551531826692251e+00,0.000000000000000000e+00
4.000000000000000222e-01,2.080000000000000000e+02,8.320000000000000284e+01,1.513102188864593779e-03,2.797483344968712426e+00,2.797982345654676628e+00,0.000000000000000000e+00
4.000000000000000222e-01,2.090000000000000000e+02,8.360000000000000853e+01,1.502986716230917232e-03,2.796903711361769851e+00,2.797404005690984796e+00,0.000000000000000000e+00
4.000000000000000222e-01,2.100000000000000000e+02,8.400000000000000000e+01,1.492988748076298604e-03,2.796315002842419073e+00,2.796816596942813149e+00,0.000000000000000000e+00
4.000000000000000222e-01,2.110000000000000000e+02,8.440000000000000568e+01,1.483106397967485449e-03,2.795717303040293089e+00,2.796220203494456324e+00,0.000000000000000000e+00
4.000000000000000222e-01,2.120000000000000000e+02,8.480000000000001137e+01,1.473337818128206368e-03,2.795110694678694774e+00,2.795614908519773234e+00,0.000000000000000000e+00
4.000000000000000222e-01,2.130000000000000000e+02,8.520000000000000284e+01,1.463681198475387697e-03,2.794495259588677616e+00,2.795000794295629198e+00,0.000000000000000000e+00
4.000000000000000222e-01,2.140000000000000000e+02,8.560000000000000853e+01,1.454134765683659210e-03,2.793871078721686718e+00,2.794377942214824717e+00,0.000000000000000000e+00
4.000000000000000222e-01,2.150000000000000000e+02,8.600000000000000000e+01,1.444696782277222688e-03,2.793238232163408608e+00,2.793746432799886215e+00,0.000000000000000000e+00
4.000000000000000222e-01,2.160000000000000000e+02,8.640000000000000568e+01,1.435365545748123420e-03,2.792596799143942654e+00,2.793106345712873750e+00,0.000000000000000000e+00
4.000000000000000222e-01,2.170000000000000000e+02,8.680000000000001137e+01,1.426139387700103671e-03,2.791946858051288505e+00,2.792457759769005676e+00,0.000000000000000000e+00
4.000000000000000222e-01,2.180000000000000000e+02,8.720000000000000284e+01,1.417016673017098107e-03,2.791288486445363315e+00,2.791800752950766018e+00,0.000000000000000000e+00
4.000000000000000222e-01,2.190000000000000000e+02,8.760000000000000853e+01,1.407995799055636972e-03,2.790621761066133466e+00,2.791135402415870104e+00,0.000000000000000000e+00
4.000000000000000222e-01,2.200000000000000000e+02,8.800000000000000000e+01,1.399075194860320212e-03,2.789946757847616698e+00,2.790461784511026888e+00,0.000000000000000000e+00
4.000000000000000222e-01,2.210000000000000000e+02,8.840000000000000568e+01,1.390253320401611641e-03,2.789263551929845875e+00,2.789779974784013294e+00,0.000000000000000000e+00
4.000000000000000222e-01,2.220000000000000000e+02,8.880000000000001137e+01,1.381528665835226721e-03,2.788572217668273900e+00,2.789090047993115995e+00,0.000000000000000000e+00
4.000000000000000222e-01,2.230000000000000000e+02,8.920000000000000284e+01,1.372899750782420516e-03,2.787872828645761469e+00,2.788392078119076078e+00,0.000000000000000000e+00
4.000000000000000222e-01,2.240000000000000000e+02,8.960000000000000853e+01,1.364365123630469556e-03,2.787165457684484426e+00,2.787686138376402223e+00,0.000000000000000000e+00
4.000000000000000222e-01,2.250000000000000000e+02,9.000000000000000000e+01,1.355923360852722900e-03,2.786450176853476179e+00,2.786972301221997128e+00,0.000000000000000000e+00
4.000000000000000222e-01,2.260000000000000000e+02,9.040000000000000568e+01,1.347573066347590312e-03,2.785727057482877189e+00,2.786250638368350518e+00,0.000000000000000000e+00
4.000000000000000222e-01,2.270000000000000000e+02,9.080000000000001137e+01,1.339312870795821789e-03,2.784996170172324703e+00,2.785521220792005259e+00,0.000000000000000000e+00
4.000000000000000222e-01,2.280000000000000000e+02,9.120000000000000284e+01,1.331141431035568878e-03,2.784257584800343910e+00,2.784784118743734993e+00,0.000000000000000000e+00
4.000000000000000222e-01,2.290000000000000000e+02,9.160000000000000853e+01,1.323057429454581584e-03,2.783511370536261964e+00,2.784039401759385246e+00,0.000000000000000000e+00
4.000000000000000222e-01,2.300000000000000000e+02,9.200000000000000000e+01,1.315059573399065358e-03,2.782757595847417331e+00,2.783287138667778216e+00,0.000000000000000000e+00
4.000000000000000222e-01,2.310000000000000000e+02,9.240000000000000568e+01,1.307146594598633266e-03,2.781996328512202243e+00,2.782527397603210773e+00,0.000000000000000000e+00
4.000000000000000222e-01,2.320000000000000000e+02,9.280000000000001137e+01,1.299317248606854857e-03,2.781227635625607153e+00,2.781760246011483417e+00,0.000000000000000000e+00
4.000000000000000222e-01,2.330000000000000000e+02,9.320000000000000284e+01,1.291570314256950455e-03,2.780451583610648481e+00,2.780985750661266298e+00,0.000000000000000000e+00
4.000000000000000222e-01,2.340000000000000000e+02,9.360000000000000853e+01,1.283904593132089876e-03,2.779668238228909516e+00,2.780203977653717740e+00,0.000000000000000000e+00
4.000000000000000222e-01,2.350000000000000000e+02,9.400000000000000000e+01,1.276318909049918484e-03,2.778877664585079454e+00,2.779414992428346221e+00,0.000000000000000000e+00
4.000000000000000222e-01,2.360000000000000000e+02,9.440000000000000568e+01,1.268812107560828538e-03,2.778079927140228556e+00,2.778618859775025651e+00,0.000000000000000000e+00
4.000000000000000222e-01,2.370000000000000000e+02,9.480000000000001137e+01,1.261383055459548881e-03,2.777275089717603951e+00,2.777815643840869431e+00,0.000000000000000000e+00
4.000000000000000222e-01,2.380000000000000000e+02,9.520000000000000284e+01,1.254030640309690631e-03,2.776463215511791649e+00,2.777005408139159304e+00,0.000000000000000000e+00
4.000000000000000222e-01,2.390000000000000000e+02,9.560000000000000853e+01,1.246753769980790249e-03,2.775644367098161425e+00,2.776188215557434003e+00,0.000000000000000000e+00
4.000000000000000222e-01,2.400000000000000000e+02,9.600000000000000000e+01,1.239551372197533405e-03,2.774818606438651525e+00,2.775364128365217731e+00,0.000000000000000000e+00
4.000000000000000222e-01,2.410000000000000000e+02,9.640000000000000568e+01,1.232422394100747423e-03,2.773985994892815832e+00,2.774533208223777692e+00,0.000000000000000000e+00
4.000000000000000222e-01,2.420000000000000000e+02,9.680000000000001137e+01,1.225365801819824907e-03,2.773146593223355882e+00,2.773695516191830635e+00,0.000000000000000000e+00
4.000000000000000222e-01,2.430000000000000000e+02,9.720000000000000284e+01,1.218380580056247203e-03,2.772300461603008248e+00,2.772851112733556445e+00,0.000000000000000000e+00
4.000000000000000222e-01,2.440000000000000000e+02,9.760000000000000853e+01,1.211465731677857519e-03,2.771447659626692595e+00,2.772000057728914779e+00,0.000000000000000000e+00
4.000000000000000222e-01,2.450000000000000000e+02,9.800000000000000000e+01,1.204620277323556476e-03,2.770588246314273029e+00,2.771142410477430040e+00,0.000000000000000000e+00
4.000000000000000222e-01,2.460000000000000000e+02,9.840000000000000568e+01,1.197843255018165741e-03,2.769722280119425228e+00,2.770278229706968798e+00,0.000000000000000000e+00
4.000000000000000222e-01,2.470000000000000000e+02,9.880000000000001137e+01,1.191133719797074410e-03,2.768849818937814344e+00,2.769407573582319149e+00,0.000000000000000000e+00
4.000000000000000222e-01,2.480000000000000000e+02,9.920000000000000284e+01,1.184490743340469972e-03,2.767970920112333477e+00,2.768530499709520587e+00,0.000000000000000000e+00
4.000000000000000222e-01,2.490000000000000000e+02,9.960000000000000853e+01,1.177913413616797546e-03,2.767085640442808803e+00,2.767647065145992347e+00,0.000000000000000000e+00
4.000000000000000222e-01,2.500000000000000000e+02,1.000000000000000000e+02,1.171400834535232978e-03,2.766194036190248617e+00,2.766757326405306028e+00,0.000000000000000000e+00
4.000000000000000222e-01,2.510000000000000000e+02,1.004000000000000057e+02,1.164952125606878979e-03,2.765296163083953207e+00,2.765861339463100865e+00,0.000000000000000000e+00
4.000000000000000222e-01,2.520000000000000000e+02,1.008000000000000114e+02,1.158566421614447327e-03,2.764392076329098558e+00,2.764959159766125829e+00,0.000000000000000000e+00
4.000000000000000222e-01,2.530000000000000000e+02,1.012000000000000028e+02,1.152242872290164949e-03,2.763481830613562451e+00,2.764050842238115813e+00,0.000000000000000000e+00
4.000000000000000222e-01,2.540000000000000000e+02,1.016000000000000085e+02,1.145980642001689009e-03,2.762565480112856076e+00,2.763136441284683720e+00,0.000000000000000000e+00
4.000000000000000222e-01,2.550000000000000000e+02,1.020000000000000000e+02,1.139778909445789221e-03,2.761643078497195258e+00,2.762216010800838450e+00,0.000000000000000000e+00
4.000000000000000222e-01,2.560000000000000000e+02,1.024000000000000057e+02,1.133636867349579027e-03,nan,nan,0.000000000000000000e+00
5.999999999999999778e-01,0.000000000000000000e+00,0.000000000000000000e+00,1.000000000000000000e+00,nan,nan,0.000000000000000000e+00
5.999999999999999778e-01,1.000000000000000000e+00,5.999999999999999778e-01,4.000000000000016320e-01,1.874999999999988010e+00,1.874999999999991118e+00,0.000000000000000000e+00
5.999999999999999778e-01,2.000000000000000000e+00,1.199999999999999956e+00,2.500000000000017208e-01,1.793440429687494397e+00,1.793440429687491289e+00,0.000000000000000000e+00
5.999999999999999778e-01,3.000000000000000000e+00,1.799999999999999822e+00,1.758199462890632780e-01,1.988656633400858631e+00,1.988662464399528984e+00,0.000000000000000000e+00
5.999999999999999778e-01,4.000000000000000000e+00,2.399999999999999911e+00,1.334514991760255842e-01,2.085553392930306948e+00,2.085567038090404335e+00,0.000000000000000000e+00
5.999999999999999778e-01,5.000000000000000000e+00,3.000000000000000000e+00,1.062398895645142172e-01,2.164745702868782651e+00,2.164766866847239513e+00,0.000000000000000000e+00
5.999999999999999778e-01,6.000000000000000000e+00,3.599999999999999645e+00,8.745503029441835385e-02,2.226186968040725134e+00,2.226214923971514104e+00,0.000000000000000000e+00
5.999999999999999778e-01,7.000000000000000000e+00,4.200000000000000178e+00,7.379134810934072364e-02,2.276531967697244419e+00,2.276566779596856716e+00,0.000000000000000000e+00
5.999999999999999778e-01,8.000000000000000000e+00,4.799999999999999822e+00,6.345669273579124248e-02,2.318750707335730965e+00,2.318792826035176891e+00,0.000000000000000000e+00
5.999999999999999778e-01,9.000000000000000000e+00,5.399999999999999467e+00,5.539881671355296328e-02,2.354836537822607490e+00,2.354886429931037028e+00,0.000000000000000000e+00
5.999999999999999778e-01,1.000000000000000000e+01,6.000000000000000000e+00,4.896167520810099094e-02,2.386088660873601608e+00,2.386146583123037512e+00,0.000000000000000000e+00
5.999999999999999778e-01,1.100000000000000000e+01,6.599999999999999645e+00,4.371612691041037307e-02,2.413422617245327029e+00,2.413488554928319374e+00,0.000000000000000000e+00
5.999999999999999778e-01,1.200000000000000000e+01,7.199999999999999289e+00,3.937026707865085712e-02,2.437515582894116850e+00,2.437589282518460188e+00,0.000000000000000000e+00
5.999999999999999778e-01,1.300000000000000000e+01,7.799999999999999822e+00,3.571899028483414840e-02,2.458890480569035031e+00,2.458971520492835516e+00,0.000000000000000000e+00
5.999999999999999778e-01,1.400000000000000000e+01,8.400000000000000355e+00,3.261418360273420081e-02,2.477964243459903404e+00,2.478052108384694030e+00,0.000000000000000000e+00
5.999999999999999778e-01,1.500000000000000000e+01,9.000000000000000000e+00,2.994636308503331734e-02,2.495077119402248300e+00,2.495171262621439734e+00,0.000000000000000000e+00
5.999999999999999778e-01,1.600000000000000000e+01,9.599999999999999645e+00,2.763295124654895074e-02,2.510511309939766456e+00,2.510611198300891633e+00,0.000000000000000000e+00
5.999999999999999778e-01,1.700000000000000000e+01,1.019999999999999929e+01,2.561056079556611048e-02,2.524503458918336829e+00,2.524608601200896363e+00,0.000000000000000000e+00
5.999999999999999778e-01,1.800000000000000000e+01,1.079999999999999893e+01,2.382977775753453847e-02,2.537253454832617994e+00,2.537363416661592375e+00,0.000000000000000000e+00
5.999999999999999778e-01,1.900000000000000000e+01,1.140000000000000036e+01,2.225155046538844494e-02,2.548930933389835563e+00,2.549045342378657431e+00,0.000000000000000000e+00
5.999999999999999778e-01,2.000000000000000000e+01,1.200000000000000000e+01,2.084463747873908576e-02,2.559680279457061225e+00,2.559798823949392066e+00,0.000000000000000000e+00
5.999999999999999778e-01,2.100000000000000000e+01,1.259999999999999964e+01,1.958377009105044531e-02,2.569624602185928364e+00,2.569747026291411718e+00,0.000000000000000000e+00
5.999999999999999778e-01,2.200000000000000000e+01,1.319999999999999929e+01,1.844830712495260094e-02,2.578868973253142460e+00,2.578995070142029888e+00,0.000000000000000000e+00
5.999999999999999778e-01,2.300000000000000000e+01,1.379999999999999893e+01,1.742123523406930233e-02,2.587503112371969838e+00,2.587632717145203820e+00,0.000000000000000000e+00
5.999999999999999778e-01,2.400000000000000000e+01,1.439999999999999858e+01,1.648841580366918608e-02,2.595603642150217993e+00,2.595736625085808047e+00,0.000000000000000000e+00
5.999999999999999778e-01,2.500000000000000000e+01,1.500000000000000000e+01,1.563801056268217943e-02,2.603235997077537167e+00,2.603372257675387935e+00,0.000000000000000000e+00
5.999999999999999778e-01,2.600000000000000000e+01,1.559999999999999964e+01,1.486003852289106628e-02,2.610456048357344461e+00,2.610595510345377512e+00,0.000000000000000000e+00
5.999999999999999778e-01,2.700000000000000000e+01,1.619999999999999929e+01,1.414603066110894404e-02,2.617311491496628229e+00,2.617454098797256989e+00,0.000000000000000000e+00
5.999999999999999778e-01,2.800000000000000000e+01,1.680000000000000071e+01,1.348875820406202596e-02,2.623843033646074296e+00,2.623988747208513050e+00,0.000000000000000000e+00
5.999999999999999778e-01,2.900000000000000000e+01,1.739999999999999858e+01,1.288201693802806976e-02,2.630085410702262649e+00,2.630234206061988989e+00,0.000000000000000000e+00
5.999999999999999778e-01,3.000000000000000000e+01,1.800000000000000000e+01,1.232045458995419639e-02,2.636068259033151229e+00,2.636220124447850033e+00,0.000000000000000000e+00
5.999999999999999778e-01,3.100000000000000000e+01,1.859999999999999787e+01,1.179943162864681774e-02,2.641816862716395153e+00,2.641971797734824712e+00,0.000000000000000000e+00
5.999999999999999778e-01,3.200000000000000000e+01,1.919999999999999929e+01,1.131490822069521757e-02,2.647352794006950560e+00,2.647510808345312494e+00,0.000000000000000000e+00
5.999999999999999778e-01,3.300000000000000000e+01,1.980000000000000071e+01,1.086335181952213964e-02,2.652694462150095411e+00,2.652855574772726932e+00,0.000000000000000000e+00
5.999999999999999778e-01,3.400000000000000000e+01,2.039999999999999858e+01,1.044166115366386774e-02,2.657857583480659258e+00,2.658021821804448681e+00,0.000000000000000000e+00
5.999999999999999778e-01,3.500000000000000000e+01,2.100000000000000000e+01,1.004710334065740673e-02,2.662855583912193680e+00,2.663022983075430616e+00,0.000000000000000000e+00
5.999999999999999778e-01,3.600000000000000000e+01,2.159999999999999787e+01,9.677261575583512646e-03,2.667699943352345393e+00,2.667870545507113000e+00,0.000000000000000000e+00
5.999999999999999778e-01,3.700000000000000000e+01,2.219999999999999929e+01,9.329991391852129889e-03,2.672400490241033655e+00,2.672574343843149514e+00,0.000000000000000000e+00
5.999999999999999778e-01,3.800000000000000000e+01,2.280000000000000071e+01,9.003383911542154477e-03,2.676965653258250200e+00,2.677142812340595146e+00,0.000000000000000000e+00
5.999999999999999778e-01,3.900000000000000000e+01,2.339999999999999858e+01,8.695734826212754565e-03,2.681402676259593054e+00,2.681583199684068664e+00,0.000000000000000000e+00
5.999999999999999778e-01,4.000000000000000000e+01,2.400000000000000000e+01,8.405518100387010180e-03,2.685717801651170689e+00,2.685901752340376092e+00,0.000000000000000000e+00
5.999999999999999778e-01,4.100000000000000000e+01,2.459999999999999787e+01,8.131363586354991430e-03,2.689916426683708117e+00,2.690103870837945443e+00,0.000000000000000000e+00
5.999999999999999778e-01,4.200000000000000000e+01,2.519999999999999929e+01,7.872037893502277506e-03,2.694003236519082467e+00,2.694194242826989605e+00,0.000000000000000000e+00
5.999999999999999778e-01,4.300000000000000000e+01,2.580000000000000071e+01,7.626427977709848705e-03,2.697982317383797124e+00,2.698176956236053137e+00,0.000000000000000000e+00
5.999999999999999778e-01,4.400000000000000000e+01,2.639999999999999858e+01,7.393527013765946281e-03,2.701857252658947939e+00,2.702055595375116859e+00,0.000000000000000000e+00
5.999999999999999778e-01,4.500000000000000000e+01,2.700000000000000000e+01,7.172422191689999289e-03,2.705631204357904274e+00,2.705833322435600596e+00,0.000000000000000000e+00
5.999999999999999778e-01,4.600000000000000000e+01,2.759999999999999787e+01,6.962284140595600274e-03,2.709306982099061845e+00,2.709512946494300856e+00,0.000000000000000000e+00
5.999999999999999778e-01,4.700000000000000000e+01,2.819999999999999929e+01,6.762357734440581358e-03,2.712887101385866195e+00,2.713096981832250343e+00,0.000000000000000000e+00
5.999999999999999778e-01,4.800000000000000000e+01,2.879999999999999716e+01,6.571954075218561925e-03,2.716373832752177364e+00,2.716587697124877909e+00,0.000000000000000000e+00
5.999999999999999778e-01,4.900000000000000000e+01,2.939999999999999858e+01,6.390443482774482709e-03,2.719769243111271884e+00,2.719987156841166431e+00,0.000000000000000000e+00
5.999999999999999778e-01,5.000000000000000000e+01,3.000000000000000000e+01,6.217249347988135048e-03,2.723075230459261142e+00,2.723297256000468902e+00,0.000000000000000000e+00
5.999999999999999778e-01,5.100000000000000000e+01,3.059999999999999787e+01,6.051842728752573029e-03,2.726293552920274088e+00,2.726519749273779158e+00,0.000000000000000000e+00
5.999999999999999778e-01,5.200000000000000000e+01,3.119999999999999929e+01,5.893737586915868791e-03,2.729425852980885026e+00,2.729656275275495592e+00,0.000000000000000000e+00
5.999999999999999778e-01,5.300000000000000000e+01,3.179999999999999716e+01,5.742486579898470160e-03,2.732473677642781151e+00,2.732708376773365533e+00,0.000000000000000000e+00
5.999999999999999778e-01,5.400000000000000000e+01,3.239999999999999858e+01,5.597677333636821850e-03,2.735438495115027013e+00,2.735677517437785866e+00,0.000000000000000000e+00
5.999999999999999778e-01,5.500000000000000000e+01,3.300000000000000000e+01,5.458929134312118236e-03,2.738321708580349068e+00,2.738565095663561877e+00,0.000000000000000000e+00
5.999999999999999778e-01,5.600000000000000000e+01,3.360000000000000142e+01,5.325889985380665402e-03,2.741124667494426959e+00,2.741372455922579388e+00,0.000000000000000000e+00
5.999999999999999778e-01,5.700000000000000000e+01,3.419999999999999574e+01,5.198233984039109766e-03,2.743848676805711317e+00,2.744100898034682601e+00,0.000000000000000000e+00
5.999999999999999778e-01,5.800000000000000000e+01,3.479999999999999716e+01,5.075658977681854998e-03,2.746495004431852127e+00,2.746751684692126272e+00,0.000000000000000000e+00
5.999999999999999778e-01,5.900000000000000000e+01,3.539999999999999858e+01,4.957884466342508088e-03,2.749064887276146507e+00,2.749326047520826766e+00,0.000000000000000000e+00
5.999999999999999778e-01,6.000000000000000000e+01,3.600000000000000000e+01,4.844649721722634264e-03,2.751559536026143782e+00,2.751825191920656000e+00,0.000000000000000000e+00
5.999999999999999778e-01,6.100000000000000000e+01,3.660000000000000142e+01,4.735712097333969438e-03,2.753980138940983036e+00,2.754250300890626502e+00,0.000000000000000000e+00
5.999999999999999778e-01,6.200000000000000000e+01,3.719999999999999574e+01,4.630845507627547389e-03,2.756327864801671357e+00,2.756602538013621206e+00,0.000000000000000000e+00
5.999999999999999778e-01,6.300000000000000000e+01,3.779999999999999716e+01,4.529839056845817030e-03,2.758603865173174796e+00,2.758883049749642602e+00,0.000000000000000000e+00
5.999999999999999778e-01,6.400000000000000000e+01,3.839999999999999858e+01,4.432495800789019134e-03,2.760809276102566212e+00,2.761092967161291600e+00,0.000000000000000000e+00
5.999999999999999778e-01,6.500000000000000000e+01,3.900000000000000000e+01,4.338631626797317085e-03,2.762945219359699500e+00,2.763233407178382173e+00,0.000000000000000000e+00
5.999999999999999778e-01,6.600000000000000000e+01,3.960000000000000142e+01,4.248074239068673832e-03,2.765012803308839917e+00,2.765305473490636157e+00,0.000000000000000000e+00
5.999999999999999778e-01,6.700000000000000000e+01,4.019999999999999574e+01,4.160662238002902844e-03,2.767013123485797088e+00,2.767310257142661101e+00,0.000000000000000000e+00
5.999999999999999778e-01,6.800000000000000000e+01,4.079999999999999716e+01,4.076244283621721295e-03,2.768947262942451193e+00,2.769248836893050569e+00,0.000000000000000000e+00
5.999999999999999778e-01,6.900000000000000000e+01,4.139999999999999858e+01,3.994678334293797276e-03,2.770816292411255599e+00,2.771122279391224463e+00,0.000000000000000000e+00
5.999999999999999778e-01,7.000000000000000000e+01,4.200000000000000000e+01,3.915830953018771890e-03,2.772621270332479515e+00,2.772931639214220478e+00,0.000000000000000000e+00
5.999999999999999778e-01,7.100000000000000000e+01,4.260000000000000142e+01,3.839576674417137948e-03,2.774363242778841165e+00,2.774677958798482003e+00,0.000000000000000000e+00
5.999999999999999778e-01,7.200000000000000000e+01,4.319999999999999574e+01,3.765797426352096838e-03,2.776043243307609210e+00,2.776362268297265512e+00,0.000000000000000000e+00
5.999999999999999778e-01,7.300000000000000000e+01,4.379999999999999716e+01,3.694382000790889017e-03,2.777662292763962704e+00,2.777985585386927969e+00,0.000000000000000000e+00
5.999999999999999778e-01,7.400000000000000000e+01,4.439999999999999858e+01,3.625225569110141540e-03,2.779221399053550812e+00,2.779548915041046175e+00,0.000000000000000000e+00
5.999999999999999778e-01,7.500000000000000000e+01,4.500000000000000000e+01,3.558229237573767509e-03,2.780721556900490832e+00,2.781053249288287343e+00,0.000000000000000000e+00
5.999999999999999778e-01,7.600000000000000000e+01,4.560000000000000142e+01,3.493299639172608561e-03,2.782163747604046389e+00,2.782499566967350013e+00,0.000000000000000000e+00
5.999999999999999778e-01,7.700000000000000000e+01,4.619999999999999574e+01,3.430348558420815829e-03,2.783548938800652461e+00,2.783888833486329872e+00,0.000000000000000000e+00
5.999999999999999778e-01,7.800000000000000000e+01,4.679999999999999716e+01,3.369292586062107124e-03,2.784878084240370200e+00,2.785222000595429126e+00,0.000000000000000000e+00
5.999999999999999778e-01,7.900000000000000000e+01,4.739999999999999858e+01,3.310052800955201428e-03,2.786152123584424434e+00,2.786500006179524647e+00,0.000000000000000000e+00
5.999999999999999778e-01,8.000000000000000000e+01,4.800000000000000000e+01,3.252554476687956417e-03,2.787371982224191136e+00,2.787723774071729999e+00,0.000000000000000000e+00
5.999999999999999778e-01,8.100000000000000000e+01,4.860000000000000142e+01,3.196726810717977988e-03,2.788538571126994992e+00,2.788894213892934459e+00,0.000000000000000000e+00
5.999999999999999778e-01,8.200000000000000000e+01,4.919999999999999574e+01,3.142502674057797568e-03,2.789652786710509424e+00,2.790012220919540376e+00,0.000000000000000000e+00
5.999999999999999778e-01,8.300000000000000000e+01,4.979999999999999716e+01,3.089818379718824778e-03,2.790715510743809968e+00,2.791078675977310297e+00,0.000000000000000000e+00
5.999999999999999778e-01,8.400000000000000000e+01,5.039999999999999858e+01,3.038613468302826109e-03,2.791727610278232241e+00,2.792094445364708299e+00,0.000000000000000000e+00
5.999999999999999778e-01,8.500000000000000000e+01,5.100000000000000000e+01,2.988830509285202164e-03,2.792689937606430028e+00,2.793060380804321507e+00,0.000000000000000000e+00
5.999999999999999778e-01,8.600000000000000000e+01,5.160000000000000142e+01,2.940414916673509804e-03,2.793603330247921068e+00,2.793977319420340333e+00,0.000000000000000000e+00
5.999999999999999778e-01,8.700000000000000000e+01,5.219999999999999574e+01,2.893314777848809364e-03,2.794468610961970967e+00,2.794846083743506959e+00,0.000000000000000000e+00
5.999999999999999778e-01,8.800000000000000000e+01,5.279999999999999716e+01,2.847480694508786742e-03,2.795286587785173804e+00,2.795667481740749860e+00,0.000000000000000000e+00
5.999999999999999778e-01,8.900000000000000000e+01,5.339999999999999858e+01,2.802865634731336372e-03,2.796058054091914435e+00,2.796442306867595207e+00,0.000000000000000000e+00
5.999999999999999778e-01,9.000000000000000000e+01,5.400000000000000000e+01,2.759424795266899114e-03,2.796783788677666749e+00,2.797171338143250807e+00,0.000000000000000000e+00
5.999999999999999778e-01,9.100000000000000000e+01,5.460000000000000142e+01,2.717115473248251332e-03,2.797464555862556157e+00,2.797855340246747868e+00,0.000000000000000000e+00
5.999999999999999778e-01,9.200000000000000000e+01,5.519999999999999574e+01,2.675896946579012312e-03,2.798101105612949890e+00,2.798495063630629165e+00,0.000000000000000000e+00
5.999999999999999778e-01,9.300000000000000000e+01,5.579999999999999716e+01,2.635730362327283385e-03,2.798694173680889907e+00,2.799091244652647248e+00,0.000000000000000000e+00
5.999999999999999778e-01,9.400000000000000000e+01,5.639999999999999858e+01,2.596578632509773717e-03,2.799244481758244696e+00,2.799644605722908075e+00,0.000000000000000000e+00
5.999999999999999778e-01,9.500000000000000000e+01,5.700000000000000000e+01,2.558406336704896651e-03,2.799752737645158973e+00,2.800155855464879995e+00,0.000000000000000000e+00
5.999999999999999778e-01,9.600000000000000000e+01,5.759999999999999432e+01,2.521179630981371014e-03,2.800219635430375220e+00,2.800625688889093023e+00,0.000000000000000000e+00
5.999999999999999778e-01,9.700000000000000000e+01,5.819999999999999574e+01,2.484866162672384748e-03,2.800645855682824426e+00,2.801054787577892835e+00,0.000000000000000000e+00
5.999999999999999778e-01,9.800000000000000000e+01,5.879999999999999716e+01,2.449434990564722595e-03,2.801032065652937941e+00,2.801443819880236497e+00,0.000000000000000000e+00
5.999999999999999778e-01,9.900000000000000000e+01,5.939999999999999858e+01,2.414856510108057304e-03,2.801378919480755236e+00,2.801793441113846317e+00,0.000000000000000000e+00
5.999999999999999778e-01,1.000000000000000000e+02,6.000000000000000000e+01,2.381102383282019796e-03,2.801687058412359210e+00,2.802104293775583788e+00,0.000000000000000000e+00
5.999999999999999778e-01,1.010000000000000000e+02,6.059999999999999432e+01,2.348145472788096700e-03,2.801957111021064151e+00,2.802377007756935434e+00,0.000000000000000000e+00
5.999999999999999778e-01,1.020000000000000000e+02,6.119999999999999574e+01,2.315959780260331419e-03,2.802189693434391504e+00,2.802612200565723022e+00,0.000000000000000000e+00
5.999999999999999778e-01,1.030000000000000000e+02,6.179999999999999716e+01,2.284520388213056707e-03,2.802385409563845631e+00,2.802810477550591983e+00,0.000000000000000000e+00
5.999999999999999778e-01,1.040000000000000000e+02,6.239999999999999858e+01,2.253803405466356640e-03,2.802544851336821186e+00,2.802972432128002733e+00,0.000000000000000000e+00
5.999999999999999778e-01,1.050000000000000000e+02,6.300000000000000000e+01,2.223785915810026596e-03,2.802668598932824828e+00,2.803098646013867601e+00,0.000000000000000000e+00
5.999999999999999778e-01,1.060000000000000000e+02,6.359999999999999432e+01,2.194445929685501055e-03,2.802757221017861955e+00,2.803189689453494005e+00,0.000000000000000000e+00
5.999999999999999778e-01,1.070000000000000000e+02,6.420000000000000284e+01,2.165762338682108729e-03,2.802811274981608314e+00,2.803246121454393336e+00,0.000000000000000000e+00
5.999999999999999778e-01,1.080000000000000000e+02,6.479999999999999716e+01,2.137714872659437961e-03,2.802831307173709430e+00,2.803268490018645753e+00,0.000000000000000000e+00
5.999999999999999778e-01,1.090000000000000000e+02,6.539999999999999147e+01,2.110284059321916768e-03,2.802817853138327653e+00,2.803257332373844335e+00,0.000000000000000000e+00
5.999999999999999778e-01,1.100000000000000000e+02,6.600000000000000000e+01,2.083451186084569248e-03,2.802771437849024494e+00,2.803213175204189778e+00,0.000000000000000000e+00
5.999999999999999778e-01,1.110000000000000000e+02,6.659999999999999432e+01,2.057198264080912185e-03,2.802692575941140962e+00,2.803136534879512975e+00,0.000000000000000000e+00
5.999999999999999778e-01,1.120000000000000000e+02,6.720000000000000284e+01,2.031507994174852356e-03,2.802581771941840216e+00,2.803027917682209047e+00,0.000000000000000000e+00
5.999999999999999778e-01,1.130000000000000000e+02,6.779999999999999716e+01,2.006363734848514227e-03,2.802439520497955083e+00,2.802887820032072597e+00,0.000000000000000000e+00
5.999999999999999778e-01,1.140000000000000000e+02,6.839999999999999147e+01,1.981749471847123537e-03,2.802266306601147505e+00,2.802716728708532390e+00,0.000000000000000000e+00
5.999999999999999778e-01,1.150000000000000000e+02,6.900000000000000000e+01,1.957649789470603582e-03,2.802062605809750195e+00,2.802515121069693915e+00,0.000000000000000000e+00
5.999999999999999778e-01,1.160000000000000000e+02,6.959999999999999432e+01,1.934049843409324336e-03,2.801828884467251424e+00,2.802283465268694762e+00,0.000000000000000000e+00
5.999999999999999778e-01,1.170000000000000000e+02,7.020000000000000284e+01,1.910935335028675916e-03,2.801565599917750227e+00,2.802022220466400704e+00,0.000000000000000000e+00
5.999999999999999778e-01,1.180000000000000000e+02,7.079999999999999716e+01,1.888292487013737680e-03,2.801273200716847267e+00,2.801731837040012607e+00,0.000000000000000000e+00
5.999999999999999778e-01,1.190000000000000000e+02,7.139999999999999147e+01,1.866108020291501772e-03,2.800952126839109102e+00,2.801412756788601133e+00,0.000000000000000000e+00
5.999999999999999778e-01,1.200000000000000000e+02,7.200000000000000000e+01,1.844369132153678842e-03,2.800602809882141830e+00,2.801065413135268578e+00,0.000000000000000000e+00
5.999999999999999778e-01,1.210000000000000000e+02,7.259999999999999432e+01,1.823063475508422768e-03,2.800225673265292592e+00,2.800690231323796464e+00,0.000000000000000000e+00
5.999999999999999778e-01,1.220000000000000000e+02,7.320000000000000284e+01,1.802179139194084317e-03,2.799821132425229120e+00,2.800287628612355917e+00,0.000000000000000000e+00
5.999999999999999778e-01,1.230000000000000000e+02,7.379999999999999716e+01,1.781704629292590750e-03,2.799389595007520715e+00,2.799858014463564082e+00,0.000000000000000000e+00
5.999999999999999778e-01,1.240000000000000000e+02,7.439999999999999147e+01,1.761628851384178544e-03,2.798931461052812431e+00,2.799401790729035167e+00,0.000000000000000000e+00
5.999999999999999778e-01,1.250000000000000000e+02,7.500000000000000000e+01,1.741941093689062473e-03,2.798447123179414131e+00,2.798919351830497781e+00,0.000000000000000000e+00
5.999999999999999778e-01,1.260000000000000000e+02,7.559999999999999432e+01,1.722631011045121273e-03,2.797936966761830124e+00,2.798411084937046045e+00,0.000000000000000000e+00
5.999999999999999778e-01,1.270000000000000000e+02,7.620000000000000284e+01,1.703688609674035076e-03,2.797401370105171203e+00,2.797877370138075470e+00,0.000000000000000000e+00
5.999999999999999778e-01,1.280000000000000000e+02,7.679999999999999716e+01,1.685104232691304578e-03,2.796840704614381501e+00,2.797318580611067418e+00,0.000000000000000000e+00
5.999999999999999778e-01,1.290000000000000000e+02,7.739999999999999147e+01,1.666868546318495820e-03,2.796255334960061845e+00,2.796735082786608650e+00,0.000000000000000000e+00
5.999999999999999778e-01,1.300000000000000000e+02,7.800000000000000000e+01,1.648972526758589723e-03,2.795645619239754520e+00,2.796127236508569425e+00,0.000000000000000000e+00
5.999999999999999778e-01,1.310000000000000000e+02,7.859999999999999432e+01,1.631407447697885357e-03,2.795011909135552752e+00,2.795495395190361609e+00,0.000000000000000000e+00
5.999999999999999778e-01,1.320000000000000000e+02,7.920000000000000284e+01,1.614164868400055170e-03,2.794354550067576159e+00,2.794839905967432703e+00,0.000000000000000000e+00
5.999999999999999778e-01,1.330000000000000000e+02,7.979999999999999716e+01,1.597236622360211685e-03,2.793673881341859122e+00,2.794161109844797153e+00,0.000000000000000000e+00
5.999999999999999778e-01,1.340000000000000000e+02,8.039999999999999147e+01,1.580614806488698674e-03,2.792970236296894004e+00,2.793459341841947996e+00,0.000000000000000000e+00
5.999999999999999778e-01,1.350000000000000000e+02,8.100000000000000000e+01,1.564291770796233253e-03,2.792243942444545546e+00,2.792734931133523890e+00,0.000000000000000000e+00
5.999999999999999778e-01,1.360000000000000000e+02,8.159999999999999432e+01,1.548260108553723606e-03,2.791495321607807334e+00,2.791988201185826579e+00,0.000000000000000000e+00
5.999999999999999778e-01,1.370000000000000000e+02,8.220000000000000284e+01,1.532512646901676521e-03,2.790724690054199986e+00,2.791219469889796745e+00,0.000000000000000000e+00
5.999999999999999778e-01,1.380000000000000000e+02,8.279999999999999716e+01,1.517042437885630013e-03,2.789932358625589082e+00,2.790429049690376306e+00,0.000000000000000000e+00
5.999999999999999778e-01,1.390000000000000000e+02,8.339999999999999147e+01,1.501842749895405732e-03,2.789118632865857705e+00,2.789617247712648407e+00,0.000000000000000000e+00
5.999999999999999778e-01,1.400000000000000000e+02,8.400000000000000000e+01,1.486907059487300705e-03,2.788283813142925283e+00,2.788784365884205751e+00,0.000000000000000000e+00
5.999999999999999778e-01,1.410000000000000000e+02,8.459999999999999432e+01,1.472229043569574410e-03,2.787428194768579282e+00,2.787930701054139426e+00,0.000000000000000000e+00
5.999999999999999778e-01,1.420000000000000000e+02,8.520000000000000284e+01,1.457802571932669423e-03,2.786552068115147218e+00,2.787056545108721473e+00,0.000000000000000000e+00
5.999999999999999778e-01,1.430000000000000000e+02,8.579999999999999716e+01,1.443621700106739476e-03,2.785655718727682917e+00,2.786162185083541409e+00,0.000000000000000000e+00
5.999999999999999778e-01,1.440000000000000000e+02,8.639999999999999147e+01,1.429680662530000059e-03,2.784739427434539838e+00,2.785247903273658121e+00,0.000000000000000000e+00
5.999999999999999778e-01,1.450000000000000000e+02,8.700000000000000000e+01,1.415973866012378186e-03,2.783803470453644291e+00,2.784313977339146540e+00,0.000000000000000000e+00
5.999999999999999778e-01,1.460000000000000000e+02,8.759999999999999432e+01,1.402495883479814394e-03,2.782848119496186712e+00,2.783360680408522025e+00,0.000000000000000000e+00
5.999999999999999778e-01,1.470000000000000000e+02,8.820000000000000284e+01,1.389241447985371716e-03,2.781873641868064517e+00,2.782388281179736911e+00,0.000000000000000000e+00
5.999999999999999778e-01,1.480000000000000000e+02,8.879999999999999716e+01,1.376205446974092424e-03,2.780880300566579422e+00,2.781397044016806319e+00,0.000000000000000000e+00
5.999999999999999778e-01,1.490000000000000000e+02,8.939999999999999147e+01,1.363382916789272542e-03,2.779868354376419770e+00,2.780387229044964492e+00,0.000000000000000000e+00
5.999999999999999778e-01,1.500000000000000000e+02,9.000000000000000000e+01,1.350769037408455385e-03,2.778838057962203401e+00,2.779359092243280038e+00,0.000000000000000000e+00
5.999999999999999778e-01,1.510000000000000000e+02,9.059999999999999432e+01,1.338359127398155296e-03,2.777789661957641876e+00,2.778312885533536392e+00,0.000000000000000000e+00
5.999999999999999778e-01,1.520000000000000000e+02,9.120000000000000284e+01,1.326148639076844479e-03,2.776723413053636680e+00,2.777248856867744919e+00,0.000000000000000000e+00
5.999999999999999778e-01,1.530000000000000000e+02,9.179999999999999716e+01,1.314133153876353381e-03,2.775639554082530047e+00,2.776167250312811863e+00,0.000000000000000000e+00
5.999999999999999778e-01,1.540000000000000000e+02,9.239999999999999147e+01,1.302308377892331861e-03,2.774538324100306319e+00,2.775068306131831974e+00,0.000000000000000000e+00
5.999999999999999778e-01,1.550000000000000000e+02,9.300000000000000000e+01,1.290670137614930140e-03,2.773419958467703506e+00,2.773952260865294228e+00,0.000000000000000000e+00
5.999999999999999778e-01,1.560000000000000000e+02,9.359999999999999432e+01,1.279214375831302800e-03,2.772284688927330265e+00,2.772819347408284063e+00,0.000000000000000000e+00
5.999999999999999778e-01,1.570000000000000000e+02,9.420000000000000284e+01,1.267937147692027242e-03,2.771132743678847987e+00,2.771669795085118793e+00,0.000000000000000000e+00
5.999999999999999778e-01,1.580000000000000000e+02,9.479999999999999716e+01,1.256834616933875156e-03,2.769964347454458409e+00,2.770503829724875633e+00,0.000000000000000000e+00
5.999999999999999778e-01,1.590000000000000000e+02,9.539999999999999147e+01,1.245903052251815749e-03,2.768779721588564779e+00,2.769321673731189648e+00,0.000000000000000000e+00
5.999999999999999778e-01,1.600000000000000000e+02,9.600000000000000000e+01,1.235138823813497011e-03,2.767579084087587127e+00,2.768123546151468606e+00,0.000000000000000000e+00
5.999999999999999778e-01,1.610000000000000000e+02,9.659999999999999432e+01,1.224538399909748387e-03,2.766362649698494547e+00,2.766909662745927090e+00,0.000000000000000000e+00
5.999999999999999778e-01,1.620000000000000000e+02,9.720000000000000284e+01,1.214098343735038089e-03,2.765130629973794552e+00,2.765680236052293406e+00,0.000000000000000000e+00
5.999999999999999778e-01,1.630000000000000000e+02,9.779999999999999716e+01,1.203815310292080448e-03,2.763883233336277279e+00,2.764435475450008450e+00,0.000000000000000000e+00
5.999999999999999778e-01,1.640000000000000000e+02,9.839999999999999147e+01,1.193686043415100734e-03,2.762620665140127940e+00,2.763175587222396867e+00,0.000000000000000000e+00
5.999999999999999778e-01,1.650000000000000000e+02,9.900000000000000000e+01,1.183707372906544391e-03,2.761343127732208469e+00,2.761900774617147114e+00,0.000000000000000000e+00
5.999999999999999778e-01,1.660000000000000000e+02,9.959999999999999432e+01,1.173876211782243564e-03,2.760050820511289249e+00,2.760611237905737259e+00,0.000000000000000000e+00
5.999999999999999778e-01,1.670000000000000000e+02,1.002000000000000028e+02,1.164189553620350020e-03,2.758743939984637183e+00,2.759307174440196242e+00,0.000000000000000000e+00
5.999999999999999778e-01,1.680000000000000000e+02,1.007999999999999972e+02,1.154644470009527635e-03,2.757422679824280465e+00,2.757988778709005828e+00,0.000000000000000000e+00
5.999999999999999778e-01,1.690000000000000000e+02,1.013999999999999915e+02,1.145238108092147891e-03,2.756087230921034692e+00,2.756656242392049982e+00,0.000000000000000000e+00
5.999999999999999778e-01,1.700000000000000000e+02,1.020000000000000000e+02,1.135967688198421524e-03,2.754737781437555100e+00,2.755309754413162615e+00,0.000000000000000000e+00
5.999999999999999778e-01,1.710000000000000000e+02,1.025999999999999943e+02,1.126830501567603962e-03,nan,nan,0.000000000000000000e+00
8.000000000000000444e-01,0.000000000000000000e+00,0.000000000000000000e+00,1.000000000000000000e+00,nan,nan,0.000000000000000000e+00
8.000000000000000444e-01,1.000000000000000000e+00,8.000000000000000444e-01,2.000000000000018985e-01,3.999999999999952482e+00,3.999999999999956923e+00,0.000000000000000000e+00
8.000000000000000444e-01,2.000000000000000000e+00,1.600000000000000089e+00,2.000000000000018985e-01,8.694531250000182565e-01,8.694531250000178124e-01,0.000000000000000000e+00
8.000000000000000444e-01,3.000000000000000000e+00,2.400000000000000355e+00,1.130546874999992513e-01,2.767039250915690918e+00,2.767096327008309764e+00,0.000000000000000000e+00
8.000000000000000444e-01,4.000000000000000000e+00,3.200000000000000178e+00,9.572441406250006835e-02,1.715451868869951157e+00,1.715463625700051287e+00,0.000000000000000000e+00
8.000000000000000444e-01,5.000000000000000000e+00,4.000000000000000000e+00,7.200203125000005644e-02,2.429148591728099937e+00,2.429199668427338477e+00,0.000000000000000000e+00
8.000000000000000444e-01,6.000000000000000000e+00,4.800000000000000711e+00,6.074368750000001815e-02,2.126716665003262730e+00,2.126752994453517953e+00,0.000000000000000000e+00
8.000000000000000444e-01,7.000000000000000000e+00,5.600000000000000533e+00,5.047126249999998870e-02,2.377851622742746862e+00,2.377912070308895398e+00,0.000000000000000000e+00
8.000000000000000444e-01,8.000000000000000000e+00,6.400000000000000355e+00,4.359894843749999999e-02,2.311613562067345473e+00,2.311676705649648778e+00,0.000000000000000000e+00
8.000000000000000444e-01,9.000000000000000000e+00,7.200000000000000178e+00,3.787327243750000100e-02,2.406647916097441442e+00,2.406725678313894612e+00,0.000000000000000000e+00
8.000000000000000444e-01,1.000000000000000000e+01,8.000000000000000000e+00,3.347143374999999449e-02,2.406171370684114574e+00,2.406256097003319105e+00,0.000000000000000000e+00
8.000000000000000444e-01,1.100000000000000000e+01,8.800000000000000711e+00,2.981947187499999971e-02,2.449573484825508629e+00,2.449667643284434870e+00,0.000000000000000000e+00
8.000000000000000444e-01,1.200000000000000000e+01,9.600000000000001421e+00,2.683098032849999537e-02,2.463990707807881986e+00,2.464091519410843478e+00,0.000000000000000000e+00
8.000000000000000444e-01,1.300000000000000000e+01,1.040000000000000036e+01,2.431019802409999445e-02,2.489074836931120860e+00,2.489182331307395746e+00,0.000000000000000000e+00
8.000000000000000444e-01,1.400000000000000000e+01,1.120000000000000107e+01,2.217637246829999922e-02,2.504769662486914239e+00,2.504882747255347653e+00,0.000000000000000000e+00
8.000000000000000444e-01,1.500000000000000000e+01,1.200000000000000000e+01,2.034257623962800257e-02,2.522284831957076090e+00,2.522403175634499117e+00,0.000000000000000000e+00
8.000000000000000444e-01,1.600000000000000000e+01,1.280000000000000071e+01,1.875572103549039138e-02,2.536289920968424649e+00,2.536413056163827395e+00,0.000000000000000000e+00
8.000000000000000444e-01,1.700000000000000000e+01,1.360000000000000142e+01,1.736945460070239353e-02,2.550003553379904808e+00,2.550131230316764697e+00,0.000000000000000000e+00
8.000000000000000444e-01,1.800000000000000000e+01,1.440000000000000036e+01,1.615029921478085967e-02,2.562096485765789744e+00,2.562228494026736136e+00,0.000000000000000000e+00
8.000000000000000444e-01,1.900000000000000000e+01,1.520000000000000107e+01,1.507064210835483593e-02,2.573542199528106700e+00,2.573678402439321555e+00,0.000000000000000000e+00
8.000000000000000444e-01,2.000000000000000000e+01,1.600000000000000000e+01,1.410898692847368033e-02,2.584061765049527892e+00,2.584202072909484560e+00,0.000000000000000000e+00
8.000000000000000444e-01,2.100000000000000000e+01,1.680000000000000071e+01,1.324771742508221509e-02,2.593983858057817393e+00,2.594128215955372685e+00,0.000000000000000000e+00
8.000000000000000444e-01,2.200000000000000000e+01,1.760000000000000142e+01,1.247258858767489285e-02,2.603286662797918982e+00,2.603435050352953084e+00,0.000000000000000000e+00
8.000000000000000444e-01,2.300000000000000000e+01,1.840000000000000213e+01,1.177182090140677963e-02,2.612102179441496475e+00,2.612254600144862771e+00,0.000000000000000000e+00
8.000000000000000444e-01,2.400000000000000000e+01,1.920000000000000284e+01,1.113566689060708353e-02,2.620459970761175761e+00,2.620616453839119231e+00,0.000000000000000000e+00
8.000000000000000444e-01,2.500000000000000000e+01,2.000000000000000000e+01,1.055596384579984490e-02,2.628424507275868294e+00,2.628585101729442819e+00,0.000000000000000000e+00
8.000000000000000444e-01,2.600000000000000000e+01,2.080000000000000071e+01,1.002584472779835013e-02,2.636027473704924073e+00,2.636192248586311848e+00,0.000000000000000000e+00
8.000000000000000444e-01,2.700000000000000000e+01,2.160000000000000142e+01,9.539486840046917243e-03,2.643305743259872553e+00,2.643474783943734696e+00,0.000000000000000000e+00
8.000000000000000444e-01,2.800000000000000000e+01,2.240000000000000213e+01,9.091926936981757981e-03,2.650283986807728809e+00,2.650457393748006485e+00,0.000000000000000000e+00
8.000000000000000444e-01,2.900000000000000000e+01,2.320000000000000284e+01,8.678908683964467463e-03,2.656985560480783715e+00,2.657163446151079800e+00,0.000000000000000000e+00
8.000000000000000444e-01,3.000000000000000000e+01,2.400000000000000000e+01,8.296763659256762430e-03,2.663428357312722206e+00,2.663610844049305371e+00,0.000000000000000000e+00
8.000000000000000444e-01,3.100000000000000000e+01,2.480000000000000071e+01,7.942314163831596524e-03,2.669628174160363354e+00,2.669815391277801542e+00,0.000000000000000000e+00
8.000000000000000444e-01,3.200000000000000000e+01,2.560000000000000142e+01,7.612795089585867696e-03,2.675597938996895131e+00,2.675790020279988024e+00,0.000000000000000000e+00
8.000000000000000444e-01,3.300000000000000000e+01,2.640000000000000213e+01,7.305789824715920588e-03,2.681348899108902284e+00,2.681545980114997008e+00,0.000000000000000000e+00
8.000000000000000444e-01,3.400000000000000000e+01,2.720000000000000284e+01,7.019177771294259939e-03,2.686890634841636150e+00,2.687092850460342408e+00,0.000000000000000000e+00
8.000000000000000444e-01,3.500000000000000000e+01,2.800000000000000000e+01,6.751090912422416657e-03,2.692231559686951048e+00,2.692439041778142528e+00,0.000000000000000000e+00
8.000000000000000444e-01,3.600000000000000000e+01,2.880000000000000071e+01,6.499877770815991156e-03,2.697379065843628076e+00,2.697591941134002802e+00,0.000000000000000000e+00
8.000000000000000444e-01,3.700000000000000000e+01,2.960000000000000142e+01,6.264073294935155502e-03,2.702339772922971228e+00,2.702558161107158519e+00,0.000000000000000000e+00
8.000000000000000444e-01,3.800000000000000000e+01,3.040000000000000213e+01,6.042373597696858341e-03,2.707119656830746290e+00,2.707343668944588000e+00,0.000000000000000000e+00
8.000000000000000444e-01,3.900000000000000000e+01,3.120000000000000284e+01,5.833614654402516538e-03,2.711724188080296027e+00,2.711953925124974241e+00,0.000000000000000000e+00
8.000000000000000444e-01,4.000000000000000000e+01,3.200000000000000000e+01,5.636754265330628025e-03,2.716158422382272786e+00,2.716393974216595897e+00,0.000000000000000000e+00
8.000000000000000444e-01,4.100000000000000000e+01,3.280000000000000426e+01,5.450856715085591886e-03,2.720427081872815567e+00,2.720668526355935590e+00,0.000000000000000000e+00
8.000000000000000444e-01,4.200000000000000000e+01,3.360000000000000142e+01,5.275079674425088051e-03,2.724534613734701960e+00,2.724782016112970773e+00,0.000000000000000000e+00
8.000000000000000444e-01,4.300000000000000000e+01,3.439999999999999858e+01,5.108662973105126785e-03,2.728485238710478544e+00,2.728738651228498124e+00,0.000000000000000000e+00
8.000000000000000444e-01,4.400000000000000000e+01,3.520000000000000284e+01,4.950918941595689772e-03,2.732282987434370813e+00,2.732542449152972175e+00,0.000000000000000000e+00
8.000000000000000444e-01,4.500000000000000000e+01,3.600000000000000000e+01,4.801224073189479420e-03,2.735931729298879400e+00,2.736197266098169489e+00,0.000000000000000000e+00
8.000000000000000444e-01,4.600000000000000000e+01,3.680000000000000426e+01,4.659011802010963078e-03,2.739435194295982257e+00,2.739706819042455610e+00,0.000000000000000000e+00
8.000000000000000444e-01,4.700000000000000000e+01,3.760000000000000142e+01,4.523766227514062523e-03,2.742796989951132858e+00,2.743074702806878484e+00,0.000000000000000000e+00
8.000000000000000444e-01,4.800000000000000000e+01,3.840000000000000568e+01,4.395016644732917081e-03,2.746020614117028913e+00,2.746304402969807157e+00,0.000000000000000000e+00
8.000000000000000444e-01,4.900000000000000000e+01,3.920000000000000284e+01,4.272332762809394856e-03,2.749109464729033281e+00,2.749399305723057907e+00,0.000000000000000000e+00
8.000000000000000444e-01,5.000000000000000000e+01,4.000000000000000000e+01,4.155320513412279378e-03,2.752066847140527628e+00,2.752362705288752931e+00,0.000000000000000000e+00
8.000000000000000444e-01,5.100000000000000000e+01,4.080000000000000426e+01,4.043618366325297045e-03,2.754895979663996908e+00,2.755197809524390973e+00,0.000000000000000000e+00
8.000000000000000444e-01,5.200000000000000000e+01,4.160000000000000142e+01,3.936894082418454684e-03,2.757599997739752506e+00,2.757907744139198147e+00,0.000000000000000000e+00
8.000000000000000444e-01,5.300000000000000000e+01,4.240000000000000568e+01,3.834841844925705213e-03,2.760181957100518169e+00,2.760495555892152453e+00,0.000000000000000000e+00
8.000000000000000444e-01,5.400000000000000000e+01,4.320000000000000284e+01,3.737179718858115157e-03,2.762644836199276366e+00,2.762964215040237814e+00,0.000000000000000000e+00
8.000000000000000444e-01,5.500000000000000000e+01,4.400000000000000000e+01,3.643647395809926793e-03,2.764991538117278491e+00,2.765316617255487941e+00,0.000000000000000000e+00
8.000000000000000444e-01,5.600000000000000000e+01,4.480000000000000426e+01,3.554004187634524168e-03,2.767224892112635892e+00,2.767555585173202104e+00,0.000000000000000000e+00
8.000000000000000444e-01,5.700000000000000000e+01,4.560000000000000142e+01,3.468027237690376758e-03,2.769347654934895875e+00,2.769683869697555423e+00,0.000000000000000000e+00
8.000000000000000444e-01,5.800000000000000000e+01,4.640000000000000568e+01,3.385509922758240132e-03,2.771362511996297240e+00,2.771704151157168283e+00,0.000000000000000000e+00
8.000000000000000444e-01,5.900000000000000000e+01,4.720000000000000284e+01,3.306260422450313548e-03,2.773272078468458357e+00,2.773619040380264966e+00,0.000000000000000000e+00
8.000000000000000444e-01,6.000000000000000000e+01,4.800000000000000000e+01,3.230100436084904804e-03,2.775078900352354605e+00,2.775431079738727380e+00,0.000000000000000000e+00
8.000000000000000444e-01,6.100000000000000000e+01,4.880000000000000426e+01,3.156864029680344231e-03,2.776785455555434545e+00,2.777142744195583823e+00,0.000000000000000000e+00
8.000000000000000444e-01,6.200000000000000000e+01,4.960000000000000142e+01,3.086396598006503188e-03,2.778394154997995358e+00,2.778756442379182179e+00,0.000000000000000000e+00
8.000000000000000444e-01,6.300000000000000000e+01,5.040000000000000568e+01,3.018553928585070590e-03,2.779907343762119787e+00,2.780274517698134495e+00,0.000000000000000000e+00
8.000000000000000444e-01,6.400000000000000000e+01,5.120000000000000284e+01,2.953201356203080403e-03,2.781327302290432790e+00,2.781699249504708149e+00,0.000000000000000000e+00
8.000000000000000444e-01,6.500000000000000000e+01,5.200000000000000000e+01,2.890212997941808692e-03,2.782656247636329017e+00,2.783032854309181570e+00,0.000000000000000000e+00
8.000000000000000444e-01,6.600000000000000000e+01,5.280000000000000426e+01,2.829471059961195800e-03,2.783896334764579095e+00,2.784277487044622301e+00,0.000000000000000000e+00
8.000000000000000444e-01,6.700000000000000000e+01,5.360000000000000142e+01,2.770865208348650792e-03,2.785049657898712727e+00,2.785435242378514253e+00,0.000000000000000000e+00
8.000000000000000444e-01,6.800000000000000000e+01,5.440000000000000568e+01,2.714291997265750201e-03,2.786118251909215360e+00,2.786508156065945485e+00,0.000000000000000000e+00
8.000000000000000444e-01,6.900000000000000000e+01,5.520000000000000284e+01,2.659654348428162202e-03,2.787104093736946453e+00,2.787498206338845819e+00,0.000000000000000000e+00
8.000000000000000444e-01,7.000000000000000000e+01,5.600000000000000000e+01,2.606861076650831329e-03,2.788009103844035774e+00,2.788407315324137326e+00,0.000000000000000000e+00
8.000000000000000444e-01,7.100000000000000000e+01,5.680000000000000426e+01,2.555826456797316744e-03,2.788835147685884586e+00,2.789237350483910305e+00,0.000000000000000000e+00
8.000000000000000444e-01,7.200000000000000000e+01,5.760000000000000142e+01,2.506469828001509689e-03,2.789584037197268884e+00,2.789990126071188570e+00,0.000000000000000000e+00
8.000000000000000444e-01,7.300000000000000000e+01,5.840000000000000568e+01,2.458715231493016802e-03,2.790257532285217223e+00,2.790667404594213696e+00,0.000000000000000000e+00
8.000000000000000444e-01,7.400000000000000000e+01,5.920000000000000284e+01,2.412491078762909937e-03,2.790857342323433521e+00,2.791270898283347623e+00,0.000000000000000000e+00
8.000000000000000444e-01,7.500000000000000000e+01,6.000000000000000000e+01,2.367729847162540480e-03,2.791385127641336172e+00,2.791802270554609056e+00,0.000000000000000000e+00
8.000000000000000444e-01,7.600000000000000000e+01,6.080000000000000426e+01,2.324367800341016477e-03,2.791842501003297450e+00,2.792263137464613187e+00,0.000000000000000000e+00
8.000000000000000444e-01,7.700000000000000000e+01,6.160000000000000142e+01,2.282344731202598422e-03,2.792231029073091619e+00,2.792655069152434777e+00,0.000000000000000000e+00
8.000000000000000444e-01,7.800000000000000000e+01,6.240000000000000568e+01,2.241603725308479074e-03,2.792552233859202815e+00,2.792979591263651251e+00,0.000000000000000000e+00
8.000000000000000444e-01,7.900000000000000000e+01,6.320000000000000284e+01,2.202090942862376579e-03,2.792807594137526106e+00,2.793238186353288022e+00,0.000000000000000000e+00
8.000000000000000444e-01,8.000000000000000000e+01,6.400000000000000000e+01,2.163755417609649831e-03,2.792998546848229680e+00,2.793432295264318022e+00,0.000000000000000000e+00
8.000000000000000444e-01,8.100000000000000000e+01,6.479999999999999716e+01,2.126548871148392379e-03,2.793126488464173995e+00,2.793563318479133972e+00,0.000000000000000000e+00
8.000000000000000444e-01,8.200000000000000000e+01,6.560000000000000853e+01,2.090425541300783632e-03,2.793192776328829119e+00,2.793632617441418109e+00,0.000000000000000000e+00
8.000000000000000444e-01,8.300000000000000000e+01,6.640000000000000568e+01,2.055342023326262729e-03,2.793198729961712701e+00,2.793641515846890577e+00,0.000000000000000000e+00
8.000000000000000444e-01,8.400000000000000000e+01,6.720000000000000284e+01,2.021257122876785398e-03,2.793145632329657513e+00,2.793591300901281382e+00,0.000000000000000000e+00
8.000000000000000444e-01,8.500000000000000000e+01,6.800000000000000000e+01,1.988131719700328166e-03,2.793034731083458677e+00,2.793483224544183408e+00,0.000000000000000000e+00
8.000000000000000444e-01,8.600000000000000000e+01,6.879999999999999716e+01,1.955928641193353627e-03,2.792867239759030618e+00,2.793318504638636846e+00,0.000000000000000000e+00
8.000000000000000444e-01,8.700000000000000000e+01,6.960000000000000853e+01,1.924612544987591971e-03,2.792644338941755233e+00,2.793098326124968001e+00,0.000000000000000000e+00
8.000000000000000444e-01,8.800000000000000000e+01,7.040000000000000568e+01,1.894149809832251525e-03,2.792367177394952105e+00,2.792823842139182666e+00,0.000000000000000000e+00
8.000000000000000444e-01,8.900000000000000000e+01,7.120000000000000284e+01,1.864508434100722997e-03,2.792036873151698462e+00,2.792496175095768862e+00,0.000000000000000000e+00
8.000000000000000444e-01,9.000000000000000000e+01,7.200000000000000000e+01,1.835657941311897006e-03,2.791654514570206302e+00,2.792116417734648692e+00,0.000000000000000000e+00
8.000000000000000444e-01,9.100000000000000000e+01,7.279999999999999716e+01,1.807569292111056236e-03,2.791221161353304669e+00,2.791685634132941907e+00,0.000000000000000000e+00
8.000000000000000444e-01,9.200000000000000000e+01,7.360000000000000853e+01,1.780214802204723454e-03,2.790737845532235806e+00,2.791204860681580247e+00,0.000000000000000000e+00
8.000000000000000444e-01,9.300000000000000000e+01,7.440000000000000568e+01,1.753568065788345311e-03,2.790205572415529911e+00,2.790675107027582591e+00,0.000000000000000000e+00
8.000000000000000444e-01,9.400000000000000000e+01,7.520000000000000284e+01,1.727603884045878684e-03,2.789625321503404809e+00,2.790097356982472743e+00,0.000000000000000000e+00
8.000000000000000444e-01,9.500000000000000000e+01,7.600000000000000000e+01,1.702298198336621741e-03,2.788998047368689726e+00,2.789472569397283053e+00,0.000000000000000000e+00
8.000000000000000444e-01,9.600000000000000000e+01,7.680000000000001137e+01,1.677628027717456820e-03,2.788324680504547626e+00,2.788801679005446843e+00,0.000000000000000000e+00
8.000000000000000444e-01,9.700000000000000000e+01,7.760000000000000853e+01,1.653571410478384737e-03,2.787606128140601047e+00,2.788085597233919799e+00,0.000000000000000000e+00
8.000000000000000444e-01,9.800000000000000000e+01,7.840000000000000568e+01,1.630107349396140923e-03,2.786843275027686140e+00,2.787325212983415845e+00,0.000000000000000000e+00
8.000000000000000444e-01,9.900000000000000000e+01,7.920000000000000284e+01,1.607215760435141451e-03,2.786036984192545418e+00,2.786521393379261191e+00,0.000000000000000000e+00
8.000000000000000444e-01,1.000000000000000000e+02,8.000000000000000000e+01,1.584877424647156575e-03,2.785188097663221285e+00,2.785674984492744866e+00,0.000000000000000000e+00
8.000000000000000444e-01,1.010000000000000000e+02,8.080000000000001137e+01,1.563073943041317455e-03,2.784297437166002087e+00,2.784786812034698578e+00,0.000000000000000000e+00
8.000000000000000444e-01,1.020000000000000000e+02,8.160000000000000853e+01,1.541787694214375413e-03,2.783365804795267184e+00,2.783857682022170099e+00,0.000000000000000000e+00
8.000000000000000444e-01,1.030000000000000000e+02,8.240000000000000568e+01,1.521001794547881822e-03,2.782393983657004188e+00,2.782888381418650692e+00,0.000000000000000000e+00
8.000000000000000444e-01,1.040000000000000000e+02,8.320000000000000284e+01,1.500700060794166353e-03,2.781382738486364303e+00,2.781879678749294094e+00,0.000000000000000000e+00
8.000000000000000444e-01,1.050000000000000000e+02,8.400000000000000000e+01,1.480866974886936322e-03,2.780332816241129379e+00,2.780832324691605351e+00,0.000000000000000000e+00
8.000000000000000444e-01,1.060000000000000000e+02,8.480000000000001137e+01,1.461487650824967515e-03,2.779244946672031258e+00,2.779747052643289251e+00,0.000000000000000000e+00
8.000000000000000444e-01,1.070000000000000000e+02,8.560000000000000853e+01,1.442547803489022465e-03,2.778119842869243961e+00,2.778624579266957273e+00,0.000000000000000000e+00
8.000000000000000444e-01,1.080000000000000000e+02,8.640000000000000568e+01,1.424033719262721761e-03,2.776958201787985026e+00,2.777465605013551997e+00,0.000000000000000000e+00
8.000000000000000444e-01,1.090000000000000000e+02,8.720000000000000284e+01,1.405932228337825572e-03,2.775760704753393426e+00,2.776270814625353633e+00,0.000000000000000000e+00
8.000000000000000444e-01,1.100000000000000000e+02,8.800000000000000000e+01,1.388230678593304224e-03,2.774528017944537961e+00,2.775040877618556223e+00,0.000000000000000000e+00
8.000000000000000444e-01,1.110000000000000000e+02,8.880000000000001137e+01,1.370916910945759381e-03,2.773260792859740143e+00,2.773776448747047318e+00,0.000000000000000000e+00
8.000000000000000444e-01,1.120000000000000000e+02,8.960000000000000853e+01,1.353979236076238799e-03,2.771959666763537555e+00,2.772478168447842783e+00,0.000000000000000000e+00
8.000000000000000444e-01,1.130000000000000000e+02,9.040000000000000568e+01,1.337406412445414378e-03,2.770625263115528814e+00,2.771146663269172361e+00,0.000000000000000000e+00
8.000000000000000444e-01,1.140000000000000000e+02,9.120000000000000284e+01,1.321187625515407192e-03,2.769258191983081652e+00,2.769782546281676083e+00,0.000000000000000000e+00
8.000000000000000444e-01,1.150000000000000000e+02,9.200000000000000000e+01,1.305312468102386159e-03,2.767859050437090573e+00,2.768386417473470473e+00,0.000000000000000000e+00
8.000000000000000444e-01,1.160000000000000000e+02,9.280000000000001137e+01,1.289770921789445751e-03,2.766428422932524001e+00,2.766958864129908768e+00,0.000000000000000000e+00
8.000000000000000444e-01,1.170000000000000000e+02,9.360000000000000853e+01,1.274553339334194742e-03,2.764966881674510546e+00,2.765500461198877158e+00,0.000000000000000000e+00
8.000000000000000444e-01,1.180000000000000000e+02,9.440000000000000568e+01,1.259650428010072225e-03,2.763474986969766789e+00,2.764011771641750936e+00,0.000000000000000000e+00
8.000000000000000444e-01,1.190000000000000000e+02,9.520000000000000284e+01,1.245053233824604949e-03,2.761953287564725912e+00,2.762493346771009328e+00,0.000000000000000000e+00
8.000000000000000444e-01,1.200000000000000000e+02,9.600000000000000000e+01,1.230753126561711210e-03,2.760402320970918755e+00,2.760945726575235959e+00,0.000000000000000000e+00
8.000000000000000444e-01,1.210000000000000000e+02,9.680000000000001137e+01,1.216741785598745261e-03,2.758822613777684563e+00,2.759369440031600895e+00,0.000000000000000000e+00
8.000000000000000444e-01,1.220000000000000000e+02,9.760000000000000853e+01,1.203011186452305776e-03,2.757214681952979696e+00,2.757765005406593861e+00,0.000000000000000000e+00
8.000000000000000444e-01,1.230000000000000000e+02,9.840000000000000568e+01,1.189553588009893042e-03,2.755579031133250201e+00,2.756132930545785342e+00,0.000000000000000000e+00
8.000000000000000444e-01,1.240000000000000000e+02,9.920000000000000284e+01,1.176361520407351443e-03,2.753916156902324275e+00,2.754473713152806980e+00,0.000000000000000000e+00
8.000000000000000444e-01,1.250000000000000000e+02,1.000000000000000000e+02,1.163427773514667330e-03,2.752226545060194152e+00,2.752787841058129459e+00,0.000000000000000000e+00
8.000000000000000444e-01,1.260000000000000000e+02,1.008000000000000114e+02,1.150745385995132668e-03,2.750510671881664759e+00,2.751075792477970072e+00,0.000000000000000000e+00
8.000000000000000444e-01,1.270000000000000000e+02,1.016000000000000085e+02,1.138307634905157822e-03,2.748769004365803958e+00,2.749338036264036056e+00,0.000000000000000000e+00
8.000000000000000444e-01,1.280000000000000000e+02,1.024000000000000057e+02,1.126108025804107128e-03,nan,nan,0.000000000000000000e+00
