rho,sigma,rho_sigma,P_mean,Ds_of_mean_P,mean_Ds,absolute_truncation_bound
2.000000000000000111e-01,0.000000000000000000e+00,0.000000000000000000e+00,1.000000000000000000e+00,nan,nan,0.000000000000000000e+00
2.000000000000000111e-01,1.000000000000000000e+00,2.000000000000000111e-01,8.000000000000004885e-01,4.374999999999986122e-01,4.374999999999987232e-01,0.000000000000000000e+00
2.000000000000000111e-01,2.000000000000000000e+00,4.000000000000000222e-01,6.500000000000009104e-01,8.118845308743962708e-01,8.118845308743951605e-01,0.000000000000000000e+00
2.000000000000000111e-01,3.000000000000000000e+00,6.000000000000000888e-01,5.361375274658213286e-01,1.126783652773541977e+00,1.126783654071688900e+00,0.000000000000000000e+00
2.000000000000000111e-01,4.000000000000000000e+00,8.000000000000000444e-01,4.486296661376964479e-01,1.387447759024264649e+00,1.387447773294894438e+00,0.000000000000000000e+00
2.000000000000000111e-01,5.000000000000000000e+00,1.000000000000000000e+00,3.805249712371835957e-01,1.600182424711576790e+00,1.600182494268739042e+00,0.000000000000000000e+00
2.000000000000000111e-01,6.000000000000000000e+00,1.200000000000000178e+00,3.268477919101725471e-01,1.771758198425584352e+00,1.771758421088485136e+00,0.000000000000000000e+00
2.000000000000000111e-01,7.000000000000000000e+00,1.400000000000000133e+00,2.840090954114923294e-01,1.908889822670974512e+00,1.908890370148657034e+00,0.000000000000000000e+00
2.000000000000000111e-01,8.000000000000000000e+00,1.600000000000000089e+00,2.493989245134600463e-01,2.017842963778391674e+00,2.017844085178689184e+00,0.000000000000000000e+00
2.000000000000000111e-01,9.000000000000000000e+00,1.800000000000000044e+00,2.211031122860693809e-01,2.104186713393340291e+00,2.104188721936173234e+00,0.000000000000000000e+00
2.000000000000000111e-01,1.000000000000000000e+01,2.000000000000000000e+00,1.977053432732086002e-01,2.172679148266939642e+00,2.172682395281397838e+00,0.000000000000000000e+00
2.000000000000000111e-01,1.100000000000000000e+01,2.200000000000000178e+00,1.781480846030036036e-01,2.227256003337594770e+00,2.227260846670775507e+00,0.000000000000000000e+00
2.000000000000000111e-01,1.200000000000000000e+01,2.400000000000000355e+00,1.616343077354691904e-01,2.271087805028616735e+00,2.271094578901672989e+00,0.000000000000000000e+00
2.000000000000000111e-01,1.300000000000000000e+01,2.600000000000000089e+00,1.475576091719813798e-01,2.306674412906219107e+00,2.306683404186343100e+00,0.000000000000000000e+00
2.000000000000000111e-01,1.400000000000000000e+01,2.800000000000000266e+00,1.354522030041903080e-01,2.335953363020979889e+00,2.335964796233434004e+00,0.000000000000000000e+00
2.000000000000000111e-01,1.500000000000000000e+01,3.000000000000000000e+00,1.249568928051071753e-01,2.360406421686558343e+00,2.360420452836973215e+00,0.000000000000000000e+00
2.000000000000000111e-01,1.600000000000000000e+01,3.200000000000000178e+00,1.157889328567787146e-01,2.381155555755798403e+00,2.381172273578312737e+00,0.000000000000000000e+00
2.000000000000000111e-01,1.700000000000000000e+01,3.400000000000000355e+00,1.077249265071725665e-01,2.399044482818843971e+00,2.399063915407053660e+00,0.000000000000000000e+00
2.000000000000000111e-01,1.800000000000000000e+01,3.600000000000000089e+00,1.005867628215376675e-01,2.414705152367264240e+00,2.414727277079755652e+00,0.000000000000000000e+00
2.000000000000000111e-01,1.900000000000000000e+01,3.800000000000000266e+00,9.423118348244417797e-02,2.428610297460642276e+00,2.428635052278452999e+00,0.000000000000000000e+00
2.000000000000000111e-01,2.000000000000000000e+01,4.000000000000000000e+00,8.854198268746571454e-02,2.441114013407247540e+00,2.441141308355004202e+00,0.000000000000000000e+00
2.000000000000000111e-01,2.100000000000000000e+01,4.200000000000000178e+00,8.342412974678245496e-02,2.452482532990713171e+00,2.452512260682680800e+00,0.000000000000000000e+00
2.000000000000000111e-01,2.200000000000000000e+01,4.400000000000000355e+00,7.879930549537357554e-02,2.462917248038777096e+00,2.462949292802437018e+00,0.000000000000000000e+00
2.000000000000000111e-01,2.300000000000000000e+01,4.600000000000000533e+00,7.460248571778098359e-02,2.472571754170217240e+00,2.472605999504086771e+00,0.000000000000000000e+00
2.000000000000000111e-01,2.400000000000000000e+01,4.800000000000000711e+00,7.077930553986608309e-02,2.481564377260259580e+00,2.481600711598014097e+00,0.000000000000000000e+00
2.000000000000000111e-01,2.500000000000000000e+01,5.000000000000000000e+00,6.728401058132467416e-02,2.489987334671895258e+00,2.490025655562862816e+00,0.000000000000000000e+00
2.000000000000000111e-01,2.600000000000000000e+01,5.200000000000000178e+00,6.407785217292895352e-02,2.497913418177402090e+00,2.497953635071212375e+00,0.000000000000000000e+00
2.000000000000000111e-01,2.700000000000000000e+01,5.400000000000000355e+00,6.112782109091131899e-02,2.505400866915186597e+00,2.505442902772272440e+00,0.000000000000000000e+00
2.000000000000000111e-01,2.800000000000000000e+01,5.600000000000000533e+00,5.840564121167689249e-02,2.512496926180865842e+00,2.512540718134777862e+00,0.000000000000000000e+00
2.000000000000000111e-01,2.900000000000000000e+01,5.800000000000000711e+00,5.588696416176986564e-02,2.519240455463207962e+00,2.519285954747327860e+00,0.000000000000000000e+00
2.000000000000000111e-01,3.000000000000000000e+01,6.000000000000000000e+00,5.355072048583713051e-02,2.525663849692282525e+00,2.525711021020121017e+00,0.000000000000000000e+00
2.000000000000000111e-01,3.100000000000000000e+01,6.200000000000000178e+00,5.137859353323470657e-02,2.531794464171136738e+00,2.531843284731621235e+00,0.000000000000000000e+00
2.000000000000000111e-01,3.200000000000000000e+01,6.400000000000000355e+00,4.935459020569704647e-02,2.537655680016240645e+00,2.537706138217529439e+00,0.000000000000000000e+00
2.000000000000000111e-01,3.300000000000000000e+01,6.600000000000000533e+00,4.746468865291092465e-02,2.543267708151029538e+00,2.543319802219901504e+00,0.000000000000000000e+00
2.000000000000000111e-01,3.400000000000000000e+01,6.800000000000000711e+00,4.569654748059429061e-02,2.548648202063946933e+00,2.548701938584410964e+00,0.000000000000000000e+00
2.000000000000000111e-01,3.500000000000000000e+01,7.000000000000000000e+00,4.403926443005955899e-02,2.553812729669108439e+00,2.553868122123423401e+00,0.000000000000000000e+00
2.000000000000000111e-01,3.600000000000000000e+01,7.200000000000000178e+00,4.248317507754428846e-02,2.558775140467347775e+00,2.558832207825830540e+00,0.000000000000000000e+00
2.000000000000000111e-01,3.700000000000000000e+01,7.400000000000000355e+00,4.101968408904449470e-02,2.563547854159673012e+00,2.563606619552099897e+00,0.000000000000000000e+00
2.000000000000000111e-01,3.800000000000000000e+01,7.600000000000000533e+00,3.964112310119894539e-02,2.568142089727477817e+00,2.568202579217246040e+00,0.000000000000000000e+00
2.000000000000000111e-01,3.900000000000000000e+01,7.800000000000000711e+00,3.834063049114298793e-02,2.572568048911467287e+00,2.572630290385822693e+00,0.000000000000000000e+00
2.000000000000000111e-01,4.000000000000000000e+01,8.000000000000000000e+00,3.711204923000317041e-02,2.576835064395643027e+00,2.576899086577910669e+00,0.000000000000000000e+00
2.000000000000000111e-01,4.100000000000000000e+01,8.200000000000001066e+00,3.594983974695675072e-02,2.580951720394550897e+00,2.581017551979634117e+00,0.000000000000000000e+00
2.000000000000000111e-01,4.200000000000000000e+01,8.400000000000000355e+00,3.484900530944667202e-02,2.584925951457652804e+00,2.584993620368604361e+00,0.000000000000000000e+00
2.000000000000000111e-01,4.300000000000000000e+01,8.599999999999999645e+00,3.380502788488831678e-02,2.588765123933906676e+00,2.588834656694049219e+00,0.000000000000000000e+00
2.000000000000000111e-01,4.400000000000000000e+01,8.800000000000000711e+00,3.281381281637662378e-02,2.592476103525971798e+00,2.592547524740115072e+00,0.000000000000000000e+00
2.000000000000000111e-01,4.500000000000000000e+01,9.000000000000000000e+00,3.187164093961489253e-02,2.596065311611187809e+00,2.596138643547816205e+00,0.000000000000000000e+00
2.000000000000000111e-01,4.600000000000000000e+01,9.200000000000001066e+00,3.097512700598859664e-02,2.599538772440095347e+00,2.599614034705722165e+00,0.000000000000000000e+00
2.000000000000000111e-01,4.700000000000000000e+01,9.400000000000000355e+00,3.012118346932524809e-02,2.602902152891001908e+00,2.602979362187934242e+00,0.000000000000000000e+00
2.000000000000000111e-01,4.800000000000000000e+01,9.600000000000001421e+00,2.930698885067090434e-02,2.606160796125574386e+00,2.606239966084224147e+00,0.000000000000000000e+00
2.000000000000000111e-01,4.900000000000000000e+01,9.800000000000000711e+00,2.852996002359383526e-02,2.609319750231255952e+00,2.609400891308227166e+00,0.000000000000000000e+00
2.000000000000000111e-01,5.000000000000000000e+01,1.000000000000000000e+01,2.778772786775515757e-02,2.612383792731561183e+00,2.612466912165158028e+00,0.000000000000000000e+00
2.000000000000000111e-01,5.100000000000000000e+01,1.020000000000000107e+01,2.707811582522266086e-02,2.615357451681050716e+00,2.615442553496411193e+00,0.000000000000000000e+00
2.000000000000000111e-01,5.200000000000000000e+01,1.040000000000000036e+01,2.639912096577518366e-02,2.618245023932729953e+00,2.618332108989227969e+00,0.000000000000000000e+00
2.000000000000000111e-01,5.300000000000000000e+01,1.060000000000000142e+01,2.574889722705267850e-02,2.621050591059771673e+00,2.621139657134006651e+00,0.000000000000000000e+00
2.000000000000000111e-01,5.400000000000000000e+01,1.080000000000000071e+01,2.512574054509398094e-02,2.623778033326026105e+00,2.623869075223853820e+00,0.000000000000000000e+00
2.000000000000000111e-01,5.500000000000000000e+01,1.100000000000000000e+01,2.452807563236255456e-02,2.626431042031905694e+00,2.626524051724272724e+00,0.000000000000000000e+00
2.000000000000000111e-01,5.600000000000000000e+01,1.120000000000000107e+01,2.395444419523682852e-02,2.629013130503518703e+00,2.629108097280882905e+00,0.000000000000000000e+00
2.000000000000000111e-01,5.700000000000000000e+01,1.140000000000000036e+01,2.340349441230556507e-02,2.631527643945864803e+00,2.631624554586441178e+00,0.000000000000000000e+00
2.000000000000000111e-01,5.800000000000000000e+01,1.160000000000000142e+01,2.287397151960674641e-02,2.633977768342399717e+00,2.634076607290661620e+00,0.000000000000000000e+00
2.000000000000000111e-01,5.900000000000000000e+01,1.180000000000000071e+01,2.236470936995485145e-02,2.636366538551166094e+00,2.636467288102763096e+00,0.000000000000000000e+00
2.000000000000000111e-01,6.000000000000000000e+01,1.200000000000000000e+01,2.187462285134622597e-02,2.638696845721480333e+00,2.638799486211387268e+00,0.000000000000000000e+00
2.000000000000000111e-01,6.100000000000000000e+01,1.220000000000000107e+01,2.140270106463494637e-02,2.640971444132193646e+00,2.641075954123906389e+00,0.000000000000000000e+00
2.000000000000000111e-01,6.200000000000000000e+01,1.240000000000000036e+01,2.094800117365772443e-02,2.643192957536621535e+00,2.643299314009748713e+00,0.000000000000000000e+00
2.000000000000000111e-01,6.300000000000000000e+01,1.260000000000000142e+01,2.050964285210783375e-02,2.645363885082431032e+00,2.645472063616751690e+00,0.000000000000000000e+00
2.000000000000000111e-01,6.400000000000000000e+01,1.280000000000000071e+01,2.008680326100843738e-02,2.647486606863316272e+00,2.647596581818105754e+00,0.000000000000000000e+00
2.000000000000000111e-01,6.500000000000000000e+01,1.300000000000000000e+01,1.967871249885442403e-02,2.649563389150146442e+00,2.649675133837038121e+00,0.000000000000000000e+00
2.000000000000000111e-01,6.600000000000000000e+01,1.320000000000000107e+01,1.928464947358419015e-02,2.651596389338820359e+00,2.651709876187449133e+00,0.000000000000000000e+00
2.000000000000000111e-01,6.700000000000000000e+01,1.340000000000000036e+01,1.890393815167532368e-02,2.653587660647626745e+00,2.653702861363012921e+00,0.000000000000000000e+00
2.000000000000000111e-01,6.800000000000000000e+01,1.360000000000000142e+01,1.853594414497327161e-02,2.655539156589092009e+00,2.655656042300567066e+00,0.000000000000000000e+00
2.000000000000000111e-01,6.900000000000000000e+01,1.380000000000000071e+01,1.818007160047937013e-02,2.657452735239028918e+00,2.657571276639957070e+00,0.000000000000000000e+00
2.000000000000000111e-01,7.000000000000000000e+01,1.400000000000000000e+01,1.783576036234232540e-02,2.659330163320528406e+00,2.659450330798430517e+00,0.000000000000000000e+00
2.000000000000000111e-01,7.100000000000000000e+01,1.420000000000000107e+01,1.750248337880317556e-02,2.661173120115976953e+00,2.661294883873485340e+00,0.000000000000000000e+00
2.000000000000000111e-01,7.200000000000000000e+01,1.440000000000000036e+01,1.717974432990644271e-02,2.662983201221526652e+00,2.663106531387651632e+00,0.000000000000000000e+00
2.000000000000000111e-01,7.300000000000000000e+01,1.460000000000000142e+01,1.686707545447231962e-02,2.664761922153618290e+00,2.664886788885703073e+00,0.000000000000000000e+00
2.000000000000000111e-01,7.400000000000000000e+01,1.480000000000000071e+01,1.656403555717808965e-02,2.666510721815638085e+00,2.666637095391982903e+00,0.000000000000000000e+00
2.000000000000000111e-01,7.500000000000000000e+01,1.500000000000000000e+01,1.627020817866487584e-02,2.668230965832913082e+00,2.668358816736485117e+00,0.000000000000000000e+00
2.000000000000000111e-01,7.600000000000000000e+01,1.520000000000000107e+01,1.598519991340660237e-02,2.669923949762012860e+00,2.670053248755587916e+00,0.000000000000000000e+00
2.000000000000000111e-01,7.700000000000000000e+01,1.540000000000000036e+01,1.570863886168411341e-02,2.671590902179485472e+00,2.671721620372375927e+00,0.000000000000000000e+00
2.000000000000000111e-01,7.800000000000000000e+01,1.560000000000000142e+01,1.544017320342610383e-02,2.673232987656266602e+00,2.673365096563038001e+00,0.000000000000000000e+00
2.000000000000000111e-01,7.900000000000000000e+01,1.580000000000000071e+01,1.517946988293379304e-02,2.674851309620526862e+00,2.674984781212318641e+00,0.000000000000000000e+00
2.000000000000000111e-01,8.000000000000000000e+01,1.600000000000000000e+01,1.492621339461963799e-02,2.676446913112975778e+00,2.676581719861766739e+00,0.000000000000000000e+00
2.000000000000000111e-01,8.100000000000000000e+01,1.619999999999999929e+01,1.468010466087760202e-02,2.678020787439769013e+00,2.678156902355763425e+00,0.000000000000000000e+00
2.000000000000000111e-01,8.200000000000000000e+01,1.640000000000000213e+01,1.444085999408109902e-02,2.679573868724591801e+00,2.679711265387585861e+00,0.000000000000000000e+00
2.000000000000000111e-01,8.300000000000000000e+01,1.660000000000000142e+01,1.420821013548674745e-02,2.681107042363197301e+00,2.681245694948181324e+00,0.000000000000000000e+00
2.000000000000000111e-01,8.400000000000000000e+01,1.680000000000000071e+01,1.398189936451929571e-02,2.682621145384802119e+00,2.682761028682049798e+00,0.000000000000000000e+00
2.000000000000000111e-01,8.500000000000000000e+01,1.700000000000000000e+01,1.376168467253553566e-02,2.684116968721682372e+00,2.684258058152030113e+00,0.000000000000000000e+00
2.000000000000000111e-01,8.600000000000000000e+01,1.719999999999999929e+01,1.354733499572224019e-02,2.685595259389360834e+00,2.685737531015100821e+00,0.000000000000000000e+00
2.000000000000000111e-01,8.700000000000000000e+01,1.740000000000000213e+01,1.333863050228121898e-02,2.687056722582155111e+00,2.687200153113598944e+00,0.000000000000000000e+00
2.000000000000000111e-01,8.800000000000000000e+01,1.760000000000000142e+01,1.313536192950161795e-02,2.688502023684530506e+00,2.688646590483096954e+00,0.000000000000000000e+00
2.000000000000000111e-01,8.900000000000000000e+01,1.780000000000000071e+01,1.293732996672106172e-02,2.689931790201023354e+00,2.690077471279022081e+00,0.000000000000000000e+00
2.000000000000000111e-01,9.000000000000000000e+01,1.800000000000000000e+01,1.274434468053753551e-02,2.691346613608811111e+00,2.691493387625929046e+00,0.000000000000000000e+00
2.000000000000000111e-01,9.100000000000000000e+01,1.819999999999999929e+01,1.255622497895852660e-02,2.692747051133459468e+00,2.692894897391013398e+00,0.000000000000000000e+00
2.000000000000000111e-01,9.200000000000000000e+01,1.840000000000000213e+01,1.237279811146655903e-02,2.694133627451288149e+00,2.694282525883885615e+00,0.000000000000000000e+00
2.000000000000000111e-01,9.300000000000000000e+01,1.860000000000000142e+01,1.219389920224365868e-02,2.695506836320130439e+00,2.695656767485409500e+00,0.000000000000000000e+00
2.000000000000000111e-01,9.400000000000000000e+01,1.880000000000000071e+01,1.201937081403595294e-02,2.696867142141516904e+00,2.697018087208268966e+00,0.000000000000000000e+00
2.000000000000000111e-01,9.500000000000000000e+01,1.900000000000000000e+01,1.184906254035442141e-02,2.698214981455821171e+00,2.698366922190326367e+00,0.000000000000000000e+00
2.000000000000000111e-01,9.600000000000000000e+01,1.920000000000000284e+01,1.168283062390341326e-02,2.699550764372980804e+00,2.699703683124311748e+00,0.000000000000000000e+00
2.000000000000000111e-01,9.700000000000000000e+01,1.940000000000000213e+01,1.152053759930443677e-02,2.700874875941156272e+00,2.701028755625412892e+00,0.000000000000000000e+00
2.000000000000000111e-01,9.800000000000000000e+01,1.960000000000000142e+01,1.136205195834365245e-02,2.702187677454580328e+00,2.702342501538368857e+00,0.000000000000000000e+00
2.000000000000000111e-01,9.900000000000000000e+01,1.980000000000000071e+01,1.120724783611632552e-02,2.703489507704489370e+00,2.703645260187601096e+00,0.000000000000000000e+00
2.000000000000000111e-01,1.000000000000000000e+02,2.000000000000000000e+01,1.105600471657411377e-02,2.704780684173045291e+00,2.704937349570792904e+00,0.000000000000000000e+00
2.000000000000000111e-01,1.010000000000000000e+02,2.020000000000000284e+01,1.090820715610116808e-02,2.706061504173991494e+00,2.706219067499222142e+00,0.000000000000000000e+00
2.000000000000000111e-01,1.020000000000000000e+02,2.040000000000000213e+01,1.076374452385450362e-02,2.707332245941685755e+00,2.707490692686481459e+00,0.000000000000000000e+00
2.000000000000000111e-01,1.030000000000000000e+02,2.060000000000000142e+01,1.062251075770401579e-02,2.708593169669378575e+00,2.708752485786878772e+00,0.000000000000000000e+00
2.000000000000000111e-01,1.040000000000000000e+02,2.080000000000000071e+01,1.048440413469861436e-02,2.709844518499786581e+00,2.710004690386152770e+00,0.000000000000000000e+00
2.000000000000000111e-01,1.050000000000000000e+02,2.100000000000000000e+01,1.034932705506796252e-02,2.711086519469920741e+00,2.711247533946075094e+00,0.000000000000000000e+00
2.000000000000000111e-01,1.060000000000000000e+02,2.120000000000000284e+01,1.021718583884547067e-02,2.712319384410919021e+00,2.712481228704862080e+00,0.000000000000000000e+00
2.000000000000000111e-01,1.070000000000000000e+02,2.140000000000000213e+01,1.008789053426768605e-02,2.713543310805775377e+00,2.713705972535096933e+00,0.000000000000000000e+00
2.000000000000000111e-01,1.080000000000000000e+02,2.160000000000000142e+01,9.961354737168807288e-03,2.714758482605974077e+00,2.714921949760803255e+00,0.000000000000000000e+00
2.000000000000000111e-01,1.090000000000000000e+02,2.180000000000000071e+01,9.837495420647535821e-03,2.715965071008028975e+00,2.716129331934401314e+00,0.000000000000000000e+00
2.000000000000000111e-01,1.100000000000000000e+02,2.200000000000000000e+01,9.716232774336879333e-03,2.717163235194197668e+00,2.717328278577776146e+00,0.000000000000000000e+00
2.000000000000000111e-01,1.110000000000000000e+02,2.220000000000000284e+01,9.597490052656471385e-03,2.718353123035436081e+00,2.718518937885993747e+00,0.000000000000000000e+00
2.000000000000000111e-01,1.120000000000000000e+02,2.240000000000000213e+01,9.481193431472552738e-03,2.719534871760152850e+00,2.719701447396462246e+00,0.000000000000000000e+00
2.000000000000000111e-01,1.130000000000000000e+02,2.260000000000000142e+01,9.367271872631534671e-03,2.720708608590840960e+00,2.720875934626151071e+00,0.000000000000000000e+00
2.000000000000000111e-01,1.140000000000000000e+02,2.280000000000000071e+01,9.255656995871849521e-03,2.721874451347707335e+00,2.722042517675824502e+00,0.000000000000000000e+00
2.000000000000000111e-01,1.150000000000000000e+02,2.300000000000000000e+01,9.146282957653453435e-03,2.723032509022280223e+00,2.723201305804300087e+00,0.000000000000000000e+00
2.000000000000000111e-01,1.160000000000000000e+02,2.320000000000000284e+01,9.039086336477007710e-03,2.724182882322600641e+00,2.724352399974234729e+00,0.000000000000000000e+00
2.000000000000000111e-01,1.170000000000000000e+02,2.340000000000000213e+01,8.934006024294257123e-03,2.725325664190144881e+00,2.725495893369696887e+00,0.000000000000000000e+00
2.000000000000000111e-01,1.180000000000000000e+02,2.360000000000000142e+01,8.830983123639071786e-03,2.726460940290028390e+00,2.726631871886934899e+00,0.000000000000000000e+00
2.000000000000000111e-01,1.190000000000000000e+02,2.380000000000000071e+01,8.729960850133559186e-03,2.727588789476624420e+00,2.727760414600528982e+00,0.000000000000000000e+00
2.000000000000000111e-01,1.200000000000000000e+02,2.400000000000000000e+01,8.630884440047524586e-03,2.728709284233783450e+00,2.728881594204642713e+00,0.000000000000000000e+00
2.000000000000000111e-01,1.210000000000000000e+02,2.420000000000000284e+01,8.533701062611004362e-03,2.729822491093347736e+00,2.729995477431625073e+00,0.000000000000000000e+00
2.000000000000000111e-01,1.220000000000000000e+02,2.440000000000000213e+01,8.438359736799733515e-03,2.730928471030416915e+00,2.731102125448014561e+00,0.000000000000000000e+00
2.000000000000000111e-01,1.230000000000000000e+02,2.460000000000000142e+01,8.344811252332126270e-03,2.732027279837815126e+00,2.732201594229872299e+00,0.000000000000000000e+00
2.000000000000000111e-01,1.240000000000000000e+02,2.480000000000000071e+01,8.253008094633319455e-03,2.733118968481261568e+00,2.733293934918161749e+00,0.000000000000000000e+00
2.000000000000000111e-01,1.250000000000000000e+02,2.500000000000000000e+01,8.162904373537999483e-03,2.734203583434389184e+00,2.734379194154455295e+00,0.000000000000000000e+00
2.000000000000000111e-01,1.260000000000000000e+02,2.520000000000000284e+01,8.074455755518440692e-03,2.735281166995935820e+00,2.735457414398704046e+00,0.000000000000000000e+00
2.000000000000000111e-01,1.270000000000000000e+02,2.540000000000000213e+01,7.987619399237907980e-03,2.736351757589400968e+00,2.736528634229193457e+00,0.000000000000000000e+00
2.000000000000000111e-01,1.280000000000000000e+02,2.560000000000000142e+01,7.902353894242378912e-03,2.737415390046351149e+00,2.737592888626573018e+00,0.000000000000000000e+00
2.000000000000000111e-01,1.290000000000000000e+02,2.580000000000000071e+01,7.818619202615315761e-03,2.738472095873701662e+00,2.738650209241637601e+00,0.000000000000000000e+00
2.000000000000000111e-01,1.300000000000000000e+02,2.600000000000000000e+01,7.736376603431337554e-03,2.739521903506155542e+00,2.739700624647817051e+00,0.000000000000000000e+00
2.000000000000000111e-01,1.310000000000000000e+02,2.620000000000000284e+01,7.655588639854756482e-03,2.740564838544573778e+00,2.740744160580478539e+00,0.000000000000000000e+00
2.000000000000000111e-01,1.320000000000000000e+02,2.640000000000000213e+01,7.576219068738610646e-03,2.741600923979675919e+00,2.741780840160723987e+00,0.000000000000000000e+00
2.000000000000000111e-01,1.330000000000000000e+02,2.660000000000000142e+01,7.498232812588648787e-03,2.742630180403968332e+00,2.742810684107584329e+00,0.000000000000000000e+00
2.000000000000000111e-01,1.340000000000000000e+02,2.680000000000000071e+01,7.421595913764919214e-03,2.743652626211290357e+00,2.743833710938398340e+00,0.000000000000000000e+00
2.000000000000000111e-01,1.350000000000000000e+02,2.700000000000000000e+01,7.346275490801483857e-03,2.744668277783524069e+00,2.744849937155481090e+00,0.000000000000000000e+00
2.000000000000000111e-01,1.360000000000000000e+02,2.720000000000000284e+01,7.272239696731871636e-03,2.745677149667801853e+00,2.745859377423564229e+00,0.000000000000000000e+00
2.000000000000000111e-01,1.370000000000000000e+02,2.740000000000000213e+01,7.199457679314544105e-03,2.746679254741914988e+00,2.746862044735883579e+00,0.000000000000000000e+00
2.000000000000000111e-01,1.380000000000000000e+02,2.760000000000000142e+01,7.127899543059129824e-03,2.747674604369768847e+00,2.747857950569748020e+00,0.000000000000000000e+00
2.000000000000000111e-01,1.390000000000000000e+02,2.780000000000000071e+01,7.057536312959743728e-03,2.748663208548283166e+00,2.748847105033657812e+00,0.000000000000000000e+00
2.000000000000000111e-01,1.400000000000000000e+02,2.800000000000000000e+01,6.988339899847432340e-03,2.749645076044423764e+00,2.749829517004316326e+00,0.000000000000000000e+00
2.000000000000000111e-01,1.410000000000000000e+02,2.820000000000000284e+01,6.920283067278741769e-03,2.750620214524081231e+00,2.750805194256341402e+00,0.000000000000000000e+00
2.000000000000000111e-01,1.420000000000000000e+02,2.840000000000000213e+01,6.853339399882286097e-03,2.751588630672076263e+00,2.751774143582195187e+00,0.000000000000000000e+00
2.000000000000000111e-01,1.430000000000000000e+02,2.860000000000000142e+01,6.787483273089635512e-03,2.752550330305020942e+00,2.752736370904839358e+00,0.000000000000000000e+00
2.000000000000000111e-01,1.440000000000000000e+02,2.880000000000000071e+01,6.722689824181008605e-03,2.753505318477930786e+00,2.753691881385166962e+00,0.000000000000000000e+00
2.000000000000000111e-01,1.450000000000000000e+02,2.900000000000000000e+01,6.658934924580191955e-03,2.754453599581709877e+00,2.754640679519232638e+00,0.000000000000000000e+00
2.000000000000000111e-01,1.460000000000000000e+02,2.920000000000000284e+01,6.596195153336937775e-03,2.755395177435083109e+00,2.755582769230605855e+00,0.000000000000000000e+00
2.000000000000000111e-01,1.470000000000000000e+02,2.940000000000000213e+01,6.534447771738238070e-03,2.756330055371345011e+00,2.756518153957052242e+00,0.000000000000000000e+00
2.000000000000000111e-01,1.480000000000000000e+02,2.960000000000000142e+01,6.473670698993424719e-03,2.757258236318096412e+00,2.757446836730239603e+00,0.000000000000000000e+00
2.000000000000000111e-01,1.490000000000000000e+02,2.980000000000000071e+01,6.413842488940868156e-03,2.758179722871280326e+00,2.758368820250423070e+00,0.000000000000000000e+00
2.000000000000000111e-01,1.500000000000000000e+02,3.000000000000000000e+01,6.354942307727069230e-03,2.759094517364393262e+00,2.759284106955218530e+00,0.000000000000000000e+00
2.000000000000000111e-01,1.510000000000000000e+02,3.020000000000000284e+01,6.296949912411422927e-03,2.760002621933198785e+00,2.760192699084574208e+00,0.000000000000000000e+00
2.000000000000000111e-01,1.520000000000000000e+02,3.040000000000000213e+01,6.239845630452648360e-03,2.760904038574231389e+00,2.761094598739558759e+00,0.000000000000000000e+00
2.000000000000000111e-01,1.530000000000000000e+02,3.060000000000000142e+01,6.183610340035130236e-03,2.761798769201082582e+00,2.761989807938486585e+00,0.000000000000000000e+00
2.000000000000000111e-01,1.540000000000000000e+02,3.080000000000000071e+01,6.128225451195601879e-03,2.762686815695000409e+00,2.762878328667520922e+00,0.000000000000000000e+00
2.000000000000000111e-01,1.550000000000000000e+02,3.100000000000000000e+01,6.073672887712892356e-03,2.763568179950729231e+00,2.763760162926535369e+00,0.000000000000000000e+00
2.000000000000000111e-01,1.560000000000000000e+02,3.120000000000000284e+01,6.019935069725196666e-03,2.764442863920996363e+00,2.764635312774105014e+00,0.000000000000000000e+00
2.000000000000000111e-01,1.570000000000000000e+02,3.140000000000000213e+01,5.966994897041292580e-03,2.765310869655711823e+00,2.765503780366252773e+00,0.000000000000000000e+00
2.000000000000000111e-01,1.580000000000000000e+02,3.160000000000000142e+01,5.914835733113932639e-03,2.766172199338285953e+00,2.766365567992858487e+00,0.000000000000000000e+00
2.000000000000000111e-01,1.590000000000000000e+02,3.180000000000000071e+01,5.863441389645137822e-03,2.767026855319028478e+00,2.767220678111246279e+00,0.000000000000000000e+00
2.000000000000000111e-01,1.600000000000000000e+02,3.200000000000000000e+01,5.812796111794830620e-03,2.767874840145484683e+00,2.768069113376358636e+00,0.000000000000000000e+00
2.000000000000000111e-01,1.610000000000000000e+02,3.220000000000000284e+01,5.762884563965560251e-03,2.768716156589848598e+00,2.768910876668475129e+00,0.000000000000000000e+00
2.000000000000000111e-01,1.620000000000000000e+02,3.239999999999999858e+01,5.713691816137602721e-03,2.769550807674161508e+00,2.769745971117955285e+00,0.000000000000000000e+00
2.000000000000000111e-01,1.630000000000000000e+02,3.260000000000000142e+01,5.665203330729849489e-03,2.770378796692516854e+00,2.770574400127749470e+00,0.000000000000000000e+00
2.000000000000000111e-01,1.640000000000000000e+02,3.280000000000000426e+01,5.617404949963334011e-03,2.771200127231760124e+00,2.771396167394188037e+00,0.000000000000000000e+00
2.000000000000000111e-01,1.650000000000000000e+02,3.300000000000000000e+01,5.570282883705150040e-03,2.772014803189190246e+00,2.772211276924304801e+00,0.000000000000000000e+00
2.000000000000000111e-01,1.660000000000000000e+02,3.320000000000000284e+01,5.523823697771927665e-03,2.772822828788145788e+00,2.773019733051917068e+00,0.000000000000000000e+00
2.000000000000000111e-01,1.670000000000000000e+02,3.339999999999999858e+01,5.478014302672722623e-03,2.773624208593889140e+00,2.773821540452931611e+00,0.000000000000000000e+00
2.000000000000000111e-01,1.680000000000000000e+02,3.360000000000000142e+01,5.432841942772426852e-03,2.774418947524219803e+00,2.774616704156259939e+00,0.000000000000000000e+00
2.000000000000000111e-01,1.690000000000000000e+02,3.380000000000000426e+01,5.388294185857650520e-03,2.775207050860633462e+00,2.775405229555046649e+00,0.000000000000000000e+00
2.000000000000000111e-01,1.700000000000000000e+02,3.400000000000000000e+01,5.344358913087790715e-03,2.775988524258783841e+00,2.776187122416686304e+00,0.000000000000000000e+00
2.000000000000000111e-01,1.710000000000000000e+02,3.420000000000000284e+01,5.301024309314992557e-03,2.776763373754021824e+00,2.776962388889116173e+00,0.000000000000000000e+00
2.000000000000000111e-01,1.720000000000000000e+02,3.439999999999999858e+01,5.258278853757465676e-03,2.777531605769503642e+00,2.777731035508007817e+00,0.000000000000000000e+00
2.000000000000000111e-01,1.730000000000000000e+02,3.460000000000000142e+01,5.216111311011150699e-03,2.778293227121242825e+00,2.778493069202214283e+00,0.000000000000000000e+00
2.000000000000000111e-01,1.740000000000000000e+02,3.480000000000000426e+01,5.174510722385831062e-03,2.779048245021108254e+00,2.779248497296942233e+00,0.000000000000000000e+00
2.000000000000000111e-01,1.750000000000000000e+02,3.500000000000000000e+01,5.133466397552017071e-03,2.779796667080434158e+00,2.779997327516927630e+00,0.000000000000000000e+00
2.000000000000000111e-01,1.760000000000000000e+02,3.520000000000000284e+01,5.092967906485919641e-03,2.780538501311621946e+00,2.780739567988271599e+00,0.000000000000000000e+00
2.000000000000000111e-01,1.770000000000000000e+02,3.539999999999999858e+01,5.053005071700150327e-03,2.781273756129464925e+00,2.781475227239539993e+00,0.000000000000000000e+00
2.000000000000000111e-01,1.780000000000000000e+02,3.560000000000000142e+01,5.013567960748582276e-03,2.782002440350916483e+00,2.782204314201726980e+00,0.000000000000000000e+00
2.000000000000000111e-01,1.790000000000000000e+02,3.580000000000000426e+01,4.974646878994151873e-03,2.782724563193561984e+00,2.782926838206718934e+00,0.000000000000000000e+00
2.000000000000000111e-01,1.800000000000000000e+02,3.600000000000000000e+01,4.936232362629078274e-03,2.783440134275654287e+00,2.783642808986980022e+00,0.000000000000000000e+00
2.000000000000000111e-01,1.810000000000000000e+02,3.620000000000000284e+01,4.898315171937195692e-03,2.784149163613213407e+00,2.784352236672671399e+00,0.000000000000000000e+00
2.000000000000000111e-01,1.820000000000000000e+02,3.639999999999999858e+01,4.860886284788951996e-03,2.784851661616649654e+00,2.785055131788674476e+00,0.000000000000000000e+00
2.000000000000000111e-01,1.830000000000000000e+02,3.660000000000000142e+01,4.823936890359590765e-03,2.785547639088445937e+00,2.785751505251903293e+00,0.000000000000000000e+00
2.000000000000000111e-01,1.840000000000000000e+02,3.680000000000000426e+01,4.787458383061887410e-03,2.786237107218244802e+00,2.786441368366273874e+00,0.000000000000000000e+00
2.000000000000000111e-01,1.850000000000000000e+02,3.700000000000000000e+01,4.751442356684862020e-03,2.786920077579238875e+00,2.787124732819371342e+00,0.000000000000000000e+00
2.000000000000000111e-01,1.860000000000000000e+02,3.720000000000000284e+01,4.715880598730506565e-03,2.787596562122840016e+00,2.787801610676740705e+00,0.000000000000000000e+00
2.000000000000000111e-01,1.870000000000000000e+02,3.739999999999999858e+01,4.680765084940760080e-03,2.788266573173686425e+00,2.788472014377177732e+00,0.000000000000000000e+00
2.000000000000000111e-01,1.880000000000000000e+02,3.760000000000000142e+01,4.646087974007411317e-03,2.788930123423988938e+00,2.789135956727013532e+00,0.000000000000000000e+00
2.000000000000000111e-01,1.890000000000000000e+02,3.780000000000000426e+01,4.611841602457849437e-03,2.789587225927341763e+00,2.789793450893566895e+00,0.000000000000000000e+00
2.000000000000000111e-01,1.900000000000000000e+02,3.800000000000000000e+01,4.578018479709968468e-03,2.790237894093019033e+00,2.790444510399865852e+00,0.000000000000000000e+00
2.000000000000000111e-01,1.910000000000000000e+02,3.820000000000000284e+01,4.544611283289718556e-03,2.790882141679087436e+00,2.791089149117459645e+00,0.000000000000000000e+00
2.000000000000000111e-01,1.920000000000000000e+02,3.840000000000000568e+01,4.511612854205222095e-03,2.791519982785855003e+00,2.791727381259887064e+00,0.000000000000000000e+00
2.000000000000000111e-01,1.930000000000000000e+02,3.860000000000000142e+01,4.479016192471450830e-03,2.792151431848961973e+00,2.792359221375841916e+00,0.000000000000000000e+00
2.000000000000000111e-01,1.940000000000000000e+02,3.880000000000000426e+01,4.446814452779917180e-03,2.792776503632080409e+00,2.792984684341615509e+00,0.000000000000000000e+00
2.000000000000000111e-01,1.950000000000000000e+02,3.900000000000000000e+01,4.415000940307866814e-03,2.793395213219675988e+00,2.793603785354406899e+00,0.000000000000000000e+00
2.000000000000000111e-01,1.960000000000000000e+02,3.920000000000000284e+01,4.383569106661884540e-03,2.794007576010424376e+00,2.794216539924940790e+00,0.000000000000000000e+00
2.000000000000000111e-01,1.970000000000000000e+02,3.940000000000000568e+01,4.352512545950833374e-03,2.794613607709025782e+00,2.794822963869556087e+00,0.000000000000000000e+00
2.000000000000000111e-01,1.980000000000000000e+02,3.960000000000000142e+01,4.321824990983516752e-03,2.795213324317785464e+00,2.795423073302325534e+00,0.000000000000000000e+00
2.000000000000000111e-01,1.990000000000000000e+02,3.980000000000000426e+01,4.291500309586354991e-03,2.795806742130781064e+00,2.796016884628398813e+00,0.000000000000000000e+00
2.000000000000000111e-01,2.000000000000000000e+02,4.000000000000000000e+01,4.261532501036793819e-03,2.796393877725128263e+00,2.796604414535609262e+00,0.000000000000000000e+00
2.000000000000000111e-01,2.010000000000000000e+02,4.020000000000000284e+01,4.231915692608225268e-03,2.796974747953501872e+00,2.797185679987017171e+00,0.000000000000000000e+00
2.000000000000000111e-01,2.020000000000000000e+02,4.040000000000000568e+01,4.202644136222398984e-03,2.797549369936093377e+00,2.797760698212971686e+00,0.000000000000000000e+00
2.000000000000000111e-01,2.030000000000000000e+02,4.060000000000000142e+01,4.173712205205479774e-03,2.798117761052668850e+00,2.798329486702790803e+00,0.000000000000000000e+00
2.000000000000000111e-01,2.040000000000000000e+02,4.080000000000000426e+01,4.145114391144035654e-03,2.798679938936110556e+00,2.798892063198381130e+00,0.000000000000000000e+00
2.000000000000000111e-01,2.050000000000000000e+02,4.100000000000000000e+01,4.116845300837390642e-03,2.799235921463413934e+00,2.799448445685527087e+00,0.000000000000000000e+00
2.000000000000000111e-01,2.060000000000000000e+02,4.120000000000000284e+01,4.088899653343002101e-03,2.799785726747910264e+00,2.799998652385973674e+00,0.000000000000000000e+00
2.000000000000000111e-01,2.070000000000000000e+02,4.140000000000000568e+01,4.061272277111496395e-03,2.800329373132714128e+00,2.800542701750523555e+00,0.000000000000000000e+00
2.000000000000000111e-01,2.080000000000000000e+02,4.160000000000000142e+01,4.033958107208292405e-03,2.800866879181819424e+00,2.801080612450657092e+00,0.000000000000000000e+00
2.000000000000000111e-01,2.090000000000000000e+02,4.180000000000000426e+01,4.006952182618771924e-03,2.801398263673446465e+00,2.801612403371513071e+00,0.000000000000000000e+00
2.000000000000000111e-01,2.100000000000000000e+02,4.200000000000000000e+01,3.980249643634078266e-03,2.801923545592424958e+00,2.802138093604322311e+00,0.000000000000000000e+00
2.000000000000000111e-01,2.110000000000000000e+02,4.220000000000000284e+01,3.953845729314799627e-03,2.802442744121806939e+00,2.802657702438239529e+00,0.000000000000000000e+00
2.000000000000000111e-01,2.120000000000000000e+02,4.240000000000000568e+01,3.927735775029835355e-03,2.802955878637174436e+00,2.803171249354214911e+00,0.000000000000000000e+00
2.000000000000000111e-01,2.130000000000000000e+02,4.260000000000000142e+01,3.901915210067849558e-03,2.803462968698338997e+00,2.803678754017056018e+00,0.000000000000000000e+00
2.000000000000000111e-01,2.140000000000000000e+02,4.280000000000000426e+01,3.876379555318915093e-03,2.803964034041262821e+00,2.804180236267426629e+00,0.000000000000000000e+00
2.000000000000000111e-01,2.150000000000000000e+02,4.300000000000000000e+01,3.851124421023891138e-03,2.804459094573175104e+00,2.804675716116443951e+00,0.000000000000000000e+00
2.000000000000000111e-01,2.160000000000000000e+02,4.320000000000000284e+01,3.826145504589271822e-03,2.804948170363875892e+00,2.805165213737397689e+00,0.000000000000000000e+00
2.000000000000000111e-01,2.170000000000000000e+02,4.340000000000000568e+01,3.801438588465355737e-03,2.805431281639401586e+00,2.805648749459469737e+00,0.000000000000000000e+00
2.000000000000000111e-01,2.180000000000000000e+02,4.360000000000000142e+01,3.776999538085530628e-03,2.805908448775284114e+00,2.806126343760791286e+00,0.000000000000000000e+00
2.000000000000000111e-01,2.190000000000000000e+02,4.380000000000000426e+01,3.752824299864738599e-03,2.806379692289850514e+00,2.806598017261606071e+00,0.000000000000000000e+00
2.000000000000000111e-01,2.200000000000000000e+02,4.400000000000000000e+01,3.728908899255063605e-03,2.806845032837456788e+00,2.807063790717796437e+00,0.000000000000000000e+00
2.000000000000000111e-01,2.210000000000000000e+02,4.420000000000000284e+01,3.705249438856659215e-03,2.807304491201888297e+00,2.807523685014392090e+00,0.000000000000000000e+00
2.000000000000000111e-01,2.220000000000000000e+02,4.440000000000000568e+01,3.681842096582097195e-03,2.807758088291136378e+00,2.807977721159810702e+00,0.000000000000000000e+00
2.000000000000000111e-01,2.230000000000000000e+02,4.460000000000000142e+01,3.658683123872473724e-03,2.808205845129804867e+00,2.808425920278636134e+00,0.000000000000000000e+00
2.000000000000000111e-01,2.240000000000000000e+02,4.480000000000000426e+01,3.635768843963548078e-03,2.808647782853787689e+00,2.808868303606361305e+00,0.000000000000000000e+00
2.000000000000000111e-01,2.250000000000000000e+02,4.500000000000000000e+01,3.613095650200299179e-03,2.809083922703607517e+00,2.809304892482759719e+00,0.000000000000000000e+00
2.000000000000000111e-01,2.260000000000000000e+02,4.520000000000000284e+01,3.590660004398356971e-03,2.809514286019209717e+00,2.809735708346377425e+00,0.000000000000000000e+00
2.000000000000000111e-01,2.270000000000000000e+02,4.540000000000000568e+01,3.568458435250763863e-03,2.809938894234491169e+00,2.810160772728984124e+00,0.000000000000000000e+00
2.000000000000000111e-01,2.280000000000000000e+02,4.560000000000000142e+01,3.546487536778664129e-03,2.810357768871032391e+00,2.810580107249808446e+00,0.000000000000000000e+00
2.000000000000000111e-01,2.290000000000000000e+02,4.580000000000000426e+01,3.524743966824491013e-03,2.810770931532347916e+00,2.810993733609647549e+00,0.000000000000000000e+00
2.000000000000000111e-01,2.300000000000000000e+02,4.600000000000000000e+01,3.503224445586330948e-03,2.811178403898936917e+00,2.811401673585723682e+00,0.000000000000000000e+00
2.000000000000000111e-01,2.310000000000000000e+02,4.620000000000000284e+01,3.481925754192129619e-03,2.811580207723769931e+00,2.811803949026965732e+00,0.000000000000000000e+00
2.000000000000000111e-01,2.320000000000000000e+02,4.640000000000000568e+01,3.460844733312520329e-03,2.811976364825799379e+00,2.812200581848062875e+00,0.000000000000000000e+00
2.000000000000000111e-01,2.330000000000000000e+02,4.660000000000000142e+01,3.439978281811066456e-03,2.812366897085596840e+00,2.812591594025072528e+00,0.000000000000000000e+00
2.000000000000000111e-01,2.340000000000000000e+02,4.680000000000000426e+01,3.419323355430722768e-03,2.812751826440434755e+00,2.812977007589954948e+00,0.000000000000000000e+00
2.000000000000000111e-01,2.350000000000000000e+02,4.700000000000000000e+01,3.398876965515433123e-03,2.813131174879365037e+00,2.813356844625989783e+00,0.000000000000000000e+00
2.000000000000000111e-01,2.360000000000000000e+02,4.720000000000000284e+01,3.378636177765740461e-03,2.813504964439014877e+00,2.813731127263823684e+00,0.000000000000000000e+00
2.000000000000000111e-01,2.370000000000000000e+02,4.740000000000000568e+01,3.358598111027394275e-03,2.813873217198639143e+00,2.814099877676041750e+00,0.000000000000000000e+00
2.000000000000000111e-01,2.380000000000000000e+02,4.760000000000000142e+01,3.338759936111926428e-03,2.814235955275328216e+00,2.814463118072922043e+00,0.000000000000000000e+00
2.000000000000000111e-01,2.390000000000000000e+02,4.780000000000000426e+01,3.319118874648239060e-03,2.814593200820349139e+00,2.814820870698131916e+00,0.000000000000000000e+00
2.000000000000000111e-01,2.400000000000000000e+02,4.800000000000000000e+01,3.299672197964230100e-03,2.814944976014627898e+00,2.815173157824665928e+00,0.000000000000000000e+00
2.000000000000000111e-01,2.410000000000000000e+02,4.820000000000000284e+01,3.280417225997595086e-03,2.815291303065245554e+00,2.815520001751530277e+00,0.000000000000000000e+00
2.000000000000000111e-01,2.420000000000000000e+02,4.840000000000000568e+01,3.261351326234867253e-03,2.815632204200321453e+00,2.815861424797801771e+00,0.000000000000000000e+00
2.000000000000000111e-01,2.430000000000000000e+02,4.860000000000000142e+01,3.242471912677932604e-03,2.815967701665258449e+00,2.816197449299930877e+00,0.000000000000000000e+00
2.000000000000000111e-01,2.440000000000000000e+02,4.880000000000000426e+01,3.223776444837098392e-03,2.816297817720761820e+00,2.816528097609175774e+00,0.000000000000000000e+00
2.000000000000000111e-01,2.450000000000000000e+02,4.900000000000000000e+01,3.205262426750005080e-03,2.816622574637286380e+00,2.816853392085791885e+00,0.000000000000000000e+00
2.000000000000000111e-01,2.460000000000000000e+02,4.920000000000000284e+01,3.186927406025585104e-03,2.816941994691798623e+00,2.817173355096354470e+00,0.000000000000000000e+00
2.000000000000000111e-01,2.470000000000000000e+02,4.940000000000000568e+01,3.168768972912331620e-03,2.817256100164704957e+00,2.817488009010743255e+00,0.000000000000000000e+00
2.000000000000000111e-01,2.480000000000000000e+02,4.960000000000000142e+01,3.150784759390160353e-03,2.817564913336505494e+00,2.817797376198095005e+00,0.000000000000000000e+00
2.000000000000000111e-01,2.490000000000000000e+02,4.980000000000000426e+01,3.132972438285181946e-03,2.817868456484911466e+00,2.818101479024351708e+00,0.000000000000000000e+00
2.000000000000000111e-01,2.500000000000000000e+02,5.000000000000000000e+01,3.115329722406704784e-03,2.818166751880232912e+00,2.818400339848242009e+00,0.000000000000000000e+00
2.000000000000000111e-01,2.510000000000000000e+02,5.020000000000000284e+01,3.097854363705858545e-03,2.818459821783521058e+00,2.818693981018279171e+00,0.000000000000000000e+00
2.000000000000000111e-01,2.520000000000000000e+02,5.040000000000000568e+01,3.080544152455144159e-03,2.818747688443843824e+00,2.818982424870696502e+00,0.000000000000000000e+00
2.000000000000000111e-01,2.530000000000000000e+02,5.060000000000000142e+01,3.063396916448389747e-03,2.819030374094684266e+00,2.819265693726189070e+00,0.000000000000000000e+00
2.000000000000000111e-01,2.540000000000000000e+02,5.080000000000000426e+01,3.046410520220456386e-03,2.819307900951043777e+00,2.819543809885936447e+00,0.000000000000000000e+00
2.000000000000000111e-01,2.550000000000000000e+02,5.100000000000000000e+01,3.029582864286193243e-03,2.819580291207072875e+00,2.819816795630528450e+00,0.000000000000000000e+00
2.000000000000000111e-01,2.560000000000000000e+02,5.120000000000000284e+01,3.012911884398024927e-03,2.819847567034547531e+00,2.820084673217278404e+00,0.000000000000000000e+00
2.000000000000000111e-01,2.570000000000000000e+02,5.140000000000000568e+01,2.996395550821704008e-03,2.820109750577520558e+00,2.820347464875729848e+00,1.864585182800051686e-155
2.000000000000000111e-01,2.580000000000000000e+02,5.160000000000000142e+01,2.980031867629700463e-03,2.820366863952588066e+00,2.820605192807730255e+00,3.612633791675100141e-153
2.000000000000000111e-01,2.590000000000000000e+02,5.180000000000000426e+01,2.963818872011682488e-03,2.820618929245802597e+00,2.820857879183626959e+00,3.513309669718819888e-151
2.000000000000000111e-01,2.600000000000000000e+02,5.200000000000000000e+01,2.947754633601700099e-03,2.820865968509065347e+00,2.821105546140151965e+00,2.286609304039027803e-149
2.000000000000000111e-01,2.610000000000000000e+02,5.220000000000000284e+01,2.931837253821521164e-03,2.821108003760100402e+00,2.821348215778825885e+00,1.120460744119537085e-147
2.000000000000000111e-01,2.620000000000000000e+02,5.240000000000000568e+01,2.916064865239715708e-03,2.821345056978271426e+00,2.821585910162534905e+00,4.409129133386813458e-146
2.000000000000000111e-01,2.630000000000000000e+02,5.260000000000000142e+01,2.900435630946055204e-03,2.821577150103791176e+00,2.821818651314921045e+00,1.451385993148134703e-144
2.000000000000000111e-01,2.640000000000000000e+02,5.280000000000000426e+01,2.884947743940764146e-03,2.821804305035814142e+00,2.822046461218048474e+00,4.110694026927157592e-143
2.000000000000000111e-01,2.650000000000000000e+02,5.300000000000000000e+01,2.869599426538269570e-03,2.822026543629044149e+00,2.822269361809317978e+00,1.022581908603326827e-141
2.000000000000000111e-01,2.660000000000000000e+02,5.320000000000000284e+01,2.854388929785014409e-03,2.822243887693737019e+00,2.822487374981133890e+00,2.269682079264704427e-140
2.000000000000000111e-01,2.670000000000000000e+02,5.340000000000000568e+01,2.839314532890952186e-03,2.822456358992989411e+00,2.822700522578539761e+00,4.550978865293192590e-139
2.000000000000000111e-01,2.680000000000000000e+02,5.360000000000000142e+01,2.824374542674380414e-03,2.822663979240177756e+00,2.822908826396680837e+00,8.326762742326466212e-138
2.000000000000000111e-01,2.690000000000000000e+02,5.380000000000000426e+01,2.809567293019721128e-03,2.822866770099822009e+00,2.823112308181289443e+00,1.401771490769286459e-136
2.000000000000000111e-01,2.700000000000000000e+02,5.400000000000000000e+01,2.794891144347894617e-03,2.823064753183254005e+00,2.823310989624565170e+00,2.186393721615851158e-135
2.000000000000000111e-01,2.710000000000000000e+02,5.420000000000000284e+01,2.780344483099007977e-03,2.823257950048607690e+00,2.823504892364978147e+00,3.178345486012526929e-134
2.000000000000000111e-01,2.720000000000000000e+02,5.440000000000000568e+01,2.765925721226923911e-03,2.823446382199231053e+00,2.823694037986309802e+00,4.328236332869278878e-133
2.000000000000000111e-01,2.730000000000000000e+02,5.460000000000000142e+01,2.751633295705515486e-03,2.823630071081321802e+00,2.823878448014915943e+00,5.546085908228660931e-132
2.000000000000000111e-01,2.740000000000000000e+02,5.480000000000000426e+01,2.737465668046181431e-03,2.823809038083931355e+00,2.824058143919235153e+00,6.713081830789454373e-131
2.000000000000000111e-01,2.750000000000000000e+02,5.500000000000000000e+01,2.723421323826415944e-03,2.823983304536743955e+00,2.824233147108198949e+00,7.702231798707466233e-130
2.000000000000000111e-01,2.760000000000000000e+02,5.520000000000000284e+01,2.709498772229071775e-03,2.824152891709570845e+00,2.824403478930500366e+00,8.402475788941176228e-129
2.000000000000000111e-01,2.770000000000000000e+02,5.540000000000000568e+01,2.695696545592088898e-03,2.824317820809886026e+00,2.824569160672131929e+00,8.739629029282017580e-128
2.000000000000000111e-01,2.780000000000000000e+02,5.560000000000000142e+01,2.682013198968380852e-03,2.824478112982625522e+00,2.824730213556418512e+00,8.688708123490515023e-127
2.000000000000000111e-01,2.790000000000000000e+02,5.580000000000000426e+01,2.668447309695625921e-03,2.824633789309155762e+00,2.824886658742804535e+00,8.275117987291059837e-126
2.000000000000000111e-01,2.800000000000000000e+02,5.600000000000000000e+01,2.654997476975702077e-03,2.824784870806566595e+00,2.825038517325574539e+00,7.565586674192656317e-125
2.000000000000000111e-01,2.810000000000000000e+02,5.620000000000000284e+01,2.641662321463516747e-03,2.824931378425439732e+00,2.825185810332469405e+00,6.652374183449868260e-124
2.000000000000000111e-01,2.820000000000000000e+02,5.640000000000000568e+01,2.628440484865002865e-03,2.825073333049245239e+00,2.825328558724199191e+00,5.635409898358785107e-123
2.000000000000000111e-01,2.830000000000000000e+02,5.660000000000000142e+01,2.615330629544016221e-03,2.825210755494153680e+00,2.825466783393502546e+00,4.606585141847104138e-122
2.000000000000000111e-01,2.840000000000000000e+02,5.680000000000000426e+01,2.602331438137932013e-03,2.825343666507734053e+00,2.825600505163940124e+00,3.638940444793534511e-121
2.000000000000000111e-01,2.850000000000000000e+02,5.700000000000000000e+01,2.589441613181702947e-03,2.825472086768031854e+00,2.825729744789565512e+00,2.781658513121064222e-120
2.000000000000000111e-01,2.860000000000000000e+02,5.720000000000000284e+01,2.576659876740175926e-03,2.825596036883658346e+00,2.825854522954430514e+00,2.060225007078195922e-119
2.000000000000000111e-01,2.870000000000000000e+02,5.740000000000000568e+01,2.563984970048436597e-03,2.825715537390957266e+00,2.825974860270098699e+00,1.480194797080574120e-118
2.000000000000000111e-01,2.880000000000000000e+02,5.760000000000000142e+01,2.551415653160026952e-03,2.825830608755130591e+00,2.826090777276479393e+00,1.032747179044300124e-117
2.000000000000000111e-01,2.890000000000000000e+02,5.780000000000000426e+01,2.538950704602754068e-03,2.825941271369352581e+00,2.826202294441359619e+00,7.004659149563943852e-117
2.000000000000000111e-01,2.900000000000000000e+02,5.800000000000000000e+01,2.526588921042001966e-03,2.826047545553306506e+00,2.826309432158574442e+00,4.622926277411336888e-116
2.000000000000000111e-01,2.910000000000000000e+02,5.820000000000000284e+01,2.514329116951261218e-03,2.826149451553613190e+00,2.826412210748245446e+00,2.971513594899810757e-115
2.000000000000000111e-01,2.920000000000000000e+02,5.840000000000000568e+01,2.502170124289778298e-03,2.826247009542123934e+00,2.826510650456053320e+00,1.861829862582500347e-114
2.000000000000000111e-01,2.930000000000000000e+02,5.860000000000000142e+01,2.490110792187084400e-03,2.826340239616669692e+00,2.826604771452463805e+00,1.138029075639533130e-113
2.000000000000000111e-01,2.940000000000000000e+02,5.880000000000000426e+01,2.478149986634276252e-03,2.826429161798881928e+00,2.826694593831955427e+00,6.791223079464851733e-113
2.000000000000000111e-01,2.950000000000000000e+02,5.900000000000000000e+01,2.466286590181864576e-03,2.826513796035513781e+00,2.826780137613695398e+00,3.959462512797755913e-112
2.000000000000000111e-01,2.960000000000000000e+02,5.920000000000000284e+01,2.454519501644017183e-03,2.826594162196935489e+00,2.826861422739771257e+00,2.256908482878134731e-111
2.000000000000000111e-01,2.970000000000000000e+02,5.940000000000000568e+01,2.442847635809075688e-03,2.826670280077057562e+00,2.826938469075835680e+00,1.258524886824908896e-110
2.000000000000000111e-01,2.980000000000000000e+02,5.960000000000000142e+01,2.431269923156145069e-03,2.826742169392831627e+00,2.827011296409808860e+00,6.869836644974312566e-110
2.000000000000000111e-01,2.990000000000000000e+02,5.980000000000000426e+01,2.419785309577659766e-03,2.826809849783208595e+00,2.827079924451618265e+00,3.673003135798417723e-109
2.000000000000000111e-01,3.000000000000000000e+02,6.000000000000000000e+01,2.408392756107734234e-03,2.826873340810302171e+00,2.827144372833737762e+00,1.924544189019967975e-108
2.000000000000000111e-01,3.010000000000000000e+02,6.020000000000000284e+01,2.397091238656187760e-03,2.826932661957570314e+00,2.827204661109675055e+00,9.887723097520678726e-108
2.000000000000000111e-01,3.020000000000000000e+02,6.040000000000000568e+01,2.385879747748101323e-03,2.826987832631131514e+00,2.827260808755067245e+00,4.983633728849952427e-107
2.000000000000000111e-01,3.030000000000000000e+02,6.060000000000000142e+01,2.374757288268754263e-03,2.827038872158159410e+00,2.827312835166462701e+00,2.465398397723407000e-106
2.000000000000000111e-01,3.040000000000000000e+02,6.080000000000000426e+01,2.363722879213854891e-03,2.827085799786398290e+00,2.827360759660506595e+00,1.197622200186193733e-105
2.000000000000000111e-01,3.050000000000000000e+02,6.100000000000000000e+01,2.352775553444886800e-03,2.827128634685088571e+00,2.827404601474608370e+00,5.715263412152076213e-105
2.000000000000000111e-01,3.060000000000000000e+02,6.120000000000000284e+01,2.341914357449490641e-03,2.827167395944639949e+00,2.827444379767235727e+00,2.680527213127842758e-104
2.000000000000000111e-01,3.070000000000000000e+02,6.140000000000000568e+01,2.331138351106730455e-03,2.827202102575693488e+00,2.827480113616760438e+00,1.236084121520700481e-103
2.000000000000000111e-01,3.080000000000000000e+02,6.160000000000000142e+01,2.320446607457165612e-03,2.827232773508850716e+00,2.827511822021100851e+00,5.606461178341730957e-103
2.000000000000000111e-01,3.090000000000000000e+02,6.180000000000000426e+01,2.309838212477573552e-03,2.827259427596557462e+00,2.827539523899059937e+00,2.502102079614303841e-102
2.000000000000000111e-01,3.100000000000000000e+02,6.200000000000000000e+01,2.299312264860240047e-03,2.827282083609716778e+00,2.827563238088158126e+00,1.099139300683171676e-101
2.000000000000000111e-01,3.110000000000000000e+02,6.220000000000000284e+01,2.288867875796723756e-03,2.827300760240178956e+00,2.827582983346219603e+00,4.754250672124070033e-101
2.000000000000000111e-01,3.120000000000000000e+02,6.240000000000000568e+01,2.278504168765933292e-03,2.827315476099980796e+00,2.827598778350642661e+00,2.025524571555317174e-100
2.000000000000000111e-01,3.130000000000000000e+02,6.260000000000000142e+01,2.268220279326498608e-03,2.827326249720441886e+00,2.827610641697846372e+00,8.502726071845371051e-100
2.000000000000000111e-01,3.140000000000000000e+02,6.280000000000000426e+01,2.258015354913255838e-03,2.827333099554228735e+00,2.827618591904681455e+00,3.517856909277683485e-99
2.000000000000000111e-01,3.150000000000000000e+02,6.300000000000000000e+01,2.247888554637810909e-03,2.827336043972310975e+00,2.827622647406769829e+00,1.434916903243185712e-98
2.000000000000000111e-01,3.160000000000000000e+02,6.320000000000000284e+01,2.237839049093064397e-03,2.827335101265634698e+00,2.827622826558631175e+00,5.772031291539852801e-98
2.000000000000000111e-01,3.170000000000000000e+02,6.340000000000000568e+01,2.227866020161596572e-03,2.827330289645735295e+00,2.827619147634835794e+00,2.290363312531205469e-97
2.000000000000000111e-01,3.180000000000000000e+02,6.360000000000000142e+01,2.217968660827842383e-03,2.827321627243633007e+00,2.827611628829198587e+00,8.967475338726944661e-97
2.000000000000000111e-01,3.190000000000000000e+02,6.380000000000000426e+01,2.208146174993964005e-03,2.827309132110145562e+00,2.827600288254957572e+00,3.465281756852846911e-96
2.000000000000000111e-01,3.200000000000000000e+02,6.400000000000000000e+01,2.198397777299332910e-03,2.827292822216073809e+00,2.827585143944893797e+00,1.321959624650365318e-95
2.000000000000000111e-01,3.210000000000000000e+02,6.420000000000000284e+01,2.188722692943544709e-03,2.827272715452417540e+00,2.827566213850941423e+00,4.979827558269483148e-95
2.000000000000000111e-01,3.220000000000000000e+02,6.440000000000000568e+01,2.179120157512881746e-03,2.827248829629646298e+00,2.827543515844582966e+00,1.852800763548184871e-94
2.000000000000000111e-01,3.230000000000000000e+02,6.460000000000000853e+01,2.169589416810157548e-03,2.827221182478557804e+00,2.827517067717151278e+00,6.810203019073365098e-94
2.000000000000000111e-01,3.240000000000000000e+02,6.479999999999999716e+01,2.160129726687844663e-03,2.827189791650365436e+00,2.827486887179611497e+00,2.473454177132701429e-93
2.000000000000000111e-01,3.250000000000000000e+02,6.500000000000000000e+01,2.150740352884440362e-03,2.827154674715991245e+00,2.827452991862306142e+00,8.878769348894042431e-93
2.000000000000000111e-01,3.260000000000000000e+02,6.520000000000000284e+01,2.141420570863975231e-03,2.827115849167481709e+00,2.827415399315877043e+00,3.150624142305086444e-92
2.000000000000000111e-01,3.270000000000000000e+02,6.540000000000000568e+01,2.132169665658603490e-03,2.827073332415956042e+00,2.827374127010262139e+00,1.105407688820711295e-91
2.000000000000000111e-01,3.280000000000000000e+02,6.560000000000000853e+01,2.122986931714220850e-03,2.827027141794385745e+00,2.827329192336461627e+00,3.835438373232662921e-91
2.000000000000000111e-01,3.290000000000000000e+02,6.579999999999999716e+01,2.113871672738997128e-03,2.826977294556946241e+00,2.827280612605236332e+00,1.316304321163968783e-90
2.000000000000000111e-01,3.300000000000000000e+02,6.600000000000000000e+01,2.104823201554827973e-03,2.826923807876801753e+00,2.827228405047107263e+00,4.469162531954329302e-90
2.000000000000000111e-01,3.310000000000000000e+02,6.620000000000000284e+01,2.095840839951582536e-03,2.826866698849213488e+00,2.827172586813746946e+00,1.501419506128710751e-89
2.000000000000000111e-01,3.320000000000000000e+02,6.640000000000000568e+01,2.086923918544111075e-03,2.826805984490830426e+00,2.827113174977321730e+00,4.991825273337872238e-89
2.000000000000000111e-01,3.330000000000000000e+02,6.660000000000000853e+01,2.078071776631951369e-03,2.826741681739413092e+00,2.827050186530889242e+00,1.642749680011538538e-88
2.000000000000000111e-01,3.340000000000000000e+02,6.679999999999999716e+01,2.069283762061673200e-03,2.826673807453865095e+00,2.826983638387936537e+00,5.351917165482556178e-88
2.000000000000000111e-01,3.350000000000000000e+02,6.700000000000000000e+01,2.060559231091803681e-03,2.826602378414975192e+00,2.826913547383809622e+00,1.726405120535994052e-87
2.000000000000000111e-01,3.360000000000000000e+02,6.720000000000000284e+01,2.051897548260273128e-03,2.826527411325312045e+00,2.826839930274530843e+00,5.514916104737640989e-87
2.000000000000000111e-01,3.370000000000000000e+02,6.740000000000000568e+01,2.043298086254336822e-03,2.826448922809736697e+00,2.826762803737678631e+00,1.744872570497297102e-86
2.000000000000000111e-01,3.380000000000000000e+02,6.760000000000000853e+01,2.034760225782905867e-03,2.826366929415999429e+00,2.826682184373825457e+00,5.468663158718847554e-86
2.000000000000000111e-01,3.390000000000000000e+02,6.779999999999999716e+01,2.026283355451248547e-03,2.826281447612509545e+00,2.826598088703486500e+00,1.698062552596497574e-85
2.000000000000000111e-01,3.400000000000000000e+02,6.800000000000000000e+01,2.017866871638015341e-03,2.826192493791436000e+00,2.826510533169963590e+00,5.224467892201737519e-85
2.000000000000000111e-01,3.410000000000000000e+02,6.820000000000000284e+01,2.009510178374502177e-03,2.826100084268665213e+00,2.826419534140065970e+00,1.592962695886048871e-84
2.000000000000000111e-01,3.420000000000000000e+02,6.840000000000000568e+01,2.001212687226159269e-03,2.826004235281383892e+00,2.826325107901114464e+00,4.813956144471703892e-84
2.000000000000000111e-01,3.430000000000000000e+02,6.860000000000000853e+01,1.992973817176256664e-03,2.825904962991450109e+00,2.826227270664558588e+00,1.442075637193978490e-83
2.000000000000000111e-01,3.440000000000000000e+02,6.879999999999999716e+01,1.984792994511668310e-03,2.825802283484248001e+00,2.826126038565324627e+00,4.282707083764261351e-83
2.000000000000000111e-01,3.450000000000000000e+02,6.900000000000000000e+01,1.976669652710749073e-03,2.825696212768220583e+00,2.826021427660005081e+00,1.261092200666357557e-82
2.000000000000000111e-01,3.460000000000000000e+02,6.920000000000000284e+01,1.968603232333237477e-03,2.825586766775902259e+00,2.825913453928960095e+00,3.682356932464350901e-82
2.000000000000000111e-01,3.470000000000000000e+02,6.940000000000000568e+01,1.960593180912156407e-03,2.825473961364872721e+00,2.825802133277220740e+00,1.066367024248190652e-81
2.000000000000000111e-01,3.480000000000000000e+02,6.960000000000000853e+01,1.952638952847655842e-03,2.825357812317070838e+00,2.825687481533494250e+00,3.062945913184423531e-81
2.000000000000000111e-01,3.490000000000000000e+02,6.979999999999999716e+01,1.944740009302780692e-03,2.825238335338528639e+00,2.825569514449954855e+00,8.727153413318943872e-81
2.000000000000000111e-01,3.500000000000000000e+02,7.000000000000000000e+01,1.936895818101097609e-03,2.825115546060798621e+00,2.825448247703536975e+00,2.466915678063306447e-80
2.000000000000000111e-01,3.510000000000000000e+02,7.020000000000000284e+01,1.929105853626159094e-03,2.824989460041023470e+00,2.825323696896409054e+00,6.918804916276036664e-80
2.000000000000000111e-01,3.520000000000000000e+02,7.040000000000000568e+01,1.921369596722757606e-03,2.824860092761455554e+00,2.825195877555019219e+00,1.925522430532349266e-79
2.000000000000000111e-01,3.530000000000000000e+02,7.060000000000000853e+01,1.913686534599945204e-03,2.824727459630524073e+00,2.825064805131372037e+00,5.318037762520432511e-79
2.000000000000000111e-01,3.540000000000000000e+02,7.079999999999999716e+01,1.906056160735761446e-03,2.824591575982030811e+00,2.824930495002737629e+00,1.457750615575552915e-78
2.000000000000000111e-01,3.550000000000000000e+02,7.100000000000000000e+01,1.898477974783665872e-03,2.824452457077042844e+00,2.824792962472291169e+00,3.966310675171452005e-78
2.000000000000000111e-01,3.560000000000000000e+02,7.120000000000000284e+01,1.890951482480594196e-03,2.824310118103413814e+00,2.824652222769599152e+00,1.071281689605429667e-77
2.000000000000000111e-01,3.570000000000000000e+02,7.140000000000000568e+01,1.883476195556664208e-03,2.824164574174408138e+00,2.824508291049703690e+00,2.872598850581169898e-77
2.000000000000000111e-01,3.580000000000000000e+02,7.160000000000000853e+01,1.876051631646443157e-03,2.824015840332074756e+00,2.824361182394641290e+00,7.647872809504506368e-77
2.000000000000000111e-01,3.590000000000000000e+02,7.179999999999999716e+01,1.868677314201774853e-03,2.823863931545781636e+00,2.824210911813682667e+00,2.021807926020011050e-76
2.000000000000000111e-01,3.600000000000000000e+02,7.200000000000000000e+01,1.861352772406130521e-03,2.823708862712153600e+00,2.824057494242999677e+00,5.307757524903310892e-76
2.000000000000000111e-01,3.610000000000000000e+02,7.220000000000000284e+01,1.854077541090449772e-03,2.823550648655047457e+00,2.823900944545274072e+00,1.383858821431129687e-75
2.000000000000000111e-01,3.620000000000000000e+02,7.240000000000000568e+01,1.846851160650444384e-03,2.823389304128409716e+00,2.823741277512074266e+00,3.583594449199942121e-75
2.000000000000000111e-01,3.630000000000000000e+02,7.260000000000000853e+01,1.839673176965318270e-03,2.823224843814423402e+00,2.823578507862785525e+00,9.217822967494637155e-75
2.000000000000000111e-01,3.640000000000000000e+02,7.279999999999999716e+01,1.832543141317916850e-03,2.823057282322876560e+00,2.823412650244438993e+00,2.355351188437073631e-74
2.000000000000000111e-01,3.650000000000000000e+02,7.300000000000000000e+01,1.825460610316229299e-03,2.822886634193860544e+00,2.823243719232953808e+00,5.979094775758577957e-74
2.000000000000000111e-01,3.660000000000000000e+02,7.320000000000000284e+01,1.818425145816248215e-03,2.822712913897279297e+00,2.823071729333463953e+00,1.508001043657751753e-73
2.000000000000000111e-01,3.670000000000000000e+02,7.340000000000000568e+01,1.811436314846144417e-03,2.822536135831639648e+00,2.822896694979612153e+00,3.779093179016565387e-73
2.000000000000000111e-01,3.680000000000000000e+02,7.360000000000000853e+01,1.804493689531749736e-03,2.822356314326792681e+00,2.822718630534992279e+00,9.410787866021215758e-73
2.000000000000000111e-01,3.690000000000000000e+02,7.379999999999999716e+01,1.797596847023283590e-03,2.822173463642227986e+00,2.822537550292561814e+00,2.328889263042603521e-72
2.000000000000000111e-01,3.700000000000000000e+02,7.400000000000000000e+01,1.790745369423359361e-03,2.821987597968033779e+00,2.822353468475407023e+00,5.727796779457594840e-72
2.000000000000000111e-01,3.710000000000000000e+02,7.420000000000000284e+01,1.783938843716171684e-03,2.821798731426010676e+00,2.822166399237138190e+00,1.400145323388894400e-71
2.000000000000000111e-01,3.720000000000000000e+02,7.440000000000000568e+01,1.777176861697914948e-03,2.821606878068192437e+00,2.821976356661577867e+00,3.402010461167655067e-71
2.000000000000000111e-01,3.730000000000000000e+02,7.460000000000000853e+01,1.770459019908347809e-03,2.821412051879190308e+00,2.821783354763875096e+00,8.216841266686938811e-71
2.000000000000000111e-01,3.740000000000000000e+02,7.479999999999999716e+01,1.763784919563524513e-03,2.821214266775136981e+00,2.821587407490309118e+00,1.972922517988415860e-70
2.000000000000000111e-01,3.750000000000000000e+02,7.500000000000000000e+01,1.757154166489643390e-03,2.821013536604283001e+00,2.821388528718535849e+00,4.709552761761180263e-70
2.000000000000000111e-01,3.760000000000000000e+02,7.520000000000000284e+01,1.750566371058010114e-03,2.820809875146289780e+00,2.821186732257019436e+00,1.117742886311473369e-69
2.000000000000000111e-01,3.770000000000000000e+02,7.540000000000000568e+01,1.744021148121081052e-03,2.820603296115675285e+00,2.820982031848456639e+00,2.637693770129572259e-69
2.000000000000000111e-01,3.780000000000000000e+02,7.560000000000000853e+01,1.737518116949559807e-03,2.820393813159530083e+00,2.820774441167295699e+00,6.189479823018701259e-69
2.000000000000000111e-01,3.790000000000000000e+02,7.579999999999999716e+01,1.731056901170559530e-03,2.820181439856509265e+00,2.820563973819080417e+00,1.444301544592063172e-68
2.000000000000000111e-01,3.800000000000000000e+02,7.600000000000000000e+01,1.724637128706771588e-03,2.819966189721333727e+00,2.820350643344156083e+00,3.351673496469964711e-68
2.000000000000000111e-01,3.810000000000000000e+02,7.620000000000000284e+01,1.718258431716635382e-03,2.819748076201272990e+00,2.820134463215280718e+00,7.735552579415220750e-68
2.000000000000000111e-01,3.820000000000000000e+02,7.640000000000000568e+01,1.711920446535512797e-03,2.819527112677649328e+00,2.819915446839042605e+00,1.775710016302800358e-67
2.000000000000000111e-01,3.830000000000000000e+02,7.660000000000000853e+01,1.705622813617802642e-03,2.819303312467600797e+00,2.819693607556275072e+00,4.054419050195792724e-67
2.000000000000000111e-01,3.840000000000000000e+02,7.680000000000001137e+01,1.699365177480021988e-03,2.819076688822432786e+00,2.819468958641438761e+00,9.208428262682022647e-67
2.000000000000000111e-01,3.850000000000000000e+02,7.700000000000000000e+01,1.693147186644806479e-03,2.818847254929056856e+00,2.819241513304335811e+00,2.080494899077581430e-66
2.000000000000000111e-01,3.860000000000000000e+02,7.720000000000000284e+01,1.686968493585828304e-03,2.818615023909227801e+00,2.819011284688603514e+00,4.676227736470622957e-66
2.000000000000000111e-01,3.870000000000000000e+02,7.740000000000000568e+01,1.680828754673608207e-03,2.818380008820768889e+00,2.818778285873312139e+00,1.045672509358821467e-65
2.000000000000000111e-01,3.880000000000000000e+02,7.760000000000000853e+01,1.674727630122202450e-03,2.818142222657877394e+00,2.818542529873347746e+00,2.326427744399617735e-65
2.000000000000000111e-01,3.890000000000000000e+02,7.780000000000001137e+01,1.668664783936754745e-03,2.817901678350668071e+00,2.818304029638875718e+00,5.149910876194004837e-65
2.000000000000000111e-01,3.900000000000000000e+02,7.800000000000000000e+01,1.662639883861893875e-03,2.817658388766481448e+00,2.818062798056613527e+00,1.134352894913433041e-64
2.000000000000000111e-01,3.910000000000000000e+02,7.820000000000000284e+01,1.656652601330956811e-03,2.817412366709676430e+00,2.817818847949115746e+00,2.486318033969376687e-64
2.000000000000000111e-01,3.920000000000000000e+02,7.840000000000000568e+01,1.650702611416033022e-03,2.817163624921350973e+00,2.817572192075510795e+00,5.423086752696397074e-64
2.000000000000000111e-01,3.930000000000000000e+02,7.860000000000000853e+01,1.644789592778803924e-03,2.816912176080475394e+00,2.817322843132097354e+00,1.177168971817998379e-63
2.000000000000000111e-01,3.940000000000000000e+02,7.880000000000001137e+01,1.638913227622167731e-03,2.816658032803916356e+00,2.817070813752150293e+00,2.543045412749568974e-63
2.000000000000000111e-01,3.950000000000000000e+02,7.900000000000000000e+01,1.633073201642634958e-03,2.816401207647503124e+00,2.816816116507266266e+00,5.467802574309528354e-63
2.000000000000000111e-01,3.960000000000000000e+02,7.920000000000000284e+01,1.627269203983476359e-03,2.816141713104055810e+00,2.816558763905717022e+00,1.170132278374963807e-62
2.000000000000000111e-01,3.970000000000000000e+02,7.940000000000000568e+01,1.621500927188626118e-03,2.815879561606006831e+00,2.816298768394219110e+00,2.492529065663300497e-62
2.000000000000000111e-01,3.980000000000000000e+02,7.960000000000000853e+01,1.615768067157290861e-03,2.815614765525324970e+00,2.816036142358588457e+00,5.285037174990364713e-62
2.000000000000000111e-01,3.990000000000000000e+02,7.980000000000001137e+01,1.610070323099298522e-03,2.815347337173254694e+00,2.815770898122962329e+00,1.115520386959647354e-61
2.000000000000000111e-01,4.000000000000000000e+02,8.000000000000000000e+01,1.604407397491127221e-03,2.815077288799492816e+00,2.815503047949784232e+00,2.343945130568712508e-61
2.000000000000000111e-01,4.010000000000000000e+02,8.020000000000000284e+01,1.598778996032650590e-03,2.814804632594517741e+00,2.815232604041393305e+00,4.903163346420939077e-61
2.000000000000000111e-01,4.020000000000000000e+02,8.040000000000000568e+01,1.593184827604524935e-03,2.814529380690417248e+00,2.814959578540470631e+00,1.021133492171454758e-60
2.000000000000000111e-01,4.030000000000000000e+02,8.060000000000000853e+01,1.587624604226274636e-03,2.814251545157790524e+00,2.814683983528547984e+00,2.117307279809077145e-60
2.000000000000000111e-01,4.040000000000000000e+02,8.080000000000001137e+01,1.582098041015010496e-03,2.813971138009067730e+00,2.814405831027418703e+00,4.371174812553950279e-60
2.000000000000000111e-01,4.050000000000000000e+02,8.100000000000000000e+01,1.576604856144797097e-03,2.813688171197697763e+00,2.814125132999543144e+00,8.985511720808182815e-60
2.000000000000000111e-01,4.060000000000000000e+02,8.120000000000000284e+01,1.571144770806646388e-03,2.813402656618416042e+00,2.813841901348320018e+00,1.839225558579004705e-59
2.000000000000000111e-01,4.070000000000000000e+02,8.140000000000000568e+01,1.565717509169133178e-03,2.813114606108475968e+00,2.813556147918649941e+00,3.748794563170321296e-59
2.000000000000000111e-01,4.080000000000000000e+02,8.160000000000000853e+01,1.560322798339610836e-03,2.812824031446223838e+00,2.813267884495844307e+00,7.609032567484906498e-59
2.000000000000000111e-01,4.090000000000000000e+02,8.180000000000001137e+01,1.554960368326037401e-03,2.812530944352452877e+00,2.812977122806929131e+00,1.538030118143401153e-58
2.000000000000000111e-01,4.100000000000000000e+02,8.200000000000000000e+01,1.549629951999369594e-03,2.812235356490755844e+00,2.812683874521540339e+00,3.096093286332259062e-58
2.000000000000000111e-01,4.110000000000000000e+02,8.220000000000000284e+01,1.544331285056550328e-03,2.811937279467974005e+00,2.812388151251374424e+00,6.207160976059754720e-58
2.000000000000000111e-01,4.120000000000000000e+02,8.240000000000000568e+01,1.539064105984043083e-03,2.811636724834174927e+00,2.812089964550497978e+00,1.239417139772767351e-57
2.000000000000000111e-01,4.130000000000000000e+02,8.260000000000000853e+01,1.533828156021941561e-03,2.811333704081819373e+00,2.811789325915720728e+00,2.464921127141633590e-57
2.000000000000000111e-01,4.140000000000000000e+02,8.280000000000001137e+01,1.528623179128609302e-03,2.811028228647844518e+00,2.811486246786778498e+00,4.882754630883725605e-57
2.000000000000000111e-01,4.150000000000000000e+02,8.300000000000000000e+01,1.523448921945864433e-03,2.810720309913701254e+00,2.811180738547152558e+00,9.634256548047771313e-57
2.000000000000000111e-01,4.160000000000000000e+02,8.320000000000000284e+01,1.518305133764683099e-03,2.810409959204704045e+00,2.810872812524323194e+00,1.893554567834536016e-56
2.000000000000000111e-01,4.170000000000000000e+02,8.340000000000000568e+01,1.513191566491431991e-03,2.810097187789504680e+00,2.810562479988008455e+00,3.707305948242467660e-56
2.000000000000000111e-01,4.180000000000000000e+02,8.360000000000000853e+01,1.508107974614600680e-03,2.809782006884645966e+00,2.810249752154784453e+00,7.230602496208867302e-56
2.000000000000000111e-01,4.190000000000000000e+02,8.380000000000001137e+01,1.503054115172026842e-03,2.809464427649802420e+00,2.809934640184486021e+00,1.404883377884779819e-55
2.000000000000000111e-01,4.200000000000000000e+02,8.400000000000000000e+01,1.498029747718637771e-03,2.809144461189112985e+00,2.809617155180141435e+00,2.719379807681884894e-55
2.000000000000000111e-01,4.210000000000000000e+02,8.420000000000000284e+01,1.493034634294645091e-03,2.808822118554409109e+00,2.809297308192071796e+00,5.244174779548292794e-55
2.000000000000000111e-01,4.220000000000000000e+02,8.440000000000000568e+01,1.488068539394232564e-03,2.808497410743398426e+00,2.808975110215898408e+00,1.007571424843799311e-54
2.000000000000000111e-01,4.230000000000000000e+02,8.460000000000000853e+01,1.483131229934698614e-03,2.808170348699003949e+00,2.808650572191672801e+00,1.928765546472489820e-54
2.000000000000000111e-01,4.240000000000000000e+02,8.480000000000001137e+01,1.478222475226071558e-03,2.807840943310434767e+00,2.808323705005305815e+00,3.678758570943662827e-54
2.000000000000000111e-01,4.250000000000000000e+02,8.500000000000000000e+01,1.473342046941157439e-03,2.807509205415779086e+00,2.807994519490589980e+00,6.991245367264263494e-54
2.000000000000000111e-01,4.260000000000000000e+02,8.520000000000000284e+01,1.468489719086039967e-03,2.807175145798539440e+00,2.807663026426131303e+00,1.323890907334214075e-53
2.000000000000000111e-01,4.270000000000000000e+02,8.540000000000000568e+01,1.463665267971018917e-03,2.806838775189158142e+00,2.807329236537333905e+00,2.498084174447147252e-53
2.000000000000000111e-01,4.280000000000000000e+02,8.560000000000000853e+01,1.458868472181968105e-03,2.806500104267707574e+00,2.806993160498433504e+00,4.697121565048893929e-53
2.000000000000000111e-01,4.290000000000000000e+02,8.580000000000001137e+01,1.454099112552113392e-03,2.806159143660633681e+00,2.806654808928712885e+00,8.801139020765086895e-53
2.000000000000000111e-01,4.300000000000000000e+02,8.600000000000000000e+01,1.449356972134236343e-03,2.805815903942431522e+00,2.806314192395789942e+00,1.643389980906893983e-52
2.000000000000000111e-01,4.310000000000000000e+02,8.620000000000000284e+01,1.444641836173266676e-03,2.805470395637419845e+00,2.805971321416026676e+00,3.058082713221935657e-52
2.000000000000000111e-01,4.320000000000000000e+02,8.640000000000000568e+01,1.439953492079286499e-03,2.805122629216751928e+00,2.805626206452301652e+00,5.671222288769609614e-52
2.000000000000000111e-01,4.330000000000000000e+02,8.660000000000000853e+01,1.435291729400925724e-03,2.804772615102498090e+00,2.805278857917451685e+00,1.048177468920946318e-51
2.000000000000000111e-01,4.340000000000000000e+02,8.680000000000001137e+01,1.430656339799132176e-03,2.804420363665479865e+00,2.804929286172305414e+00,1.930791532222022179e-51
2.000000000000000111e-01,4.350000000000000000e+02,8.700000000000000000e+01,1.426047117021340916e-03,2.804065885224366728e+00,2.804577501525595817e+00,3.544785226629323817e-51
2.000000000000000111e-01,4.360000000000000000e+02,8.720000000000000284e+01,1.421463856876000907e-03,2.803709190049365585e+00,2.804223514236629189e+00,6.486491610988846183e-51
2.000000000000000111e-01,4.370000000000000000e+02,8.740000000000000568e+01,1.416906357207473348e-03,2.803350288360872522e+00,2.803867334514411169e+00,1.183059154257545780e-50
2.000000000000000111e-01,4.380000000000000000e+02,8.760000000000000853e+01,1.412374417871291700e-03,2.802989190328685876e+00,2.803508972515845077e+00,2.150754597670520784e-50
2.000000000000000111e-01,4.390000000000000000e+02,8.780000000000001137e+01,1.407867840709779283e-03,2.802625906073166639e+00,2.803148438349317484e+00,3.897391702951705491e-50
2.000000000000000111e-01,4.400000000000000000e+02,8.800000000000000000e+01,1.403386429528010338e-03,2.802260445665709199e+00,2.802785742073025332e+00,7.039906822699434010e-50
2.000000000000000111e-01,4.410000000000000000e+02,8.820000000000000284e+01,1.398929990070119350e-03,2.801892819129089940e+00,2.802420893695467541e+00,1.267593937442089103e-49
2.000000000000000111e-01,4.420000000000000000e+02,8.840000000000000568e+01,1.394498329995942773e-03,2.801523036438131165e+00,2.802053903176812355e+00,2.275225162567435801e-49
2.000000000000000111e-01,4.430000000000000000e+02,8.860000000000000853e+01,1.390091258857996869e-03,2.801151107516651972e+00,2.801684780426264343e+00,4.071084039605138850e-49
2.000000000000000111e-01,4.440000000000000000e+02,8.880000000000001137e+01,1.385708588078788609e-03,2.800777042242860393e+00,2.801313535306349412e+00,7.261854691454495252e-49
2.000000000000000111e-01,4.450000000000000000e+02,8.900000000000000000e+01,1.381350130928425159e-03,2.800400850446655099e+00,2.800940177630713901e+00,1.291359206946414807e-48
2.000000000000000111e-01,4.460000000000000000e+02,8.920000000000000284e+01,1.377015702502571619e-03,2.800022541908734564e+00,2.800564717163385620e+00,2.289384259809285319e-48
2.000000000000000111e-01,4.470000000000000000e+02,8.940000000000000568e+01,1.372705119700690871e-03,2.799642126364943806e+00,2.800187163622290587e+00,4.046433629191498538e-48
2.000000000000000111e-01,4.480000000000000000e+02,8.960000000000000853e+01,1.368418201204605429e-03,2.799259613501130950e+00,2.799807526676031610e+00,7.130469236968499138e-48
2.000000000000000111e-01,4.490000000000000000e+02,8.980000000000001137e+01,1.364154767457360700e-03,2.798875012958211617e+00,2.799425815946870788e+00,1.252753155057761968e-47
2.000000000000000111e-01,4.500000000000000000e+02,9.000000000000000000e+01,1.359914640642368843e-03,2.798488334330576865e+00,2.799042041010053605e+00,2.194442654595592566e-47
2.000000000000000111e-01,4.510000000000000000e+02,9.020000000000000284e+01,1.355697644662865083e-03,2.798099587164482038e+00,2.798656211392521520e+00,3.832691139616267649e-47
2.000000000000000111e-01,4.520000000000000000e+02,9.040000000000000568e+01,1.351503605121634867e-03,2.797708780961713160e+00,2.798268336575874926e+00,6.674422165556023843e-47
2.000000000000000111e-01,4.530000000000000000e+02,9.060000000000000853e+01,1.347332349301028336e-03,2.797315925177730644e+00,2.797878425994456464e+00,1.158945695021723966e-46
2.000000000000000111e-01,4.540000000000000000e+02,9.080000000000001137e+01,1.343183706143253209e-03,2.796921029222056987e+00,2.797486489037133151e+00,2.006602074762137781e-46
2.000000000000000111e-01,4.550000000000000000e+02,9.100000000000000000e+01,1.339057506230939163e-03,2.796524102458189720e+00,2.797092535045847317e+00,3.464314182346002019e-46
2.000000000000000111e-01,4.560000000000000000e+02,9.120000000000000284e+01,1.334953581767973256e-03,2.796125154205356900e+00,2.796696573316992396e+00,5.964034065325845210e-46
2.000000000000000111e-01,4.570000000000000000e+02,9.140000000000000568e+01,1.330871766560592744e-03,2.795724193738538865e+00,2.796298613102923714e+00,1.023855506522156482e-45
2.000000000000000111e-01,4.580000000000000000e+02,9.160000000000000853e+01,1.326811895998745690e-03,2.795321230286560432e+00,2.795898663609190038e+00,1.752757035235686083e-45
2.000000000000000111e-01,4.590000000000000000e+02,9.180000000000001137e+01,1.322773807037706155e-03,2.794916273034199872e+00,2.795496733996764682e+00,2.992250476389690370e-45
2.000000000000000111e-01,4.600000000000000000e+02,9.200000000000000000e+01,1.318757338179937224e-03,2.794509331122168927e+00,2.795092833382187170e+00,5.094199329184081419e-45
2.000000000000000111e-01,4.610000000000000000e+02,9.220000000000000284e+01,1.314762329457206877e-03,2.794100413646884995e+00,2.794686970836941065e+00,8.648965771409868974e-45
2.000000000000000111e-01,4.620000000000000000e+02,9.240000000000000568e+01,1.310788622412944332e-03,2.793689529662783499e+00,2.794279155389796543e+00,1.464438283189551722e-44
2.000000000000000111e-01,4.630000000000000000e+02,9.260000000000000853e+01,1.306836060084834265e-03,2.793276688177928513e+00,2.793869396023196394e+00,2.472890715936269508e-44
2.000000000000000111e-01,4.640000000000000000e+02,9.280000000000001137e+01,1.302904486987662997e-03,2.792861898158204070e+00,2.793457701676639093e+00,4.164606210000569935e-44
2.000000000000000111e-01,4.650000000000000000e+02,9.300000000000000000e+01,1.298993749096370460e-03,2.792445168527593502e+00,2.793044081247329835e+00,6.994976363531109943e-44
2.000000000000000111e-01,4.660000000000000000e+02,9.320000000000000284e+01,1.295103693829358256e-03,2.792026508165950549e+00,2.792628543587960088e+00,1.171790263646819402e-43
2.000000000000000111e-01,4.670000000000000000e+02,9.340000000000000568e+01,1.291234170032003062e-03,2.791605925911866404e+00,2.792211097508380924e+00,1.957820136214179284e-43
2.000000000000000111e-01,4.680000000000000000e+02,9.360000000000000853e+01,1.287385027960404873e-03,2.791183430559822209e+00,2.791791751775364983e+00,3.262592472075266716e-43
2.000000000000000111e-01,4.690000000000000000e+02,9.380000000000001137e+01,1.283556119265349483e-03,2.790759030863000145e+00,2.791370515113834383e+00,5.422852330034232322e-43
2.000000000000000111e-01,4.700000000000000000e+02,9.400000000000000000e+01,1.279747296976483251e-03,2.790332735532914388e+00,2.790947396205636366e+00,8.990323715184639230e-43
2.000000000000000111e-01,4.710000000000000000e+02,9.420000000000000284e+01,1.275958415486704283e-03,2.789904553239454632e+00,2.790522403690729458e+00,1.486664924446257246e-42
2.000000000000000111e-01,4.720000000000000000e+02,9.440000000000000568e+01,1.272189330536758079e-03,2.789474492611025092e+00,2.790095546166972973e+00,2.452158874780032115e-42
2.000000000000000111e-01,4.730000000000000000e+02,9.460000000000000853e+01,1.268439899200042879e-03,2.789042562233261524e+00,2.789666832190060841e+00,4.034496182271365072e-42
2.000000000000000111e-01,4.740000000000000000e+02,9.480000000000001137e+01,1.264709979867616879e-03,2.788608770652915680e+00,2.789236270275631924e+00,6.621289545554979395e-42
2.000000000000000111e-01,4.750000000000000000e+02,9.500000000000000000e+01,1.260999432233394970e-03,2.788173126375876887e+00,2.788803868897656635e+00,1.083966129164373652e-41
2.000000000000000111e-01,4.760000000000000000e+02,9.520000000000000284e+01,1.257308117279557109e-03,2.787735637866087579e+00,2.788369636488149172e+00,1.770173861832909327e-41
2.000000000000000111e-01,4.770000000000000000e+02,9.540000000000000568e+01,1.253635897262137542e-03,2.787296313547713122e+00,2.787933581438875486e+00,2.883701864390581581e-41
2.000000000000000111e-01,4.780000000000000000e+02,9.560000000000000853e+01,1.249982635696811123e-03,2.786855161804956182e+00,2.787495712101177414e+00,4.686256809707280782e-41
2.000000000000000111e-01,4.790000000000000000e+02,9.580000000000001137e+01,1.246348197344860926e-03,2.786412190982250348e+00,2.787056036786088153e+00,7.597139457887567711e-41
2.000000000000000111e-01,4.800000000000000000e+02,9.600000000000000000e+01,1.242732448199336233e-03,2.785967409383516724e+00,2.786614563763980534e+00,1.228653224425000439e-40
2.000000000000000111e-01,4.810000000000000000e+02,9.620000000000000284e+01,1.239135255471388551e-03,2.785520825274214740e+00,2.786171301266224365e+00,1.982305636518861752e-40
2.000000000000000111e-01,4.820000000000000000e+02,9.640000000000000568e+01,1.235556487576785220e-03,2.785072446880057839e+00,2.785726257483483348e+00,3.190661670576138991e-40
2.000000000000000111e-01,4.830000000000000000e+02,9.660000000000000853e+01,1.231996014122604304e-03,2.784622282387991810e+00,2.785279440567979492e+00,5.123496654256258933e-40
2.000000000000000111e-01,4.840000000000000000e+02,9.680000000000001137e+01,1.228453705894095790e-03,2.784170339946162809e+00,2.784830858632786565e+00,8.207943671164335346e-40
2.000000000000000111e-01,4.850000000000000000e+02,9.700000000000000000e+01,1.224929434841721477e-03,2.783716627662934595e+00,2.784380519749834360e+00,1.311870800071515993e-39
2.000000000000000111e-01,4.860000000000000000e+02,9.720000000000000284e+01,1.221423074068358344e-03,2.783261153609715599e+00,2.783928431954717286e+00,2.091910330584249304e-39
2.000000000000000111e-01,4.870000000000000000e+02,9.740000000000000568e+01,1.217934497816665872e-03,2.782803925818927659e+00,2.783474603243421885e+00,3.328103412635914970e-39
2.000000000000000111e-01,4.880000000000000000e+02,9.760000000000000853e+01,1.214463581456624213e-03,2.782344952285056294e+00,2.783019041573045804e+00,5.282733383282529502e-39
2.000000000000000111e-01,4.890000000000000000e+02,9.780000000000001137e+01,1.211010201473223516e-03,2.781884240965633026e+00,2.782561754863753567e+00,8.366330664561294248e-39
2.000000000000000111e-01,4.900000000000000000e+02,9.800000000000000000e+01,1.207574235454319557e-03,2.781421799779681958e+00,2.782102750997113905e+00,1.322001865987890649e-38
2.000000000000000111e-01,4.910000000000000000e+02,9.820000000000000284e+01,1.204155562078642033e-03,2.780957636608460959e+00,2.781642037816238311e+00,2.084279788329412400e-38
2.000000000000000111e-01,4.920000000000000000e+02,9.840000000000000568e+01,1.200754061103958756e-03,2.780491759296912058e+00,2.781179623127156386e+00,3.278785511317856466e-38
2.000000000000000111e-01,4.930000000000000000e+02,9.860000000000000853e+01,1.197369613355386223e-03,2.780024175653208030e+00,2.780715514699430013e+00,5.146466069719036944e-38
2.000000000000000111e-01,4.940000000000000000e+02,9.880000000000001137e+01,1.194002100713856306e-03,2.779554893448493491e+00,2.780249720264926339e+00,8.060284156085611939e-38
2.000000000000000111e-01,4.950000000000000000e+02,9.900000000000000000e+01,1.190651406104724320e-03,2.779083920416795195e+00,2.779782247517974092e+00,1.259629088297169522e-37
2.000000000000000111e-01,4.960000000000000000e+02,9.920000000000000284e+01,1.187317413486528453e-03,2.778611264255379076e+00,2.779313104116308608e+00,1.964228459575962995e-37
2.000000000000000111e-01,4.970000000000000000e+02,9.940000000000000568e+01,1.184000007839885148e-03,2.778136932626997346e+00,2.778842297682040385e+00,3.056357485058210053e-37
2.000000000000000111e-01,4.980000000000000000e+02,9.960000000000000853e+01,1.180699075156527167e-03,2.777660933157148460e+00,2.778369835799876952e+00,4.745532149989639164e-37
2.000000000000000111e-01,4.990000000000000000e+02,9.980000000000001137e+01,1.177414502428485426e-03,2.777183273436309996e+00,2.777895726019341538e+00,7.352584783675352658e-37
2.000000000000000111e-01,5.000000000000000000e+02,1.000000000000000000e+02,1.174146177637397457e-03,2.776703961018974542e+00,2.777419975853942180e+00,1.136776769790049062e-36
2.000000000000000111e-01,5.010000000000000000e+02,1.002000000000000028e+02,1.170893989743963326e-03,2.776223003423530677e+00,2.776942592780027308e+00,1.753864307837040161e-36
2.000000000000000111e-01,5.020000000000000000e+02,1.004000000000000057e+02,1.167657828677522115e-03,2.775740408134970139e+00,2.776463584240824733e+00,2.700275093229457387e-36
2.000000000000000111e-01,5.030000000000000000e+02,1.006000000000000085e+02,1.164437585325765441e-03,2.775256182601974597e+00,2.775982957642645133e+00,4.148745258677570630e-36
2.000000000000000111e-01,5.040000000000000000e+02,1.008000000000000114e+02,1.161233151524580873e-03,2.774770334237830038e+00,2.775500720355653428e+00,6.361034205703373149e-36
2.000000000000000111e-01,5.050000000000000000e+02,1.010000000000000000e+02,1.158044420048019588e-03,2.774282870423169012e+00,2.775016879718555707e+00,9.732990745927675740e-36
2.000000000000000111e-01,5.060000000000000000e+02,1.012000000000000028e+02,1.154871284598386113e-03,2.773793798502632413e+00,2.774531443032647537e+00,1.486202102548614961e-35
2.000000000000000111e-01,5.070000000000000000e+02,1.014000000000000057e+02,1.151713639796462726e-03,2.773303125786514833e+00,2.774044417563503284e+00,2.264788898985558124e-35
2.000000000000000111e-01,5.080000000000000000e+02,1.016000000000000085e+02,1.148571381171840759e-03,2.772810859552852225e+00,2.773555810545996536e+00,3.444301366496162494e-35
2.000000000000000111e-01,5.090000000000000000e+02,1.018000000000000114e+02,1.145444405153382217e-03,2.772317007043950010e+00,2.773065629178581570e+00,5.227611882851409165e-35
2.000000000000000111e-01,5.100000000000000000e+02,1.020000000000000000e+02,1.142332609059797414e-03,2.771821575468846000e+00,2.772573880625463616e+00,7.918437138260916925e-35
2.000000000000000111e-01,5.110000000000000000e+02,1.022000000000000028e+02,1.139235891090336012e-03,2.771324572003951658e+00,2.772080572018559952e+00,1.197056572170273457e-34
2.000000000000000111e-01,5.120000000000000000e+02,1.024000000000000057e+02,1.136154150315594937e-03,nan,nan,1.806067662210998008e-34
4.000000000000000222e-01,0.000000000000000000e+00,0.000000000000000000e+00,1.000000000000000000e+00,nan,nan,0.000000000000000000e+00
4.000000000000000222e-01,1.000000000000000000e+00,4.000000000000000222e-01,6.000000000000010880e-01,9.999999999999953371e-01,9.999999999999964473e-01,0.000000000000000000e+00
4.000000000000000222e-01,2.000000000000000000e+00,8.000000000000000444e-01,4.000000000000016320e-01,1.554498901367179498e+00,1.554498901367179275e+00,0.000000000000000000e+00
4.000000000000000222e-01,3.000000000000000000e+00,1.200000000000000178e+00,2.891002197265639118e-01,1.850495522332599174e+00,1.850495761404340467e+00,0.000000000000000000e+00
4.000000000000000222e-01,4.000000000000000000e+00,1.600000000000000089e+00,2.216737792968759557e-01,2.015073397330639615e+00,2.015075036868946068e+00,0.000000000000000000e+00
4.000000000000000222e-01,5.000000000000000000e+00,2.000000000000000000e+00,1.774279858398443432e-01,2.116185214916439516e+00,2.116190086370019596e+00,0.000000000000000000e+00
4.000000000000000222e-01,6.000000000000000000e+00,2.400000000000000355e+00,1.465796832275395589e-01,2.185810054010993486e+00,2.185819735776730610e+00,0.000000000000000000e+00
4.000000000000000222e-01,7.000000000000000000e+00,2.800000000000000266e+00,1.240287616210939137e-01,2.238368356856754282e+00,2.238383652311406458e+00,0.000000000000000000e+00
4.000000000000000222e-01,8.000000000000000000e+00,3.200000000000000178e+00,1.069193896057129833e-01,2.280555581038366419e+00,2.280576548294258821e+00,0.000000000000000000e+00
4.000000000000000222e-01,9.000000000000000000e+00,3.600000000000000089e+00,9.354931028527838088e-02,2.315757617807431945e+00,2.315783846132727586e+00,0.000000000000000000e+00
4.000000000000000222e-01,1.000000000000000000e+01,4.000000000000000000e+00,8.284855316862803354e-02,2.345888373756451539e+00,2.345919264960428130e+00,0.000000000000000000e+00
4.000000000000000222e-01,1.100000000000000000e+01,4.400000000000000355e+00,7.411396451919560757e-02,2.372146481610372337e+00,2.372181445024049040e+00,0.000000000000000000e+00
4.000000000000000222e-01,1.200000000000000000e+01,4.800000000000000711e+00,6.686590042568205106e-02,2.395341759582729324e+00,2.395380316108262519e+00,0.000000000000000000e+00
4.000000000000000222e-01,1.300000000000000000e+01,5.200000000000000178e+00,6.076674088738420743e-02,2.416049981100143462e+00,2.416091800964552228e+00,0.000000000000000000e+00
4.000000000000000222e-01,1.400000000000000000e+01,5.600000000000000533e+00,5.557240172010651652e-02,2.434695293311540443e+00,2.434740193915140960e+00,0.000000000000000000e+00
4.000000000000000222e-01,1.500000000000000000e+01,6.000000000000000000e+00,5.110232196552981498e-02,2.451598919433887414e+00,2.451646843018545407e+00,0.000000000000000000e+00
4.000000000000000222e-01,1.600000000000000000e+01,6.400000000000000355e+00,4.722024189935614819e-02,2.467010114469067261e+00,2.467061098171897005e+00,0.000000000000000000e+00
4.000000000000000222e-01,1.700000000000000000e+01,6.800000000000000711e+00,4.382152106719308660e-02,2.481126717186203923e+00,2.481180862651949592e+00,0.000000000000000000e+00
4.000000000000000222e-01,1.800000000000000000e+01,7.200000000000000178e+00,4.082455091655903812e-02,2.494109134693490937e+00,2.494166580898315111e+00,0.000000000000000000e+00
4.000000000000000222e-01,1.900000000000000000e+01,7.600000000000000533e+00,3.816480521381811902e-02,2.506090001717940385e+00,2.506150902539156178e+00,0.000000000000000000e+00
4.000000000000000222e-01,2.000000000000000000e+01,8.000000000000000000e+00,3.579063319214523253e-02,2.517180928115204441e+00,2.517245434983355512e+00,0.000000000000000000e+00
4.000000000000000222e-01,2.100000000000000000e+01,8.400000000000000355e+00,3.366023024999637014e-02,2.527477264096012810e+00,2.527545513431891600e+00,0.000000000000000000e+00
4.000000000000000222e-01,2.200000000000000000e+01,8.800000000000000711e+00,3.173942049399748611e-02,2.537061507051205034e+00,2.537133611889061502e+00,0.000000000000000000e+00
4.000000000000000222e-01,2.300000000000000000e+01,9.200000000000001066e+00,3.000000925038577224e-02,2.546005772624498675e+00,2.546081817712867679e+00,0.000000000000000000e+00
4.000000000000000222e-01,2.400000000000000000e+01,9.600000000000001421e+00,2.841854237529007135e-02,2.554373617571235044e+00,2.554453657239108111e+00,0.000000000000000000e+00
4.000000000000000222e-01,2.500000000000000000e+01,1.000000000000000000e+01,2.697536029649947459e-02,2.562221410502675489e+00,2.562305468631842054e+00,0.000000000000000000e+00
4.000000000000000222e-01,2.600000000000000000e+01,1.040000000000000036e+01,2.565386854698148075e-02,2.569599384557218702e+00,2.569687456081882093e+00,0.000000000000000000e+00
4.000000000000000222e-01,2.700000000000000000e+01,1.080000000000000071e+01,2.443996934150580516e-02,2.576552463873631016e+00,2.576644517318606997e+00,0.000000000000000000e+00
4.000000000000000222e-01,2.800000000000000000e+01,1.120000000000000107e+01,2.332161435350545153e-02,2.583120927071166140e+00,2.583216907729470879e+00,0.000000000000000000e+00
4.000000000000000222e-01,2.900000000000000000e+01,1.160000000000000142e+01,2.228844969544783311e-02,2.589340951424400572e+00,2.589440784858887401e+00,0.000000000000000000e+00
4.000000000000000222e-01,3.000000000000000000e+01,1.200000000000000000e+01,2.133153174867145896e-02,2.595245068110734632e+00,2.595348663738535233e+00,0.000000000000000000e+00
4.000000000000000222e-01,3.100000000000000000e+01,1.240000000000000036e+01,2.044309794324826110e-02,2.600862549814044744e+00,2.600969804396779939e+00,0.000000000000000000e+00
4.000000000000000222e-01,3.200000000000000000e+01,1.280000000000000071e+01,1.961638052793678380e-02,2.606219745733653337e+00,2.606330546649902491e+00,0.000000000000000000e+00
4.000000000000000222e-01,3.300000000000000000e+01,1.320000000000000107e+01,1.884545424725657392e-02,2.611340374761752070e+00,2.611454602981583939e+00,0.000000000000000000e+00
4.000000000000000222e-01,3.400000000000000000e+01,1.360000000000000142e+01,1.812511096561598284e-02,2.616245784633244309e+00,2.616363317349194251e+00,0.000000000000000000e+00
4.000000000000000222e-01,3.500000000000000000e+01,1.400000000000000000e+01,1.745075586020355604e-02,2.620955182798428318e+00,2.621075895693905089e+00,0.000000000000000000e+00
4.000000000000000222e-01,3.600000000000000000e+01,1.440000000000000036e+01,1.681832099374310982e-02,2.625485843337804770e+00,2.625609612493508660e+00,0.000000000000000000e+00
4.000000000000000222e-01,3.700000000000000000e+01,1.480000000000000071e+01,1.622419298026512441e-02,2.629853293232012668e+00,2.629979996685207766e+00,0.000000000000000000e+00
4.000000000000000222e-01,3.800000000000000000e+01,1.520000000000000107e+01,1.566515214673819267e-02,2.634071480586835268e+00,2.634200999567811952e+00,0.000000000000000000e+00
4.000000000000000222e-01,3.900000000000000000e+01,1.560000000000000142e+01,1.513832112477100054e-02,2.638152926902747719e+00,2.638285146778650780e+00,0.000000000000000000e+00
4.000000000000000222e-01,4.000000000000000000e+01,1.600000000000000000e+01,1.464112121895080020e-02,2.642108865107374083e+00,2.642243676067037139e+00,0.000000000000000000e+00
4.000000000000000222e-01,4.100000000000000000e+01,1.640000000000000213e+01,1.417123522057846079e-02,2.645949364796551073e+00,2.646086662310529469e+00,0.000000000000000000e+00
4.000000000000000222e-01,4.200000000000000000e+01,1.680000000000000071e+01,1.372657558894416381e-02,2.649683445921391378e+00,2.649823131010971000e+00,0.000000000000000000e+00
4.000000000000000222e-01,4.300000000000000000e+01,1.719999999999999929e+01,1.330525712278765073e-02,2.653319182001869780e+00,2.653461161349251363e+00,0.000000000000000000e+00
4.000000000000000222e-01,4.400000000000000000e+01,1.760000000000000142e+01,1.290557340416836202e-02,2.656863793821828246e+00,2.657007979751283777e+00,0.000000000000000000e+00
4.000000000000000222e-01,4.500000000000000000e+01,1.800000000000000000e+01,1.252597642469572246e-02,2.660323734457259448e+00,2.660470044814029045e+00,0.000000000000000000e+00
4.000000000000000222e-01,4.600000000000000000e+01,1.840000000000000213e+01,1.216505890683791495e-02,2.663704766405936564e+00,2.663853124356900359e+00,0.000000000000000000e+00
4.000000000000000222e-01,4.700000000000000000e+01,1.880000000000000071e+01,1.182153891613587152e-02,2.667012031516331039e+00,2.667162365293304305e+00,0.000000000000000000e+00
4.000000000000000222e-01,4.800000000000000000e+01,1.920000000000000284e+01,1.149424642768104472e-02,2.670250114349132176e+00,2.670402356952654266e+00,0.000000000000000000e+00
4.000000000000000222e-01,4.900000000000000000e+01,1.960000000000000142e+01,1.118211156534686286e-02,2.673423099549427473e+00,2.673577188428004181e+00,0.000000000000000000e+00
4.000000000000000222e-01,5.000000000000000000e+01,2.000000000000000000e+01,1.088415427746600161e-02,2.676534623761326337e+00,2.676690500478668522e+00,0.000000000000000000e+00
4.000000000000000222e-01,5.100000000000000000e+01,2.040000000000000213e+01,1.059947524986690898e-02,2.679587922568395175e+00,2.679745532468837954e+00,0.000000000000000000e+00
4.000000000000000222e-01,5.200000000000000000e+01,2.080000000000000071e+01,1.032724788795411942e-02,2.682585872905372870e+00,2.682745164785272252e+00,0.000000000000000000e+00
4.000000000000000222e-01,5.300000000000000000e+01,2.120000000000000284e+01,1.006671122505503266e-02,2.685531031348427078e+00,2.685691957139735297e+00,0.000000000000000000e+00
4.000000000000000222e-01,5.400000000000000000e+01,2.160000000000000142e+01,9.817163635529424504e-03,2.688425668656619472e+00,2.688588183127385012e+00,0.000000000000000000e+00
4.000000000000000222e-01,5.500000000000000000e+01,2.200000000000000000e+01,9.577957248922446681e-03,2.691271800906554379e+00,2.691435861381409111e+00,0.000000000000000000e+00
4.000000000000000222e-01,5.600000000000000000e+01,2.240000000000000213e+01,9.348492976360088177e-03,2.694071217533442031e+00,2.694236783635902022e+00,0.000000000000000000e+00
4.000000000000000222e-01,5.700000000000000000e+01,2.280000000000000071e+01,9.128216072941638601e-03,2.696825506563251817e+00,2.696992539981493131e+00,0.000000000000000000e+00
4.000000000000000222e-01,5.800000000000000000e+01,2.320000000000000284e+01,8.916612170484129393e-03,2.699536077298056558e+00,2.699704541574203365e+00,0.000000000000000000e+00
4.000000000000000222e-01,5.900000000000000000e+01,2.360000000000000142e+01,8.713203723950313853e-03,2.702204180693625446e+00,2.702374041036208485e+00,0.000000000000000000e+00
4.000000000000000222e-01,6.000000000000000000e+01,2.400000000000000000e+01,8.517546822516437743e-03,2.704830927645415883e+00,2.705002150764772573e+00,0.000000000000000000e+00
4.000000000000000222e-01,6.100000000000000000e+01,2.440000000000000213e+01,8.329228322730140507e-03,2.707417305383049921e+00,2.707589859348094041e+00,0.000000000000000000e+00
4.000000000000000222e-01,6.200000000000000000e+01,2.480000000000000071e+01,8.147863266755024300e-03,2.709964192153694107e+00,2.710138046268902201e+00,0.000000000000000000e+00
4.000000000000000222e-01,6.300000000000000000e+01,2.520000000000000284e+01,7.973092553448357656e-03,2.712472370357494889e+00,2.712647495059095970e+00,0.000000000000000000e+00
4.000000000000000222e-01,6.400000000000000000e+01,2.560000000000000142e+01,7.804580834095790030e-03,2.714942538287687057e+00,2.715118905056777443e+00,0.000000000000000000e+00
4.000000000000000222e-01,6.500000000000000000e+01,2.600000000000000000e+01,7.642014608135991142e-03,2.717375320608986566e+00,2.717552901900302409e+00,0.000000000000000000e+00
4.000000000000000222e-01,6.600000000000000000e+01,2.640000000000000213e+01,7.485100497236065430e-03,2.719771277699096768e+00,2.719950046883929051e+00,0.000000000000000000e+00
4.000000000000000222e-01,6.700000000000000000e+01,2.680000000000000071e+01,7.333563678695477830e-03,2.722130913966110288e+00,2.722310845287580161e+00,0.000000000000000000e+00
4.000000000000000222e-01,6.800000000000000000e+01,2.720000000000000284e+01,7.187146461425378968e-03,2.724454685242247987e+00,2.724635753781488479e+00,0.000000000000000000e+00
4.000000000000000222e-01,6.900000000000000000e+01,2.760000000000000142e+01,7.045606989719704026e-03,2.726743005348500670e+00,2.726925187000277084e+00,0.000000000000000000e+00
4.000000000000000222e-01,7.000000000000000000e+01,2.800000000000000000e+01,6.908718061749252737e-03,2.728996251912069848e+00,2.729179523368471028e+00,0.000000000000000000e+00
4.000000000000000222e-01,7.100000000000000000e+01,2.840000000000000213e+01,6.776266051204976430e-03,2.731214771513478912e+00,2.731399110254441265e+00,0.000000000000000000e+00
4.000000000000000222e-01,7.200000000000000000e+01,2.880000000000000071e+01,6.648049921823107056e-03,2.733398884231981629e+00,2.733584268521561444e+00,0.000000000000000000e+00
4.000000000000000222e-01,7.300000000000000000e+01,2.920000000000000284e+01,6.523880325668451538e-03,2.735548887651108263e+00,2.735735296538147399e+00,0.000000000000000000e+00
4.000000000000000222e-01,7.400000000000000000e+01,2.960000000000000142e+01,6.403578777055281279e-03,2.737665060380907622e+00,2.737852473703715095e+00,0.000000000000000000e+00
4.000000000000000222e-01,7.500000000000000000e+01,3.000000000000000000e+01,6.286976894866546858e-03,2.739747665147407751e+00,2.739936063541156930e+00,0.000000000000000000e+00
4.000000000000000222e-01,7.600000000000000000e+01,3.040000000000000213e+01,6.173915706807996985e-03,2.741796951495539147e+00,2.741986316401580304e+00,0.000000000000000000e+00
4.000000000000000222e-01,7.700000000000000000e+01,3.080000000000000071e+01,6.064245009817644319e-03,2.743813158146556130e+00,2.744003471823513340e+00,0.000000000000000000e+00
4.000000000000000222e-01,7.800000000000000000e+01,3.120000000000000284e+01,5.957822781455240566e-03,2.745796515046442288e+00,2.745987760582080384e+00,0.000000000000000000e+00
4.000000000000000222e-01,7.900000000000000000e+01,3.160000000000000142e+01,5.854514637630668650e-03,2.747747245141967554e+00,2.747939406465448098e+00,0.000000000000000000e+00
4.000000000000000222e-01,8.000000000000000000e+01,3.200000000000000000e+01,5.754193332503430500e-03,2.749665565911072918e+00,2.749858627805354061e+00,0.000000000000000000e+00
4.000000000000000222e-01,8.100000000000000000e+01,3.239999999999999858e+01,5.656738296805921551e-03,2.751551690675841488e+00,2.751745638789678594e+00,0.000000000000000000e+00
4.000000000000000222e-01,8.200000000000000000e+01,3.280000000000000426e+01,5.562035211215935263e-03,2.753405829725497966e+00,2.753600650585015241e+00,0.000000000000000000e+00
4.000000000000000222e-01,8.300000000000000000e+01,3.320000000000000284e+01,5.469975611736403905e-03,2.755228191267303561e+00,2.755423872286674403e+00,0.000000000000000000e+00
4.000000000000000222e-01,8.400000000000000000e+01,3.360000000000000142e+01,5.380456524336408100e-03,2.757018982227240844e+00,2.757215511718476897e+00,0.000000000000000000e+00
4.000000000000000222e-01,8.500000000000000000e+01,3.400000000000000000e+01,5.293380126371595787e-03,2.758778408918697966e+00,2.758975776100351496e+00,0.000000000000000000e+00
4.000000000000000222e-01,8.600000000000000000e+01,3.439999999999999858e+01,5.208653432538369425e-03,2.760506677594242397e+00,2.760704872598941595e+00,0.000000000000000000e+00
4.000000000000000222e-01,8.700000000000000000e+01,3.480000000000000426e+01,5.126188003327452301e-03,2.762203994894297576e+00,2.762403008775110358e+00,0.000000000000000000e+00
4.000000000000000222e-01,8.800000000000000000e+01,3.520000000000000284e+01,5.045899674131814130e-03,2.763870568207187794e+00,2.764070392942654220e+00,0.000000000000000000e+00
4.000000000000000222e-01,8.900000000000000000e+01,3.560000000000000142e+01,4.967708303333598190e-03,2.765506605950267538e+00,2.765707234448376628e+00,0.000000000000000000e+00
4.000000000000000222e-01,9.000000000000000000e+01,3.600000000000000000e+01,4.891537537847510074e-03,2.767112317782563835e+00,2.767313743883326627e+00,0.000000000000000000e+00
4.000000000000000222e-01,9.100000000000000000e+01,3.639999999999999858e+01,4.817314594735002189e-03,2.768687914759735413e+00,2.768890133236581175e+00,0.000000000000000000e+00
4.000000000000000222e-01,9.200000000000000000e+01,3.680000000000000426e+01,4.744970057627306836e-03,2.770233609436425937e+00,2.770436615996647145e+00,0.000000000000000000e+00
4.000000000000000222e-01,9.300000000000000000e+01,3.720000000000000284e+01,4.674437686806647181e-03,2.771749615926518473e+00,2.771953407210372422e+00,0.000000000000000000e+00
4.000000000000000222e-01,9.400000000000000000e+01,3.760000000000000142e+01,4.605654241895277071e-03,2.773236149925003780e+00,2.773440723503915795e+00,0.000000000000000000e+00
4.000000000000000222e-01,9.500000000000000000e+01,3.800000000000000000e+01,4.538559316193036333e-03,2.774693428698302711e+00,2.774898783072332176e+00,0.000000000000000000e+00
4.000000000000000222e-01,9.600000000000000000e+01,3.840000000000000568e+01,4.473095181785821488e-03,2.776121671048543682e+00,2.776327805642487156e+00,0.000000000000000000e+00
4.000000000000000222e-01,9.700000000000000000e+01,3.880000000000000426e+01,4.409206644622010868e-03,2.777521097254459725e+00,2.777728012413439806e+00,0.000000000000000000e+00
4.000000000000000222e-01,9.800000000000000000e+01,3.920000000000000284e+01,4.346840908820953642e-03,2.778891928995605554e+00,2.779099625980180122e+00,0.000000000000000000e+00
4.000000000000000222e-01,9.900000000000000000e+01,3.960000000000000142e+01,4.285947449538842803e-03,2.780234389260188177e+00,2.780442870240338316e+00,0.000000000000000000e+00
4.000000000000000222e-01,1.000000000000000000e+02,4.000000000000000000e+01,4.226477893772772991e-03,2.781548702241377846e+00,2.781757970290129389e+00,0.000000000000000000e+00
4.000000000000000222e-01,1.010000000000000000e+02,4.040000000000000568e+01,4.168385908534087518e-03,2.782835093225107137e+00,2.783045152311791615e+00,0.000000000000000000e+00
4.000000000000000222e-01,1.020000000000000000e+02,4.080000000000000426e+01,4.111627095868083080e-03,2.784093788469978570e+00,2.784304643452982120e+00,0.000000000000000000e+00
4.000000000000000222e-01,1.030000000000000000e+02,4.120000000000000284e+01,4.056158894238879806e-03,2.785325015082420030e+00,2.785536671701424716e+00,0.000000000000000000e+00
4.000000000000000222e-01,1.040000000000000000e+02,4.160000000000000142e+01,4.001940485836310256e-03,2.786529000889537588e+00,2.786741465757592628e+00,0.000000000000000000e+00
4.000000000000000222e-01,1.050000000000000000e+02,4.200000000000000000e+01,3.948932709396410154e-03,2.787705974308493317e+00,2.787919254903955313e+00,0.000000000000000000e+00
4.000000000000000222e-01,1.060000000000000000e+02,4.240000000000000568e+01,3.897097978158914084e-03,2.788856164216538591e+00,2.789070268874648484e+00,0.000000000000000000e+00
4.000000000000000222e-01,1.070000000000000000e+02,4.280000000000000426e+01,3.846400202613916783e-03,2.789979799822154938e+00,2.790194737726573670e+00,0.000000000000000000e+00
4.000000000000000222e-01,1.080000000000000000e+02,4.320000000000000284e+01,3.796804717716627427e-03,2.791077110536332562e+00,2.791292891710661639e+00,0.000000000000000000e+00
4.000000000000000222e-01,1.090000000000000000e+02,4.360000000000000142e+01,3.748278214273220114e-03,2.792148325846907753e+00,2.792364961146026836e+00,0.000000000000000000e+00
4.000000000000000222e-01,1.100000000000000000e+02,4.400000000000000000e+01,3.700788674223128277e-03,2.793193675196043113e+00,2.793411176297625698e+00,0.000000000000000000e+00
4.000000000000000222e-01,1.110000000000000000e+02,4.440000000000000568e+01,3.654305309563427463e-03,2.794213387860818631e+00,2.794431767256603472e+00,0.000000000000000000e+00
4.000000000000000222e-01,1.120000000000000000e+02,4.480000000000000426e+01,3.608798504679767895e-03,2.795207692837338165e+00,2.795426963824838573e+00,0.000000000000000000e+00
4.000000000000000222e-01,1.130000000000000000e+02,4.520000000000000284e+01,3.564239761865384878e-03,2.796176818729985136e+00,2.796396995404103247e+00,0.000000000000000000e+00
4.000000000000000222e-01,1.140000000000000000e+02,4.560000000000000142e+01,3.520601649825576100e-03,2.797120993644584885e+00,2.797342090889164634e+00,0.000000000000000000e+00
4.000000000000000222e-01,1.150000000000000000e+02,4.600000000000000000e+01,3.477857754979535049e-03,2.798040445085887562e+00,2.798262478565769928e+00,0.000000000000000000e+00
4.000000000000000222e-01,1.160000000000000000e+02,4.640000000000000568e+01,3.435982635384807887e-03,2.798935399860790874e+00,2.799158386013706590e+00,0.000000000000000000e+00
4.000000000000000222e-01,1.170000000000000000e+02,4.680000000000000426e+01,3.394951777121901337e-03,2.799806083985315386e+00,2.800030040014116040e+00,0.000000000000000000e+00
4.000000000000000222e-01,1.180000000000000000e+02,4.720000000000000284e+01,3.354741552988033029e-03,2.800652722597347211e+00,2.800877666462350479e+00,0.000000000000000000e+00
4.000000000000000222e-01,1.190000000000000000e+02,4.760000000000000142e+01,3.315329183359304842e-03,2.801475539873977905e+00,2.801701490285285256e+00,0.000000000000000000e+00
4.000000000000000222e-01,1.200000000000000000e+02,4.800000000000000000e+01,3.276692699090457718e-03,2.802274758953067213e+00,2.802501735363497115e+00,0.000000000000000000e+00
4.000000000000000222e-01,1.210000000000000000e+02,4.840000000000000568e+01,3.238810906330079949e-03,2.803050601861198476e+00,2.803278624459041524e+00,0.000000000000000000e+00
4.000000000000000222e-01,1.220000000000000000e+02,4.880000000000000426e+01,3.201663353137539168e-03,2.803803289444550373e+00,2.804032379146633058e+00,0.000000000000000000e+00
4.000000000000000222e-01,1.230000000000000000e+02,4.920000000000000284e+01,3.165230297795480763e-03,2.804533041305521834e+00,2.804763219750464831e+00,0.000000000000000000e+00
4.000000000000000222e-01,1.240000000000000000e+02,4.960000000000000142e+01,3.129492678718768899e-03,2.805240075743387074e+00,2.805471365284857743e+00,0.000000000000000000e+00
4.000000000000000222e-01,1.250000000000000000e+02,5.000000000000000000e+01,3.094432085867356453e-03,2.805924609699215200e+00,2.806157033399515388e+00,0.000000000000000000e+00
4.000000000000000222e-01,1.260000000000000000e+02,5.040000000000000568e+01,3.060030733576544169e-03,2.806586858705202747e+00,2.806820440329067967e+00,0.000000000000000000e+00
4.000000000000000222e-01,1.270000000000000000e+02,5.080000000000000426e+01,3.026271434723785264e-03,2.807227036838841006e+00,2.807461800847311117e+00,0.000000000000000000e+00
4.000000000000000222e-01,1.280000000000000000e+02,5.120000000000000284e+01,2.993137576156310476e-03,2.807845356679178561e+00,2.808081328223295703e+00,0.000000000000000000e+00
4.000000000000000222e-01,1.290000000000000000e+02,5.160000000000000142e+01,2.960613095308844110e-03,2.808442029268015450e+00,2.808679234183161899e+00,0.000000000000000000e+00
4.000000000000000222e-01,1.300000000000000000e+02,5.200000000000000000e+01,2.928682457944941243e-03,2.809017264074849862e+00,2.809255728874981539e+00,0.000000000000000000e+00
4.000000000000000222e-01,1.310000000000000000e+02,5.240000000000000568e+01,2.897330636959917147e-03,2.809571268964607071e+00,2.809811020836573192e+00,0.000000000000000000e+00
4.000000000000000222e-01,1.320000000000000000e+02,5.280000000000000426e+01,2.866543092186975544e-03,2.810104250169655593e+00,2.810345316967475249e+00,0.000000000000000000e+00
4.000000000000000222e-01,1.330000000000000000e+02,5.320000000000000284e+01,2.836305751151969520e-03,2.810616412263386099e+00,2.810858822502809051e+00,0.000000000000000000e+00
4.000000000000000222e-01,1.340000000000000000e+02,5.360000000000000142e+01,2.806604990725436021e-03,2.811107958137703200e+00,2.811351740990726711e+00,0.000000000000000000e+00
4.000000000000000222e-01,1.350000000000000000e+02,5.400000000000000000e+01,2.777427619623780951e-03,2.811579088983477970e+00,2.811824274272928026e+00,0.000000000000000000e+00
4.000000000000000222e-01,1.360000000000000000e+02,5.440000000000000568e+01,2.748760861714329498e-03,2.812030004273369244e+00,2.812276622467749121e+00,0.000000000000000000e+00
4.000000000000000222e-01,1.370000000000000000e+02,5.480000000000000426e+01,2.720592340081773482e-03,2.812460901746965725e+00,2.812708983954660624e+00,0.000000000000000000e+00
4.000000000000000222e-01,1.380000000000000000e+02,5.520000000000000284e+01,2.692910061815991744e-03,2.812871977398414991e+00,2.813121555362775084e+00,0.000000000000000000e+00
4.000000000000000222e-01,1.390000000000000000e+02,5.560000000000000142e+01,2.665702403483683359e-03,2.813263425466251189e+00,2.813514531560166176e+00,0.000000000000000000e+00
4.000000000000000222e-01,1.400000000000000000e+02,5.600000000000000000e+01,2.638958097248379330e-03,2.813635438425885038e+00,2.813888105646101589e+00,0.000000000000000000e+00
4.000000000000000222e-01,1.410000000000000000e+02,5.640000000000000568e+01,2.612666217605547764e-03,2.813988206982639184e+00,2.814242468944851527e+00,0.000000000000000000e+00
4.000000000000000222e-01,1.420000000000000000e+02,5.680000000000000426e+01,2.586816168701400968e-03,2.814321920068338478e+00,2.814577811001576446e+00,0.000000000000000000e+00
4.000000000000000222e-01,1.430000000000000000e+02,5.720000000000000284e+01,2.561397672205804454e-03,2.814636764838351457e+00,2.814894319579166915e+00,0.000000000000000000e+00
4.000000000000000222e-01,1.440000000000000000e+02,5.760000000000000142e+01,2.536400755711458108e-03,2.814932926670589364e+00,2.815192180658029120e+00,0.000000000000000000e+00
4.000000000000000222e-01,1.450000000000000000e+02,5.800000000000000000e+01,2.511815741632996476e-03,2.815210589166307287e+00,2.815471578436107070e+00,0.000000000000000000e+00
4.000000000000000222e-01,1.460000000000000000e+02,5.840000000000000568e+01,2.487633236581252363e-03,2.815469934151727305e+00,2.815732695330448454e+00,0.000000000000000000e+00
4.000000000000000222e-01,1.470000000000000000e+02,5.880000000000000426e+01,2.463844121189222042e-03,2.815711141681590313e+00,2.815975711981250296e+00,0.000000000000000000e+00
4.000000000000000222e-01,1.480000000000000000e+02,5.920000000000000284e+01,2.440439540367652510e-03,2.815934390043456581e+00,2.816200807255198946e+00,0.000000000000000000e+00
4.000000000000000222e-01,1.490000000000000000e+02,5.960000000000000142e+01,2.417410893969336103e-03,2.816139855762994859e+00,2.816408158251297422e+00,0.000000000000000000e+00
4.000000000000000222e-01,1.500000000000000000e+02,6.000000000000000000e+01,2.394749827842399502e-03,2.816327713610727201e+00,2.816597940307425496e+00,0.000000000000000000e+00
4.000000000000000222e-01,1.510000000000000000e+02,6.040000000000000568e+01,2.372448225253888984e-03,2.816498136609820957e+00,2.816770327007580121e+00,0.000000000000000000e+00
4.000000000000000222e-01,1.520000000000000000e+02,6.080000000000000426e+01,2.350498198666036223e-03,2.816651296043563235e+00,2.816925490189851278e+00,0.000000000000000000e+00
4.000000000000000222e-01,1.530000000000000000e+02,6.120000000000000284e+01,2.328892081848489299e-03,2.816787361465647344e+00,2.817063599956109776e+00,0.000000000000000000e+00
4.000000000000000222e-01,1.540000000000000000e+02,6.160000000000000142e+01,2.307622422310688214e-03,2.816906500708614036e+00,2.817184824680353028e+00,0.000000000000000000e+00
4.000000000000000222e-01,1.550000000000000000e+02,6.200000000000000000e+01,2.286681974039476723e-03,2.817008879895323226e+00,2.817289331020337073e+00,0.000000000000000000e+00
4.000000000000000222e-01,1.560000000000000000e+02,6.240000000000000568e+01,2.266063690527683229e-03,2.817094663450675718e+00,2.817377283928732545e+00,0.000000000000000000e+00
4.000000000000000222e-01,1.570000000000000000e+02,6.280000000000000426e+01,2.245760718080342874e-03,2.817164014111503967e+00,2.817448846663222817e+00,0.000000000000000000e+00
4.000000000000000222e-01,1.580000000000000000e+02,6.320000000000000284e+01,2.225766389385765067e-03,2.817217092940046186e+00,2.817504180799695668e+00,0.000000000000000000e+00
4.000000000000000222e-01,1.590000000000000000e+02,6.360000000000000142e+01,2.206074217339399658e-03,2.817254059335996264e+00,2.817543446244177296e+00,0.000000000000000000e+00
4.000000000000000222e-01,1.600000000000000000e+02,6.400000000000000000e+01,2.186677889109061267e-03,2.817275071049926360e+00,2.817566801245773966e+00,0.000000000000000000e+00
4.000000000000000222e-01,1.610000000000000000e+02,6.440000000000000568e+01,2.167571260430630701e-03,2.817280284196452378e+00,2.817574402410146561e+00,0.000000000000000000e+00
4.000000000000000222e-01,1.620000000000000000e+02,6.479999999999999716e+01,2.148748350123955240e-03,2.817269853267287960e+00,2.817566404712342543e+00,0.000000000000000000e+00
4.000000000000000222e-01,1.630000000000000000e+02,6.520000000000000284e+01,2.130203334819136610e-03,2.817243931145708036e+00,2.817542961510910438e+00,0.000000000000000000e+00
4.000000000000000222e-01,1.640000000000000000e+02,6.560000000000000853e+01,2.111930543883921117e-03,2.817202669120990599e+00,2.817504224562175974e+00,0.000000000000000000e+00
4.000000000000000222e-01,1.650000000000000000e+02,6.600000000000000000e+01,2.093924454543356559e-03,2.817146216902281175e+00,2.817450344033948006e+00,0.000000000000000000e+00
4.000000000000000222e-01,1.660000000000000000e+02,6.640000000000000568e+01,2.076179687183339357e-03,2.817074722633323702e+00,2.817381468520424370e+00,0.000000000000000000e+00
4.000000000000000222e-01,1.670000000000000000e+02,6.679999999999999716e+01,2.058691000830049651e-03,2.816988332907093273e+00,2.817297745056256186e+00,0.000000000000000000e+00
4.000000000000000222e-01,1.680000000000000000e+02,6.720000000000000284e+01,2.041453288797716141e-03,2.816887192780489713e+00,2.817199319131325819e+00,0.000000000000000000e+00
4.000000000000000222e-01,1.690000000000000000e+02,6.760000000000000853e+01,2.024461574497466929e-03,2.816771445789378880e+00,2.817086334705628747e+00,0.000000000000000000e+00
4.000000000000000222e-01,1.700000000000000000e+02,6.800000000000000000e+01,2.007711007400424588e-03,2.816641233963840030e+00,2.816958934224101263e+00,0.000000000000000000e+00
4.000000000000000222e-01,1.710000000000000000e+02,6.840000000000000568e+01,1.991196859148483891e-03,2.816496697842804764e+00,2.816817258631639564e+00,0.000000000000000000e+00
4.000000000000000222e-01,1.720000000000000000e+02,6.879999999999999716e+01,1.974914519806584418e-03,2.816337976488578310e+00,2.816661447387305728e+00,0.000000000000000000e+00
4.000000000000000222e-01,1.730000000000000000e+02,6.920000000000000284e+01,1.958859494250518845e-03,2.816165207503937395e+00,2.816491638480512094e+00,0.000000000000000000e+00
4.000000000000000222e-01,1.740000000000000000e+02,6.960000000000000853e+01,1.943027398684636035e-03,2.815978527044900925e+00,2.816307968444866638e+00,0.000000000000000000e+00
4.000000000000000222e-01,1.750000000000000000e+02,7.000000000000000000e+01,1.927413957284105934e-03,2.815778069836506692e+00,2.816110572373314191e+00,0.000000000000000000e+00
4.000000000000000222e-01,1.760000000000000000e+02,7.040000000000000568e+01,1.912014998956536706e-03,2.815563969189015747e+00,2.815899583934000638e+00,0.000000000000000000e+00
4.000000000000000222e-01,1.770000000000000000e+02,7.079999999999999716e+01,1.896826454218134353e-03,2.815336357011250179e+00,2.815675135383860717e+00,0.000000000000000000e+00
4.000000000000000222e-01,1.780000000000000000e+02,7.120000000000000284e+01,1.881844352179694617e-03,2.815095363826918717e+00,2.815437357584335221e+00,0.000000000000000000e+00
4.000000000000000222e-01,1.790000000000000000e+02,7.160000000000000853e+01,1.867064817637994296e-03,2.814841118788106389e+00,2.815186380015454404e+00,0.000000000000000000e+00
4.000000000000000222e-01,1.800000000000000000e+02,7.200000000000000000e+01,1.852484068268353589e-03,2.814573749691808846e+00,2.814922330791615579e+00,0.000000000000000000e+00
4.000000000000000222e-01,1.810000000000000000e+02,7.240000000000000568e+01,1.838098411914269870e-03,2.814293382993452219e+00,2.814645336675518195e+00,0.000000000000000000e+00
4.000000000000000222e-01,1.820000000000000000e+02,7.279999999999999716e+01,1.823904243970336445e-03,2.814000143820601263e+00,2.814355523091601974e+00,0.000000000000000000e+00
4.000000000000000222e-01,1.830000000000000000e+02,7.320000000000000284e+01,1.809898044854668046e-03,2.813694155990695833e+00,2.814053014143302001e+00,0.000000000000000000e+00
4.000000000000000222e-01,1.840000000000000000e+02,7.360000000000000853e+01,1.796076377567349747e-03,2.813375542022972908e+00,2.813737932625518745e+00,0.000000000000000000e+00
4.000000000000000222e-01,1.850000000000000000e+02,7.400000000000000000e+01,1.782435885331552826e-03,2.813044423152361695e+00,2.813410400038218739e+00,0.000000000000000000e+00
4.000000000000000222e-01,1.860000000000000000e+02,7.440000000000000568e+01,1.768973289314060195e-03,2.812700919346030393e+00,2.813070536602819693e+00,0.000000000000000000e+00
4.000000000000000222e-01,1.870000000000000000e+02,7.479999999999999716e+01,1.755685386422132241e-03,2.812345149316153758e+00,2.812718461274895887e+00,0.000000000000000000e+00
4.000000000000000222e-01,1.880000000000000000e+02,7.520000000000000284e+01,1.742569047173795271e-03,2.811977230533199368e+00,2.812354291757491520e+00,0.000000000000000000e+00
4.000000000000000222e-01,1.890000000000000000e+02,7.560000000000000853e+01,1.729621213638703279e-03,2.811597279241690117e+00,2.811978144516837474e+00,0.000000000000000000e+00
4.000000000000000222e-01,1.900000000000000000e+02,7.600000000000000000e+01,1.716838897446888983e-03,2.811205410472666699e+00,2.811590134794720086e+00,0.000000000000000000e+00
4.000000000000000222e-01,1.910000000000000000e+02,7.640000000000000568e+01,1.704219177862847370e-03,2.810801738057633781e+00,2.811190376622509035e+00,0.000000000000000000e+00
4.000000000000000222e-01,1.920000000000000000e+02,7.680000000000001137e+01,1.691759199922448966e-03,2.810386374641737017e+00,2.810778982834353457e+00,0.000000000000000000e+00
4.000000000000000222e-01,1.930000000000000000e+02,7.720000000000000284e+01,1.679456172630363741e-03,2.809959431697828247e+00,2.810356065080743093e+00,0.000000000000000000e+00
4.000000000000000222e-01,1.940000000000000000e+02,7.760000000000000853e+01,1.667307367215683025e-03,2.809521019539912512e+00,2.809921733842366542e+00,0.000000000000000000e+00
4.000000000000000222e-01,1.950000000000000000e+02,7.800000000000000000e+01,1.655310115443630681e-03,2.809071247335139798e+00,2.809476098442258429e+00,0.000000000000000000e+00
4.000000000000000222e-01,1.960000000000000000e+02,7.840000000000000568e+01,1.643461807981243467e-03,2.808610223117591786e+00,2.809019267059316594e+00,0.000000000000000000e+00
4.000000000000000222e-01,1.970000000000000000e+02,7.880000000000001137e+01,1.631759892815062103e-03,2.808138053800956158e+00,2.808551346740725041e+00,0.000000000000000000e+00
4.000000000000000222e-01,1.980000000000000000e+02,7.920000000000000284e+01,1.620201873718907703e-03,2.807654845191519311e+00,2.808072443415506214e+00,0.000000000000000000e+00
4.000000000000000222e-01,1.990000000000000000e+02,7.960000000000000853e+01,1.608785308769934480e-03,2.807160702000480068e+00,2.807582661906613541e+00,0.000000000000000000e+00
4.000000000000000222e-01,2.000000000000000000e+02,8.000000000000000000e+01,1.597507808911195802e-03,2.806655727856154581e+00,2.807082105942777073e+00,0.000000000000000000e+00
4.000000000000000222e-01,2.010000000000000000e+02,8.040000000000000568e+01,1.586367036559056766e-03,2.806140025317188424e+00,2.806570878172403027e+00,0.000000000000000000e+00
4.000000000000000222e-01,2.020000000000000000e+02,8.080000000000001137e+01,1.575360704253821751e-03,2.805613695883866665e+00,2.806049080174549459e+00,0.000000000000000000e+00
4.000000000000000222e-01,2.030000000000000000e+02,8.120000000000000284e+01,1.564486573352067778e-03,2.805076840010334749e+00,2.805516812471254617e+00,0.000000000000000000e+00
4.000000000000000222e-01,2.040000000000000000e+02,8.160000000000000853e+01,1.553742452759156656e-03,2.804529557117270144e+00,2.804974174540054932e+00,0.000000000000000000e+00
4.000000000000000222e-01,2.050000000000000000e+02,8.200000000000000000e+01,1.543126197700543569e-03,2.803971945602612426e+00,2.804421264825023297e+00,0.000000000000000000e+00
4.000000000000000222e-01,2.060000000000000000e+02,8.240000000000000568e+01,1.532635708530489561e-03,2.803404102853924940e+00,2.803858180749114748e+00,0.000000000000000000e+00
4.000000000000000222e-01,2.070000000000000000e+02,8.280000000000001137e+01,1.522268929576879462e-03,2.802826125259717305e+00,2.803285018725629296e+00,0.000000000000000000e+00
4.000000000000000222e-01,2.080000000000000000e+02,8.320000000000000284e+01,1.512023848020879789e-03,2.802238108221236867e+00,2.802701874169822194e+00,0.000000000000000000e+00
4.000000000000000222e-01,2.090000000000000000e+02,8.360000000000000853e+01,1.501898492810228381e-03,2.801640146162934109e+00,2.802108841509503456e+00,0.000000000000000000e+00
4.000000000000000222e-01,2.100000000000000000e+02,8.400000000000000000e+01,1.491890933605000656e-03,2.801032332544062253e+00,2.801506014197043815e+00,0.000000000000000000e+00
4.000000000000000222e-01,2.110000000000000000e+02,8.440000000000000568e+01,1.481999279754719076e-03,2.800414759870412329e+00,2.800893484720611948e+00,0.000000000000000000e+00
4.000000000000000222e-01,2.120000000000000000e+02,8.480000000000001137e+01,1.472221679305747407e-03,2.799787519704188821e+00,2.800271344614587488e+00,0.000000000000000000e+00
4.000000000000000222e-01,2.130000000000000000e+02,8.520000000000000284e+01,1.462556318037935236e-03,2.799150702674859659e+00,2.799639684470416334e+00,0.000000000000000000e+00
4.000000000000000222e-01,2.140000000000000000e+02,8.560000000000000853e+01,1.453001418529515287e-03,2.798504398490373024e+00,2.798998593947685798e+00,0.000000000000000000e+00
4.000000000000000222e-01,2.150000000000000000e+02,8.600000000000000000e+01,1.443555239249301589e-03,2.797848695948545572e+00,2.798348161785952026e+00,0.000000000000000000e+00
4.000000000000000222e-01,2.160000000000000000e+02,8.640000000000000568e+01,1.434216073675267152e-03,2.797183682944804239e+00,2.797688475812244224e+00,0.000000000000000000e+00
4.000000000000000222e-01,2.170000000000000000e+02,8.680000000000001137e+01,1.424982249438645938e-03,2.796509446484428452e+00,2.797019622953401008e+00,0.000000000000000000e+00
4.000000000000000222e-01,2.180000000000000000e+02,8.720000000000000284e+01,1.415852127492650547e-03,2.795826072693729625e+00,2.796341689247929807e+00,0.000000000000000000e+00
4.000000000000000222e-01,2.190000000000000000e+02,8.760000000000000853e+01,1.406824101305054935e-03,2.795133646827367535e+00,2.795654759852582938e+00,0.000000000000000000e+00
4.000000000000000222e-01,2.200000000000000000e+02,8.800000000000000000e+01,1.397896596073812956e-03,2.794432253280322076e+00,2.794958919054974178e+00,0.000000000000000000e+00
4.000000000000000222e-01,2.210000000000000000e+02,8.840000000000000568e+01,1.389068067964966584e-03,2.793721975597458052e+00,2.794254250283533914e+00,0.000000000000000000e+00
4.000000000000000222e-01,2.220000000000000000e+02,8.880000000000001137e+01,1.380337003372118700e-03,2.793002896482607245e+00,2.793540836115763426e+00,0.000000000000000000e+00
4.000000000000000222e-01,2.230000000000000000e+02,8.920000000000000284e+01,1.371701918196766359e-03,2.792275097808987638e+00,2.792818758289440151e+00,0.000000000000000000e+00
4.000000000000000222e-01,2.240000000000000000e+02,8.960000000000000853e+01,1.363161357148810846e-03,2.791538660628802848e+00,2.792088097712216666e+00,0.000000000000000000e+00
4.000000000000000222e-01,2.250000000000000000e+02,9.000000000000000000e+01,1.354713893066605054e-03,2.790793665180396843e+00,2.791348934469236820e+00,0.000000000000000000e+00
4.000000000000000222e-01,2.260000000000000000e+02,9.040000000000000568e+01,1.346358126255912382e-03,2.790040190901111217e+00,2.790601347835503176e+00,0.000000000000000000e+00
4.000000000000000222e-01,2.270000000000000000e+02,9.080000000000001137e+01,1.338092683847134663e-03,2.789278316434650851e+00,2.789845416283440738e+00,0.000000000000000000e+00
4.000000000000000222e-01,2.280000000000000000e+02,9.120000000000000284e+01,1.329916219170297143e-03,2.788508119639176552e+00,2.789081217491937270e+00,0.000000000000000000e+00
4.000000000000000222e-01,2.290000000000000000e+02,9.160000000000000853e+01,1.321827411147151292e-03,2.787729677598591138e+00,2.788308828356580005e+00,0.000000000000000000e+00
4.000000000000000222e-01,2.300000000000000000e+02,9.200000000000000000e+01,1.313824963699911866e-03,2.786943066629160359e+00,2.787528324997071039e+00,0.000000000000000000e+00
4.000000000000000222e-01,2.310000000000000000e+02,9.240000000000000568e+01,1.305907605176073998e-03,2.786148362290646663e+00,2.786739782768693718e+00,0.000000000000000000e+00
4.000000000000000222e-01,2.320000000000000000e+02,9.280000000000001137e+01,1.298074087788811349e-03,2.785345639392517114e+00,2.785943276268075586e+00,0.000000000000000000e+00
4.000000000000000222e-01,2.330000000000000000e+02,9.320000000000000284e+01,1.290323187072492167e-03,2.784534972004109932e+00,2.785138879344048135e+00,0.000000000000000000e+00
4.000000000000000222e-01,2.340000000000000000e+02,9.360000000000000853e+01,1.282653701352797805e-03,2.783716433463919504e+00,2.784326665106725329e+00,0.000000000000000000e+00
4.000000000000000222e-01,2.350000000000000000e+02,9.400000000000000000e+01,1.275064451231042997e-03,2.782890096385165268e+00,2.783506705933212810e+00,0.000000000000000000e+00
4.000000000000000222e-01,2.360000000000000000e+02,9.440000000000000568e+01,1.267554279082229061e-03,2.782056032666757162e+00,2.782679073478937060e+00,0.000000000000000000e+00
4.000000000000000222e-01,2.370000000000000000e+02,9.480000000000001137e+01,1.260122048566410463e-03,2.781214313500617319e+00,2.781843838684719739e+00,0.000000000000000000e+00
4.000000000000000222e-01,2.380000000000000000e+02,9.520000000000000284e+01,1.252766644152985935e-03,2.780365009379792252e+00,2.781001071785472956e+00,0.000000000000000000e+00
4.000000000000000222e-01,2.390000000000000000e+02,9.560000000000000853e+01,1.245486970657498247e-03,2.779508190105620002e+00,2.780150842317710591e+00,0.000000000000000000e+00
4.000000000000000222e-01,2.400000000000000000e+02,9.600000000000000000e+01,1.238281952790591146e-03,2.778643924796732279e+00,2.779293219127858983e+00,0.000000000000000000e+00
4.000000000000000222e-01,2.410000000000000000e+02,9.640000000000000568e+01,1.231150534718719039e-03,2.777772281897718187e+00,2.778428270381572585e+00,0.000000000000000000e+00
4.000000000000000222e-01,2.420000000000000000e+02,9.680000000000001137e+01,1.224091679636295660e-03,2.776893329184947135e+00,2.777556063569716294e+00,0.000000000000000000e+00
4.000000000000000222e-01,2.430000000000000000e+02,9.720000000000000284e+01,1.217104369348913969e-03,2.776007133774423874e+00,2.776676665516335074e+00,0.000000000000000000e+00
4.000000000000000222e-01,2.440000000000000000e+02,9.760000000000000853e+01,1.210187603867321970e-03,2.775113762131740547e+00,2.775790142388945725e+00,0.000000000000000000e+00
4.000000000000000222e-01,2.450000000000000000e+02,9.800000000000000000e+01,1.203340401011809705e-03,2.774213280076988308e+00,2.774896559702908494e+00,0.000000000000000000e+00
4.000000000000000222e-01,2.460000000000000000e+02,9.840000000000000568e+01,1.196561796026750007e-03,2.773305752792415646e+00,2.773995982330168086e+00,0.000000000000000000e+00
4.000000000000000222e-01,2.470000000000000000e+02,9.880000000000001137e+01,1.189850841204929174e-03,2.772391244831803547e+00,2.773088474508187407e+00,0.000000000000000000e+00
4.000000000000000222e-01,2.480000000000000000e+02,9.920000000000000284e+01,1.183206605521437043e-03,2.771469820124810468e+00,2.772174099844493700e+00,0.000000000000000000e+00
4.000000000000000222e-01,2.490000000000000000e+02,9.960000000000000853e+01,1.176628174276804235e-03,2.770541541986972778e+00,2.771252921326944119e+00,0.000000000000000000e+00
4.000000000000000222e-01,2.500000000000000000e+02,1.000000000000000000e+02,1.170114648749123092e-03,2.769606473125424628e+00,2.770325001329448256e+00,0.000000000000000000e+00
4.000000000000000222e-01,2.510000000000000000e+02,1.004000000000000057e+02,1.163665145854906420e-03,2.768664675644376683e+00,2.769390401618112119e+00,0.000000000000000000e+00
4.000000000000000222e-01,2.520000000000000000e+02,1.008000000000000114e+02,1.157278797818417750e-03,2.767716211054787045e+00,2.768449183360157662e+00,0.000000000000000000e+00
4.000000000000000222e-01,2.530000000000000000e+02,1.012000000000000028e+02,1.150954751849223761e-03,2.766761140280444398e+00,2.767501407130816826e+00,0.000000000000000000e+00
4.000000000000000222e-01,2.540000000000000000e+02,1.016000000000000085e+02,1.144692169827755479e-03,2.765799523663293069e+00,2.766547132918917740e+00,0.000000000000000000e+00
4.000000000000000222e-01,2.550000000000000000e+02,1.020000000000000000e+02,1.138490227998630424e-03,2.764831420971650022e+00,2.765586420134515944e+00,0.000000000000000000e+00
4.000000000000000222e-01,2.560000000000000000e+02,1.024000000000000057e+02,1.132348116671521004e-03,nan,nan,0.000000000000000000e+00
5.999999999999999778e-01,0.000000000000000000e+00,0.000000000000000000e+00,1.000000000000000000e+00,nan,nan,0.000000000000000000e+00
5.999999999999999778e-01,1.000000000000000000e+00,5.999999999999999778e-01,4.000000000000016320e-01,1.874999999999988010e+00,1.874999999999991118e+00,0.000000000000000000e+00
5.999999999999999778e-01,2.000000000000000000e+00,1.199999999999999956e+00,2.500000000000017208e-01,1.794294067382806723e+00,1.794294067382804281e+00,0.000000000000000000e+00
5.999999999999999778e-01,3.000000000000000000e+00,1.799999999999999822e+00,1.757132415771492373e-01,1.992501664923676641e+00,1.992507116568675851e+00,0.000000000000000000e+00
5.999999999999999778e-01,4.000000000000000000e+00,2.399999999999999911e+00,1.332970245361330408e-01,2.089923301180965254e+00,2.089937694420741732e+00,0.000000000000000000e+00
5.999999999999999778e-01,5.000000000000000000e+00,3.000000000000000000e+00,1.060681021881104136e-01,2.169081554251848676e+00,2.169104672748588758e+00,0.000000000000000000e+00
5.999999999999999778e-01,6.000000000000000000e+00,3.599999999999999645e+00,8.728295174598695028e-02,2.230023034709451402e+00,2.230053133596667347e+00,0.000000000000000000e+00
5.999999999999999778e-01,7.000000000000000000e+00,4.200000000000000178e+00,7.362760336627967306e-02,2.279626658067060330e+00,2.279662167635013503e+00,0.000000000000000000e+00
5.999999999999999778e-01,8.000000000000000000e+00,4.799999999999999822e+00,6.330531640264992765e-02,2.320979113075013700e+00,2.321019079796233786e+00,0.000000000000000000e+00
5.999999999999999778e-01,9.000000000000000000e+00,5.399999999999999467e+00,5.526131372663523056e-02,2.356155297621431277e+00,2.356199377196610101e+00,0.000000000000000000e+00
5.999999999999999778e-01,1.000000000000000000e+01,6.000000000000000000e+00,4.883817894814642541e-02,2.386506555781056527e+00,2.386554844092058758e+00,0.000000000000000000e+00
5.999999999999999778e-01,1.100000000000000000e+01,6.599999999999999645e+00,4.360605030341924843e-02,2.412981254154122901e+00,2.413034097642068776e+00,0.000000000000000000e+00
5.999999999999999778e-01,1.200000000000000000e+01,7.199999999999999289e+00,3.927267149815984876e-02,2.436276117506298355e+00,2.436333957272998951e+00,0.000000000000000000e+00
5.999999999999999778e-01,1.300000000000000000e+01,7.799999999999999822e+00,3.563279433328282036e-02,2.456924650352036998e+00,2.456987912485615322e+00,0.000000000000000000e+00
5.999999999999999778e-01,1.400000000000000000e+01,8.400000000000000355e+00,3.253827990136239079e-02,2.475348339478030013e+00,2.475417368472462964e+00,0.000000000000000000e+00
5.999999999999999778e-01,1.500000000000000000e+01,9.000000000000000000e+00,2.987968168161790963e-02,2.491887992289455678e+00,2.491963018696846000e+00,0.000000000000000000e+00
5.999999999999999778e-01,1.600000000000000000e+01,9.599999999999999645e+00,2.757449190163873201e-02,2.506823787823800664e+00,2.506904920405547355e+00,0.000000000000000000e+00
5.999999999999999778e-01,1.700000000000000000e+01,1.019999999999999929e+01,2.555940716685648970e-02,2.520388746733467134e+00,2.520475980440597397e+00,0.000000000000000000e+00
5.999999999999999778e-01,1.800000000000000000e+01,1.079999999999999893e+01,2.378510118419615432e-02,2.532778212063717227e+00,2.532871444946284800e+00,0.000000000000000000e+00
5.999999999999999778e-01,1.900000000000000000e+01,1.140000000000000036e+01,2.221260794179743744e-02,2.544156815458359588e+00,2.544255869446939933e+00,0.000000000000000000e+00
5.999999999999999778e-01,2.000000000000000000e+01,1.200000000000000000e+01,2.081076655871044734e-02,2.554663790334759543e+00,2.554768432467498851e+00,0.000000000000000000e+00
5.999999999999999778e-01,2.100000000000000000e+01,1.259999999999999964e+01,1.955438235296508287e-02,2.564417150664551226e+00,2.564527112643471440e+00,0.000000000000000000e+00
5.999999999999999778e-01,2.200000000000000000e+01,1.319999999999999929e+01,1.842288115506302351e-02,2.573517057685636544e+00,2.573632052627012889e+00,0.000000000000000000e+00
5.999999999999999778e-01,2.300000000000000000e+01,1.379999999999999893e+01,1.739930967549826665e-02,2.582048582012769877e+00,2.582168317945459091e+00,0.000000000000000000e+00
5.999999999999999778e-01,2.400000000000000000e+01,1.439999999999999858e+01,1.646958276916644232e-02,2.590083999857304864e+00,2.590208189974685382e+00,0.000000000000000000e+00
5.999999999999999778e-01,2.500000000000000000e+01,1.500000000000000000e+01,1.562190955821728469e-02,2.597684719871956371e+00,2.597813089814465570e+00,0.000000000000000000e+00
5.999999999999999778e-01,2.600000000000000000e+01,1.559999999999999964e+01,1.484635093898233407e-02,2.604902910502957969e+00,2.605035203088718720e+00,0.000000000000000000e+00
5.999999999999999778e-01,2.700000000000000000e+01,1.619999999999999929e+01,1.413447483624407676e-02,2.611782880369463378e+00,2.611918858241649488e+00,0.000000000000000000e+00
5.999999999999999778e-01,2.800000000000000000e+01,1.680000000000000071e+01,1.347908503526695431e-02,2.618362252456667427e+00,2.618501699109973657e+00,0.000000000000000000e+00
5.999999999999999778e-01,2.900000000000000000e+01,1.739999999999999858e+01,1.287400599860134311e-02,2.624672964665140995e+00,2.624815684273560823e+00,0.000000000000000000e+00
5.999999999999999778e-01,3.000000000000000000e+01,1.800000000000000000e+01,1.231391070797503012e-02,2.630742123241152974e+00,2.630887939651560981e+00,0.000000000000000000e+00
5.999999999999999778e-01,3.100000000000000000e+01,1.859999999999999787e+01,1.179418187855800319e-02,2.636592731053656991e+00,2.636741486246259925e+00,0.000000000000000000e+00
5.999999999999999778e-01,3.200000000000000000e+01,1.919999999999999929e+01,1.131079928185468181e-02,2.642244309119686552e+00,2.642395861374021049e+00,0.000000000000000000e+00
5.999999999999999778e-01,3.300000000000000000e+01,1.980000000000000071e+01,1.086024765874314159e-02,2.647713426921884938e+00,2.647867648870004587e+00,0.000000000000000000e+00
5.999999999999999778e-01,3.400000000000000000e+01,2.039999999999999858e+01,1.043944099258949446e-02,2.653014154718968065e+00,2.653170931417807576e+00,0.000000000000000000e+00
5.999999999999999778e-01,3.500000000000000000e+01,2.100000000000000000e+01,1.004565987284039563e-02,2.658158449105200383e+00,2.658317676218894032e+00,0.000000000000000000e+00
5.999999999999999778e-01,3.600000000000000000e+01,2.159999999999999787e+01,9.676499402080129472e-03,2.663156481438898382e+00,2.663318063588357099e+00,0.000000000000000000e+00
5.999999999999999778e-01,3.700000000000000000e+01,2.219999999999999929e+01,9.329825647832358862e-03,2.668016917375328312e+00,2.668180766686798933e+00,0.000000000000000000e+00
5.999999999999999778e-01,3.800000000000000000e+01,2.280000000000000071e+01,9.003739059794211436e-03,2.672747154562247207e+00,2.672913189426821212e+00,0.000000000000000000e+00
5.999999999999999778e-01,3.900000000000000000e+01,2.339999999999999858e+01,8.696543596451149910e-03,2.677353524549017205e+00,2.677521668591127835e+00,0.000000000000000000e+00
5.999999999999999778e-01,4.000000000000000000e+01,2.400000000000000000e+01,8.406720555964655728e-03,2.681841464100135575e+00,2.682011645343904682e+00,0.000000000000000000e+00
5.999999999999999778e-01,4.100000000000000000e+01,2.459999999999999787e+01,8.132906302348925920e-03,2.686215660365600222e+00,2.686387810581185143e+00,0.000000000000000000e+00
5.999999999999999778e-01,4.200000000000000000e+01,2.519999999999999929e+01,7.873873232216953982e-03,2.690480173726098823e+00,2.690654227935533438e+00,0.000000000000000000e+00
5.999999999999999778e-01,4.300000000000000000e+01,2.580000000000000071e+01,7.628513449451012826e-03,2.694638541589005065e+00,2.694814437709231125e+00,0.000000000000000000e+00
5.999999999999999778e-01,4.400000000000000000e+01,2.639999999999999858e+01,7.395824712311819399e-03,2.698693865942807690e+00,2.698871544543886447e+00,0.000000000000000000e+00
5.999999999999999778e-01,4.500000000000000000e+01,2.700000000000000000e+01,7.174898295253191553e-03,2.702648887076286588e+00,2.702828291233799085e+00,0.000000000000000000e+00
5.999999999999999778e-01,4.600000000000000000e+01,2.759999999999999787e+01,6.964908470255117522e-03,2.706506045524608162e+00,2.706687120747040431e+00,0.000000000000000000e+00
5.999999999999999778e-01,4.700000000000000000e+01,2.819999999999999929e+01,6.765103363051647514e-03,2.710267534008136803e+00,2.710450228221931823e+00,0.000000000000000000e+00
5.999999999999999778e-01,4.800000000000000000e+01,2.879999999999999716e+01,6.574796980700050621e-03,2.713935340874633173e+00,2.714119604452090329e+00,0.000000000000000000e+00
5.999999999999999778e-01,4.900000000000000000e+01,2.939999999999999858e+01,6.393362240447528731e-03,2.717511286338066157e+00,2.717697072155184301e+00,0.000000000000000000e+00
5.999999999999999778e-01,5.000000000000000000e+01,3.000000000000000000e+01,6.220224857310993789e-03,2.720997052618844059e+00,2.721184316132254200e+00,0.000000000000000000e+00
5.999999999999999778e-01,5.100000000000000000e+01,3.059999999999999787e+01,6.054857970380135047e-03,2.724394208928667460e+00,2.724582908263414094e+00,0.000000000000000000e+00
5.999999999999999778e-01,5.200000000000000000e+01,3.119999999999999929e+01,5.896777406519048206e-03,2.727704232105644166e+00,2.727894328146605485e+00,0.000000000000000000e+00
5.999999999999999778e-01,5.300000000000000000e+01,3.179999999999999716e+01,5.745537495619616741e-03,2.730928523587799805e+00,2.731119980069140141e+00,0.000000000000000000e+00
5.999999999999999778e-01,5.400000000000000000e+01,3.239999999999999858e+01,5.600727364441108157e-03,2.734068423307713935e+00,2.734261206896976937e+00,0.000000000000000000e+00
5.999999999999999778e-01,5.500000000000000000e+01,3.300000000000000000e+01,5.461967646829359903e-03,2.737125221006670550e+00,2.737319301380354730e+00,0.000000000000000000e+00
5.999999999999999778e-01,5.600000000000000000e+01,3.360000000000000142e+01,5.328907557123670029e-03,2.740100165393565046e+00,2.740295515301955920e+00,0.000000000000000000e+00
5.999999999999999778e-01,5.700000000000000000e+01,3.419999999999999574e+01,5.201222281139331570e-03,2.742994471503701792e+00,2.743191066824529400e+00,0.000000000000000000e+00
5.999999999999999778e-01,5.800000000000000000e+01,3.479999999999999716e+01,5.078610645505651430e-03,2.745809326564766284e+00,2.746007146344824790e+00,0.000000000000000000e+00
5.999999999999999778e-01,5.900000000000000000e+01,3.539999999999999858e+01,4.960793031545874220e-03,2.748545894626162944e+00,2.748744921110930939e+00,0.000000000000000000e+00
5.999999999999999778e-01,6.000000000000000000e+01,3.600000000000000000e+01,4.847509504472677019e-03,2.751205320169044288e+00,2.751405538820966612e+00,0.000000000000000000e+00
5.999999999999999778e-01,6.100000000000000000e+01,3.660000000000000142e+01,4.738518132574620276e-03,2.753788730880629032e+00,2.753990130386389179e+00,0.000000000000000000e+00
5.999999999999999778e-01,6.200000000000000000e+01,3.719999999999999574e+01,4.633593474397963707e-03,2.756297239746489325e+00,2.756499812014429729e+00,0.000000000000000000e+00
5.999999999999999778e-01,6.300000000000000000e+01,3.779999999999999716e+01,4.532525214774774276e-03,2.758731946591118867e+00,2.758935686739664828e+00,0.000000000000000000e+00
5.999999999999999778e-01,6.400000000000000000e+01,3.839999999999999858e+01,4.435116932989567780e-03,2.761093939173271394e+00,2.761298845511647393e+00,0.000000000000000000e+00
5.999999999999999778e-01,6.500000000000000000e+01,3.900000000000000000e+01,4.341184988474739229e-03,2.763384293928004887e+00,2.763590367930013336e+00,0.000000000000000000e+00
5.999999999999999778e-01,6.600000000000000000e+01,3.960000000000000142e+01,4.250557511232842811e-03,2.765604076429994063e+00,2.765811322702062203e+00,0.000000000000000000e+00
5.999999999999999778e-01,6.700000000000000000e+01,4.019999999999999574e+01,4.163073485744956184e-03,2.767754341640082938e+00,2.767962767884733832e+00,0.000000000000000000e+00
5.999999999999999778e-01,6.800000000000000000e+01,4.079999999999999716e+01,4.078581918475569432e-03,2.769836133985795978e+00,2.770045750961349640e+00,0.000000000000000000e+00
5.999999999999999778e-01,6.900000000000000000e+01,4.139999999999999858e+01,3.996941080256504082e-03,2.771850487319290846e+00,2.772061308796843537e+00,0.000000000000000000e+00
5.999999999999999778e-01,7.000000000000000000e+01,4.200000000000000000e+01,3.918017815850997204e-03,2.773798424786556360e+00,2.774010467504832267e+00,0.000000000000000000e+00
5.999999999999999778e-01,7.100000000000000000e+01,4.260000000000000142e+01,3.841686913886601783e-03,2.775680958634376250e+00,2.775894242253408972e+00,0.000000000000000000e+00
5.999999999999999778e-01,7.200000000000000000e+01,4.319999999999999574e+01,3.767830531119871831e-03,2.777499089979378333e+00,2.777713637033503158e+00,0.000000000000000000e+00
5.999999999999999778e-01,7.300000000000000000e+01,4.379999999999999716e+01,3.696337665672963426e-03,2.779253808555957939e+00,2.779469644406748596e+00,0.000000000000000000e+00
5.999999999999999778e-01,7.400000000000000000e+01,4.439999999999999858e+01,3.627103674475619464e-03,2.780946092456724195e+00,2.781163245246266680e+00,0.000000000000000000e+00
5.999999999999999778e-01,7.500000000000000000e+01,4.500000000000000000e+01,3.560029830666633713e-03,2.782576907876900485e+00,2.782795408481788080e+00,0.000000000000000000e+00
5.999999999999999778e-01,7.600000000000000000e+01,4.560000000000000142e+01,3.495022917166740965e-03,2.784147208871361912e+00,2.784367090857904792e+00,0.000000000000000000e+00
5.999999999999999778e-01,7.700000000000000000e+01,4.619999999999999574e+01,3.431994853038064942e-03,2.785657937129028205e+00,2.785879236709522644e+00,0.000000000000000000e+00
5.999999999999999778e-01,7.800000000000000000e+01,4.679999999999999716e+01,3.370862349601137613e-03,2.787110021769676482e+00,2.787332777760092917e+00,0.000000000000000000e+00
5.999999999999999778e-01,7.900000000000000000e+01,4.739999999999999858e+01,3.311546593594739182e-03,2.788504379167085823e+00,2.788728632946550601e+00,0.000000000000000000e+00
5.999999999999999778e-01,8.000000000000000000e+01,4.800000000000000000e+01,3.253972954942216389e-03,2.789841912798006085e+00,2.790067708269690527e+00,0.000000000000000000e+00
5.999999999999999778e-01,8.100000000000000000e+01,4.860000000000000142e+01,3.198070716934627022e-03,2.791123513119670996e+00,2.791350896673214343e+00,0.000000000000000000e+00
5.999999999999999778e-01,8.200000000000000000e+01,4.919999999999999574e+01,3.143772826860046984e-03,2.792350057476168157e+00,2.792579077951852895e+00,0.000000000000000000e+00
5.999999999999999778e-01,8.300000000000000000e+01,4.979999999999999716e+01,3.091015665303228650e-03,2.793522410030792713e+00,2.793753118685096126e+00,0.000000000000000000e+00
5.999999999999999778e-01,8.400000000000000000e+01,5.039999999999999858e+01,3.039738832513290238e-03,2.794641421726351993e+00,2.794873872199028053e+00,0.000000000000000000e+00
5.999999999999999778e-01,8.500000000000000000e+01,5.100000000000000000e+01,2.989884950391660280e-03,2.795707930271333463e+00,2.795942178553615154e+00,0.000000000000000000e+00
5.999999999999999778e-01,8.600000000000000000e+01,5.160000000000000142e+01,2.941399478790832859e-03,2.796722760148969034e+00,2.796958864552946622e+00,0.000000000000000000e+00
5.999999999999999778e-01,8.700000000000000000e+01,5.219999999999999574e+01,2.894230544937885421e-03,2.797686722649973756e+00,2.797924743779221401e+00,0.000000000000000000e+00
5.999999999999999778e-01,8.800000000000000000e+01,5.279999999999999716e+01,2.848328784907376305e-03,2.798600615926257529e+00,2.798840616647088719e+00,0.000000000000000000e+00
5.999999999999999778e-01,8.900000000000000000e+01,5.339999999999999858e+01,2.803647196167405060e-03,2.799465225063053175e+00,2.799707270476511134e+00,0.000000000000000000e+00
5.999999999999999778e-01,9.000000000000000000e+01,5.400000000000000000e+01,2.760141000311688853e-03,2.800281322169170473e+00,2.800525479583498623e+00,0.000000000000000000e+00
5.999999999999999778e-01,9.100000000000000000e+01,5.460000000000000142e+01,2.717767515170447807e-03,2.801049666483486522e+00,2.801296005387071020e+00,0.000000000000000000e+00
5.999999999999999778e-01,9.200000000000000000e+01,5.519999999999999574e+01,2.676486035565009327e-03,2.801771004494700623e+00,2.802019596529158108e+00,0.000000000000000000e+00
5.999999999999999778e-01,9.300000000000000000e+01,5.579999999999999716e+01,2.636257722035871554e-03,2.802446070074294138e+00,2.802696989007549710e+00,0.000000000000000000e+00
5.999999999999999778e-01,9.400000000000000000e+01,5.639999999999999858e+01,2.597045496932509981e-03,2.803075584620401628e+00,2.803328906319703329e+00,0.000000000000000000e+00
5.999999999999999778e-01,9.500000000000000000e+01,5.700000000000000000e+01,2.558813947306085631e-03,2.803660257211335605e+00,2.803916059615992218e+00,0.000000000000000000e+00
5.999999999999999778e-01,9.600000000000000000e+01,5.759999999999999432e+01,2.521529234093982264e-03,2.804200784767359345e+00,2.804459147861081636e+00,0.000000000000000000e+00
5.999999999999999778e-01,9.700000000000000000e+01,5.819999999999999574e+01,2.485159007128375386e-03,2.804697852219906640e+00,2.804958858002432276e+00,0.000000000000000000e+00
5.999999999999999778e-01,9.800000000000000000e+01,5.879999999999999716e+01,2.449672325540189384e-03,2.805152132686249633e+00,2.805415865144670118e+00,0.000000000000000000e+00
5.999999999999999778e-01,9.900000000000000000e+01,5.939999999999999858e+01,2.415039583165400419e-03,2.805564287648701693e+00,2.805830832727737700e+00,0.000000000000000000e+00
5.999999999999999778e-01,1.000000000000000000e+02,6.000000000000000000e+01,2.381232438592847424e-03,2.805934967138516978e+00,2.806204412710104013e+00,0.000000000000000000e+00
5.999999999999999778e-01,1.010000000000000000e+02,6.059999999999999432e+01,2.348223749522078494e-03,2.806264809921619197e+00,2.806537245753511378e+00,0.000000000000000000e+00
5.999999999999999778e-01,1.020000000000000000e+02,6.119999999999999574e+01,2.315987511126451313e-03,2.806554443688061617e+00,2.806829961411192009e+00,0.000000000000000000e+00
5.999999999999999778e-01,1.030000000000000000e+02,6.179999999999999716e+01,2.284498798140921667e-03,2.806804485241154890e+00,2.807083178316406968e+00,0.000000000000000000e+00
5.999999999999999778e-01,1.040000000000000000e+02,6.239999999999999858e+01,2.253733710416257457e-03,2.807015540687566535e+00,2.807297504370970920e+00,0.000000000000000000e+00
5.999999999999999778e-01,1.050000000000000000e+02,6.300000000000000000e+01,2.223669321701403530e-03,2.807188205629370881e+00,2.807473536936394343e+00,0.000000000000000000e+00
5.999999999999999778e-01,1.060000000000000000e+02,6.359999999999999432e+01,2.194283631434352285e-03,2.807323065352989033e+00,2.807611863021516108e+00,0.000000000000000000e+00
5.999999999999999778e-01,1.070000000000000000e+02,6.420000000000000284e+01,2.165555519338647171e-03,2.807420695019204437e+00,2.807713059471317774e+00,0.000000000000000000e+00
5.999999999999999778e-01,1.080000000000000000e+02,6.479999999999999716e+01,2.137464702638049684e-03,2.807481659851760902e+00,2.807777693154220433e+00,0.000000000000000000e+00
5.999999999999999778e-01,1.090000000000000000e+02,6.539999999999999147e+01,2.109991695716083998e-03,2.807506515322979457e+00,2.807806321146686823e+00,0.000000000000000000e+00
5.999999999999999778e-01,1.100000000000000000e+02,6.600000000000000000e+01,2.083117772060065400e-03,2.807495807339018157e+00,2.807799490917095131e+00,0.000000000000000000e+00
5.999999999999999778e-01,1.110000000000000000e+02,6.659999999999999432e+01,2.056824928341065544e-03,2.807450072422413179e+00,2.807757740506948707e+00,0.000000000000000000e+00
5.999999999999999778e-01,1.120000000000000000e+02,6.720000000000000284e+01,2.031095850492215405e-03,2.807369837891473985e+00,2.807681598709609538e+00,0.000000000000000000e+00
5.999999999999999778e-01,1.130000000000000000e+02,6.779999999999999716e+01,2.005913881657687189e-03,2.807255622038570486e+00,2.807571585246656731e+00,0.000000000000000000e+00
5.999999999999999778e-01,1.140000000000000000e+02,6.839999999999999147e+01,1.981262991893907848e-03,2.807107934304232888e+00,2.807428210941456559e+00,0.000000000000000000e+00
5.999999999999999778e-01,1.150000000000000000e+02,6.900000000000000000e+01,1.957127749513049193e-03,2.806927275448991121e+00,2.807251977889766881e+00,0.000000000000000000e+00
5.999999999999999778e-01,1.160000000000000000e+02,6.959999999999999432e+01,1.933493293966548907e-03,2.806714137722650548e+00,2.807043379627886637e+00,0.000000000000000000e+00
5.999999999999999778e-01,1.170000000000000000e+02,7.020000000000000284e+01,1.910345310173671178e-03,2.806469005029962993e+00,2.806802901297589248e+00,0.000000000000000000e+00
5.999999999999999778e-01,1.180000000000000000e+02,7.079999999999999716e+01,1.887670004206662075e-03,2.806192353093195369e+00,2.806531019807341210e+00,0.000000000000000000e+00
5.999999999999999778e-01,1.190000000000000000e+02,7.139999999999999147e+01,1.865454080250212405e-03,2.805884649611428028e+00,2.806228203991217640e+00,0.000000000000000000e+00
5.999999999999999778e-01,1.200000000000000000e+02,7.200000000000000000e+01,1.843684718758518580e-03,2.805546354418071431e+00,2.805894914765338033e+00,0.000000000000000000e+00
5.999999999999999778e-01,1.210000000000000000e+02,7.259999999999999432e+01,1.822349555738468499e-03,2.805177919633285111e+00,2.805531605279436569e+00,0.000000000000000000e+00
5.999999999999999778e-01,1.220000000000000000e+02,7.320000000000000284e+01,1.801436663092311321e-03,2.804779789813800939e+00,2.805138721066489982e+00,0.000000000000000000e+00
5.999999999999999778e-01,1.230000000000000000e+02,7.379999999999999716e+01,1.780934529957559249e-03,2.804352402101169872e+00,2.804716700189892276e+00,0.000000000000000000e+00
5.999999999999999778e-01,1.240000000000000000e+02,7.439999999999999147e+01,1.760832044986039785e-03,2.803896186364821741e+00,2.804265973386111721e+00,0.000000000000000000e+00
5.999999999999999778e-01,1.250000000000000000e+02,7.500000000000000000e+01,1.741118479507838867e-03,2.803411565342848633e+00,2.803786964205094545e+00,0.000000000000000000e+00
5.999999999999999778e-01,1.260000000000000000e+02,7.559999999999999432e+01,1.721783471529364333e-03,2.802898954780170371e+00,2.803280089148091125e+00,0.000000000000000000e+00
5.999999999999999778e-01,1.270000000000000000e+02,7.620000000000000284e+01,1.702817010518097376e-03,2.802358763563726374e+00,2.802745757802367343e+00,0.000000000000000000e+00
5.999999999999999778e-01,1.280000000000000000e+02,7.679999999999999716e+01,1.684209422929594437e-03,2.801791393853630296e+00,2.802184372972077231e+00,0.000000000000000000e+00
5.999999999999999778e-01,1.290000000000000000e+02,7.739999999999999147e+01,1.665951358435196388e-03,2.801197241212493694e+00,2.801596330807941904e+00,0.000000000000000000e+00
5.999999999999999778e-01,1.300000000000000000e+02,7.800000000000000000e+01,1.648033776811432590e-03,2.800576694732112237e+00,2.800982020933072469e+00,0.000000000000000000e+00
5.999999999999999778e-01,1.310000000000000000e+02,7.859999999999999432e+01,1.630447935454662229e-03,2.799930137156843468e+00,2.800341826566572045e+00,0.000000000000000000e+00
5.999999999999999778e-01,1.320000000000000000e+02,7.920000000000000284e+01,1.613185377486664159e-03,2.799257945004348880e+00,2.799676124644690844e+00,0.000000000000000000e+00
5.999999999999999778e-01,1.330000000000000000e+02,7.979999999999999716e+01,1.596237920419098710e-03,2.798560488683203396e+00,2.798985285938272227e+00,0.000000000000000000e+00
5.999999999999999778e-01,1.340000000000000000e+02,8.039999999999999147e+01,1.579597645346643604e-03,2.797838132609565598e+00,2.798269675169354542e+00,0.000000000000000000e+00
5.999999999999999778e-01,1.350000000000000000e+02,8.100000000000000000e+01,1.563256886640508256e-03,2.797091235319802749e+00,2.797529651124480488e+00,0.000000000000000000e+00
5.999999999999999778e-01,1.360000000000000000e+02,8.159999999999999432e+01,1.547208222115714063e-03,2.796320149581273284e+00,2.796765566765582189e+00,0.000000000000000000e+00
5.999999999999999778e-01,1.370000000000000000e+02,8.220000000000000284e+01,1.531444463647125978e-03,2.795525222500907958e+00,2.795977769338700014e+00,0.000000000000000000e+00
5.999999999999999778e-01,1.380000000000000000e+02,8.279999999999999716e+01,1.515958648210714681e-03,2.794706795630671259e+00,2.795166600480171404e+00,0.000000000000000000e+00
5.999999999999999778e-01,1.390000000000000000e+02,8.339999999999999147e+01,1.500744029327926192e-03,2.793865205071747404e+00,2.794332396321308920e+00,0.000000000000000000e+00
5.999999999999999778e-01,1.400000000000000000e+02,8.400000000000000000e+01,1.485794068892308441e-03,2.793000781576354452e+00,2.793475487590610484e+00,0.000000000000000000e+00
5.999999999999999778e-01,1.410000000000000000e+02,8.459999999999999432e+01,1.471102429358799556e-03,2.792113850647108375e+00,2.792596199713502703e+00,0.000000000000000000e+00
5.999999999999999778e-01,1.420000000000000000e+02,8.520000000000000284e+01,1.456662966277178558e-03,2.791204732634090302e+00,2.791694852910463265e+00,0.000000000000000000e+00
5.999999999999999778e-01,1.430000000000000000e+02,8.579999999999999716e+01,1.442469721152280730e-03,2.790273742830148063e+00,2.790771762292847846e+00,0.000000000000000000e+00
5.999999999999999778e-01,1.440000000000000000e+02,8.639999999999999147e+01,1.428516914614530063e-03,2.789321191565246494e+00,2.789827237957768880e+00,0.000000000000000000e+00
5.999999999999999778e-01,1.450000000000000000e+02,8.700000000000000000e+01,1.414798939885310520e-03,2.788347384297071407e+00,2.788861585079636107e+00,0.000000000000000000e+00
5.999999999999999778e-01,1.460000000000000000e+02,8.759999999999999432e+01,1.401310356522561269e-03,2.787352621700652566e+00,2.787875104000787196e+00,0.000000000000000000e+00
5.999999999999999778e-01,1.470000000000000000e+02,8.820000000000000284e+01,1.388045884432780128e-03,2.786337199757148664e+00,2.786868090320703040e+00,0.000000000000000000e+00
5.999999999999999778e-01,1.480000000000000000e+02,8.879999999999999716e+01,1.375000398136405708e-03,2.785301409838832232e+00,2.785840834982064251e+00,0.000000000000000000e+00
5.999999999999999778e-01,1.490000000000000000e+02,8.939999999999999147e+01,1.362168921274278192e-03,2.784245538793799657e+00,2.784793624356529218e+00,0.000000000000000000e+00
5.999999999999999778e-01,1.500000000000000000e+02,9.000000000000000000e+01,1.349546621343509925e-03,2.783169869029060717e+00,2.783726740328591021e+00,0.000000000000000000e+00
5.999999999999999778e-01,1.510000000000000000e+02,9.059999999999999432e+01,1.337128804651790005e-03,2.782074678591062167e+00,2.782640460377013181e+00,0.000000000000000000e+00
5.999999999999999778e-01,1.520000000000000000e+02,9.120000000000000284e+01,1.324910911479692177e-03,2.780960241245369335e+00,2.781535057655593501e+00,0.000000000000000000e+00
5.999999999999999778e-01,1.530000000000000000e+02,9.179999999999999716e+01,1.312888511441150617e-03,2.779826826554595787e+00,2.780410801072432658e+00,0.000000000000000000e+00
5.999999999999999778e-01,1.540000000000000000e+02,9.239999999999999147e+01,1.301057299032767726e-03,2.778674699954428728e+00,2.779267955366349074e+00,0.000000000000000000e+00
5.999999999999999778e-01,1.550000000000000000e+02,9.300000000000000000e+01,1.289413089363141557e-03,2.777504122828981625e+00,2.778106781183871554e+00,0.000000000000000000e+00
5.999999999999999778e-01,1.560000000000000000e+02,9.359999999999999432e+01,1.277951814053827212e-03,2.776315352584095120e+00,2.776927535153410176e+00,0.000000000000000000e+00
5.999999999999999778e-01,1.570000000000000000e+02,9.420000000000000284e+01,1.266669517304036844e-03,2.775108642718775886e+00,2.775730469957609969e+00,0.000000000000000000e+00
5.999999999999999778e-01,1.580000000000000000e+02,9.479999999999999716e+01,1.255562352111541527e-03,2.773884242897533881e+00,2.774515834406981796e+00,0.000000000000000000e+00
5.999999999999999778e-01,1.590000000000000000e+02,9.539999999999999147e+01,1.244626576642659816e-03,2.772642399017917647e+00,2.773283873508701980e+00,0.000000000000000000e+00
5.999999999999999778e-01,1.600000000000000000e+02,9.600000000000000000e+01,1.233858550744598367e-03,2.771383353278626505e+00,2.772034828535714368e+00,0.000000000000000000e+00
5.999999999999999778e-01,1.610000000000000000e+02,9.659999999999999432e+01,1.223254732593696869e-03,2.770107344247514369e+00,2.770768937095717366e+00,0.000000000000000000e+00
5.999999999999999778e-01,1.620000000000000000e+02,9.720000000000000284e+01,1.212811675473521788e-03,2.768814606926000454e+00,2.769486433196849617e+00,0.000000000000000000e+00
5.999999999999999778e-01,1.630000000000000000e+02,9.779999999999999716e+01,1.202526024677021046e-03,2.767505372813714004e+00,2.768187547313372576e+00,0.000000000000000000e+00
5.999999999999999778e-01,1.640000000000000000e+02,9.839999999999999147e+01,1.192394514527252017e-03,2.766179869970905258e+00,2.766872506449748581e+00,0.000000000000000000e+00
5.999999999999999778e-01,1.650000000000000000e+02,9.900000000000000000e+01,1.182413965511478274e-03,2.764838323080788474e+00,2.765541534203270313e+00,0.000000000000000000e+00
5.999999999999999778e-01,1.660000000000000000e+02,9.959999999999999432e+01,1.172581281523663770e-03,2.763480953510379035e+00,2.764194850826542815e+00,0.000000000000000000e+00
5.999999999999999778e-01,1.670000000000000000e+02,1.002000000000000028e+02,1.162893447210674438e-03,2.762107979369390343e+00,2.762832673287729524e+00,0.000000000000000000e+00
5.999999999999999778e-01,1.680000000000000000e+02,1.007999999999999972e+02,1.153347525417693824e-03,2.760719615568816732e+00,2.761455215329721824e+00,0.000000000000000000e+00
5.999999999999999778e-01,1.690000000000000000e+02,1.013999999999999915e+02,1.143940654728600737e-03,2.759316073878339548e+00,2.760062687529164727e+00,0.000000000000000000e+00
5.999999999999999778e-01,1.700000000000000000e+02,1.020000000000000000e+02,1.134670047097246842e-03,2.757897562982826400e+00,2.758655297353768354e+00,0.000000000000000000e+00
5.999999999999999778e-01,1.710000000000000000e+02,1.025999999999999943e+02,1.125532985565782466e-03,nan,nan,0.000000000000000000e+00
8.000000000000000444e-01,0.000000000000000000e+00,0.000000000000000000e+00,1.000000000000000000e+00,nan,nan,0.000000000000000000e+00
8.000000000000000444e-01,1.000000000000000000e+00,8.000000000000000444e-01,2.000000000000018985e-01,3.999999999999952482e+00,3.999999999999956923e+00,0.000000000000000000e+00
8.000000000000000444e-01,2.000000000000000000e+00,1.600000000000000089e+00,2.000000000000018985e-01,8.719824218750181766e-01,8.719824218750177325e-01,0.000000000000000000e+00
8.000000000000000444e-01,3.000000000000000000e+00,2.400000000000000355e+00,1.128017578124992509e-01,2.777258914889816133e+00,2.777314290958387222e+00,0.000000000000000000e+00
8.000000000000000444e-01,4.000000000000000000e+00,3.200000000000000178e+00,9.557343750000006632e-02,1.715580296565106577e+00,1.715592779864858031e+00,0.000000000000000000e+00
8.000000000000000444e-01,5.000000000000000000e+00,4.000000000000000000e+00,7.181078125000005252e-02,2.435227453224513727e+00,2.435281018203079295e+00,0.000000000000000000e+00
8.000000000000000444e-01,6.000000000000000000e+00,4.800000000000000711e+00,6.059832031250000917e-02,2.126373603847574678e+00,2.126404799713501159e+00,0.000000000000000000e+00
8.000000000000000444e-01,7.000000000000000000e+00,5.600000000000000533e+00,5.033500312499999269e-02,2.379511375067588030e+00,2.379563308423812362e+00,0.000000000000000000e+00
8.000000000000000444e-01,8.000000000000000000e+00,6.400000000000000355e+00,4.348793281249999781e-02,2.310115760920313122e+00,2.310163930856569792e+00,0.000000000000000000e+00
8.000000000000000444e-01,9.000000000000000000e+00,7.200000000000000178e+00,3.777723325000000715e-02,2.405288056001297470e+00,2.405348378980320945e+00,0.000000000000000000e+00
8.000000000000000444e-01,1.000000000000000000e+01,8.000000000000000000e+00,3.339180748749998734e-02,2.403251247481607678e+00,2.403316262296576689e+00,0.000000000000000000e+00
8.000000000000000444e-01,1.100000000000000000e+01,8.800000000000000711e+00,2.975234295000000334e-02,2.446283384935900695e+00,2.446358117849860125e+00,0.000000000000000000e+00
8.000000000000000444e-01,1.200000000000000000e+01,9.600000000000001421e+00,2.677520183100000686e-02,2.459879110892220666e+00,2.459961273106129998e+00,0.000000000000000000e+00
8.000000000000000444e-01,1.300000000000000000e+01,1.040000000000000036e+01,2.426369631049999850e-02,2.484589653999746517e+00,2.484680409892889852e+00,0.000000000000000000e+00
8.000000000000000444e-01,1.400000000000000000e+01,1.120000000000000107e+01,2.213786884477999747e-02,2.499843872514813992e+00,2.499942200593095354e+00,0.000000000000000000e+00
8.000000000000000444e-01,1.500000000000000000e+01,1.200000000000000000e+01,2.031075232606000674e-02,2.517113115738404350e+00,2.517218904166573790e+00,0.000000000000000000e+00
8.000000000000000444e-01,1.600000000000000000e+01,1.280000000000000071e+01,1.872957144008400091e-02,2.530905246085174642e+00,2.531017781184962345e+00,0.000000000000000000e+00
8.000000000000000444e-01,1.700000000000000000e+01,1.360000000000000142e+01,1.734807916264527808e-02,2.544508398504985891e+00,2.544627232344468304e+00,0.000000000000000000e+00
8.000000000000000444e-01,1.800000000000000000e+01,1.440000000000000036e+01,1.613296360906751534e-02,2.556539259514860607e+00,2.556663824867217105e+00,0.000000000000000000e+00
8.000000000000000444e-01,1.900000000000000000e+01,1.520000000000000107e+01,1.505671500492829738e-02,2.567985673724251239e+00,2.568115517349262245e+00,0.000000000000000000e+00
8.000000000000000444e-01,2.000000000000000000e+01,1.600000000000000000e+01,1.409794106033041873e-02,2.578547776639785738e+00,2.578682462222633198e+00,0.000000000000000000e+00
8.000000000000000444e-01,2.100000000000000000e+01,1.680000000000000071e+01,1.323910427611261001e-02,2.588553912528666068e+00,2.588693075424266965e+00,0.000000000000000000e+00
8.000000000000000444e-01,2.200000000000000000e+01,1.760000000000000142e+01,1.246602986164916695e-02,2.597972232296203998e+00,2.598115551001201062e+00,0.000000000000000000e+00
8.000000000000000444e-01,2.300000000000000000e+01,1.840000000000000213e+01,1.176699521122443609e-02,2.606931257553932291e+00,2.607078460083972260e+00,0.000000000000000000e+00
8.000000000000000444e-01,2.400000000000000000e+01,1.920000000000000284e+01,1.113230170410010531e-02,2.615454695013809783e+00,2.615605546399871528e+00,0.000000000000000000e+00
8.000000000000000444e-01,2.500000000000000000e+01,2.000000000000000000e+01,1.055382726296198379e-02,2.623603507856615114e+00,2.623757805485858352e+00,0.000000000000000000e+00
8.000000000000000444e-01,2.600000000000000000e+01,2.080000000000000071e+01,1.002473937496331166e-02,2.631405532604250030e+00,2.631563098701170222e+00,0.000000000000000000e+00
8.000000000000000444e-01,2.700000000000000000e+01,2.160000000000000142e+01,9.539244391646824889e-03,2.638894813259379024e+00,2.639055489577182723e+00,0.000000000000000000e+00
8.000000000000000444e-01,2.800000000000000000e+01,2.240000000000000213e+01,9.092403725054777272e-03,2.646093364249271218e+00,2.646257007400585337e+00,0.000000000000000000e+00
8.000000000000000444e-01,2.900000000000000000e+01,2.320000000000000284e+01,8.679981921577439169e-03,2.653022430588594549e+00,2.653188908462134954e+00,0.000000000000000000e+00
8.000000000000000444e-01,3.000000000000000000e+01,2.400000000000000000e+01,8.298328320397934527e-03,2.659698049229950900e+00,2.659867238438603732e+00,0.000000000000000000e+00
8.000000000000000444e-01,3.100000000000000000e+01,2.480000000000000071e+01,7.944280333389704477e-03,2.666134500256348794e+00,2.666306284307216945e+00,0.000000000000000000e+00
8.000000000000000444e-01,3.200000000000000000e+01,2.560000000000000142e+01,7.615085743734763615e-03,2.672343418605898968e+00,2.672517686829319228e+00,0.000000000000000000e+00
8.000000000000000444e-01,3.300000000000000000e+01,2.640000000000000213e+01,7.308338949971291895e-03,2.678334985580211658e+00,2.678511632516468843e+00,0.000000000000000000e+00
8.000000000000000444e-01,3.400000000000000000e+01,2.720000000000000284e+01,7.021928777183652701e-03,2.684117886673507591e+00,2.684296811895722001e+00,0.000000000000000000e+00
8.000000000000000444e-01,3.500000000000000000e+01,2.800000000000000000e+01,6.753995284389348493e-03,2.689699795665640991e+00,2.689880903843638649e+00,0.000000000000000000e+00
8.000000000000000444e-01,3.600000000000000000e+01,2.880000000000000071e+01,6.502893927573688906e-03,2.695087487933804926e+00,2.695270689095100813e+00,0.000000000000000000e+00
8.000000000000000444e-01,3.700000000000000000e+01,2.960000000000000142e+01,6.267165616068110477e-03,2.700287071732567323e+00,2.700472281609895830e+00,0.000000000000000000e+00
8.000000000000000444e-01,3.800000000000000000e+01,3.040000000000000213e+01,6.045511595425700005e-03,2.705304096374832934e+00,2.705491236803713839e+00,0.000000000000000000e+00
8.000000000000000444e-01,3.900000000000000000e+01,3.120000000000000284e+01,5.836772266494776387e-03,2.710143676271099533e+00,2.710332675581221373e+00,0.000000000000000000e+00
8.000000000000000444e-01,4.000000000000000000e+01,3.200000000000000000e+01,5.639909250608383245e-03,2.714810567645332462e+00,2.715001361025033866e+00,0.000000000000000000e+00
8.000000000000000444e-01,4.100000000000000000e+01,3.280000000000000426e+01,5.453990135641968717e-03,2.719309239224685371e+00,2.719501769034496252e+00,0.000000000000000000e+00
8.000000000000000444e-01,4.200000000000000000e+01,3.360000000000000142e+01,5.278175451425663744e-03,2.723643921528167144e+00,2.723838137556453987e+00,0.000000000000000000e+00
8.000000000000000444e-01,4.300000000000000000e+01,3.439999999999999858e+01,5.111707505045904459e-03,2.727818648050260197e+00,2.728014507705079250e+00,0.000000000000000000e+00
8.000000000000000444e-01,4.400000000000000000e+01,3.520000000000000284e+01,4.953900775713043075e-03,2.731837285431301332e+00,2.732034753870025146e+00,0.000000000000000000e+00
8.000000000000000444e-01,4.500000000000000000e+01,3.600000000000000000e+01,4.804133622149996813e-03,2.735703557468891489e+00,2.735902607668794673e+00,0.000000000000000000e+00
8.000000000000000444e-01,4.600000000000000000e+01,3.680000000000000426e+01,4.661841099253672890e-03,2.739421063028992798e+00,2.739621675805035128e+00,0.000000000000000000e+00
8.000000000000000444e-01,4.700000000000000000e+01,3.760000000000000142e+01,4.526508715632828438e-03,2.742993289927913914e+00,2.743195453904261338e+00,0.000000000000000000e+00
8.000000000000000444e-01,4.800000000000000000e+01,3.840000000000000568e+01,4.397666992151948000e-03,2.746423625346515962e+00,2.746627336889422288e+00,0.000000000000000000e+00
8.000000000000000444e-01,4.900000000000000000e+01,3.920000000000000284e+01,4.274886704723398004e-03,2.749715363794572376e+00,2.749920626914120092e+00,0.000000000000000000e+00
8.000000000000000444e-01,5.000000000000000000e+01,4.000000000000000000e+01,4.157774713571150450e-03,2.752871713118157704e+00,2.753078539345612086e+00,0.000000000000000000e+00
8.000000000000000444e-01,5.100000000000000000e+01,4.080000000000000426e+01,4.045970296753238597e-03,2.755895799098328158e+00,2.756104207345873469e+00,0.000000000000000000e+00
8.000000000000000444e-01,5.200000000000000000e+01,4.160000000000000142e+01,3.939141918588819763e-03,2.758790668979916649e+00,2.759000685388571128e+00,0.000000000000000000e+00
8.000000000000000444e-01,5.300000000000000000e+01,4.240000000000000568e+01,3.836984374276498563e-03,2.761559294239184670e+00,2.761770952019566128e+00,0.000000000000000000e+00
8.000000000000000444e-01,5.400000000000000000e+01,4.320000000000000284e+01,3.739216260841012485e-03,2.764204572800593951e+00,2.764417912071031047e+00,0.000000000000000000e+00
8.000000000000000444e-01,5.500000000000000000e+01,4.400000000000000000e+01,3.645577731926367710e-03,2.766729330876199544e+00,2.766944398501573588e+00,0.000000000000000000e+00
8.000000000000000444e-01,5.600000000000000000e+01,4.480000000000000426e+01,3.555828500133561328e-03,2.769136324550369732e+00,2.769353173984132166e+00,0.000000000000000000e+00
8.000000000000000444e-01,5.700000000000000000e+01,4.560000000000000142e+01,3.469746055790808720e-03,2.771428241204058285e+00,2.771646932335606550e+00,0.000000000000000000e+00
8.000000000000000444e-01,5.800000000000000000e+01,4.640000000000000568e+01,3.387124075417332573e-03,2.773607700844781032e+00,2.773828299853462465e+00,0.000000000000000000e+00
8.000000000000000444e-01,5.900000000000000000e+01,4.720000000000000284e+01,3.307770996837459173e-03,2.775677257390297026e+00,2.775899836607033766e+00,0.000000000000000000e+00
8.000000000000000444e-01,6.000000000000000000e+01,4.800000000000000000e+01,3.231508741034672116e-03,2.777639399938120146e+00,2.777864037714862011e+00,0.000000000000000000e+00
8.000000000000000444e-01,6.100000000000000000e+01,4.880000000000000426e+01,3.158171563498420216e-03,2.779496554041662293e+00,2.779723334628656506e+00,0.000000000000000000e+00
8.000000000000000444e-01,6.200000000000000000e+01,4.960000000000000142e+01,3.087605020086865108e-03,2.781251083005283675e+00,2.781480096436147242e+00,0.000000000000000000e+00
8.000000000000000444e-01,6.300000000000000000e+01,5.040000000000000568e+01,3.019665034369240462e-03,2.782905289204686827e+00,2.783136631188369403e+00,0.000000000000000000e+00
8.000000000000000444e-01,6.400000000000000000e+01,5.120000000000000284e+01,2.954217055074601431e-03,2.784461415433832077e+00,2.784695187252981263e+00,0.000000000000000000e+00
8.000000000000000444e-01,6.500000000000000000e+01,5.200000000000000000e+01,2.891135293702493721e-03,2.785921646276965813e+00,2.786157954691617977e+00,0.000000000000000000e+00
8.000000000000000444e-01,6.600000000000000000e+01,5.280000000000000426e+01,2.830302033581661575e-03,2.787288109502092937e+00,2.787527066657935482e+00,0.000000000000000000e+00
8.000000000000000444e-01,6.700000000000000000e+01,5.360000000000000142e+01,2.771607002725194353e-03,2.788562877471193691e+00,2.788804600811083390e+00,0.000000000000000000e+00
8.000000000000000444e-01,6.800000000000000000e+01,5.440000000000000568e+01,2.714946803749741008e-03,2.789747968560607028e+00,2.789992580738694716e+00,0.000000000000000000e+00
8.000000000000000444e-01,6.900000000000000000e+01,5.520000000000000284e+01,2.660224394923562698e-03,2.790845348586951324e+00,2.791092977384140195e+00,0.000000000000000000e+00
8.000000000000000444e-01,7.000000000000000000e+01,5.600000000000000000e+01,2.607348617100900979e-03,2.791856932231814969e+00,2.792107710471527948e+00,0.000000000000000000e+00
8.000000000000000444e-01,7.100000000000000000e+01,5.680000000000000426e+01,2.556233761903588600e-03,2.792784584459726993e+00,2.793038649923066608e+00,0.000000000000000000e+00
8.000000000000000444e-01,7.200000000000000000e+01,5.760000000000000142e+01,2.506799177037241297e-03,2.793630121924320697e+00,2.793887617264009471e+00,0.000000000000000000e+00
8.000000000000000444e-01,7.300000000000000000e+01,5.840000000000000568e+01,2.458968905089889499e-03,2.794395314357835058e+00,2.794656387009946563e+00,0.000000000000000000e+00
8.000000000000000444e-01,7.400000000000000000e+01,5.920000000000000284e+01,2.412671352564161806e-03,2.795081885940144506e+00,2.795346688032650295e+00,0.000000000000000000e+00
8.000000000000000444e-01,7.500000000000000000e+01,6.000000000000000000e+01,2.367838986248284143e-03,2.795691516643266539e+00,2.795960204901408286e+00,0.000000000000000000e+00
8.000000000000000444e-01,7.600000000000000000e+01,6.080000000000000426e+01,2.324408054342408207e-03,2.796225843548525880e+00,2.796498579195880296e+00,0.000000000000000000e+00
8.000000000000000444e-01,7.700000000000000000e+01,6.160000000000000142e+01,2.282318330031118513e-03,2.796686462133568085e+00,2.796963410788823268e+00,0.000000000000000000e+00
8.000000000000000444e-01,7.800000000000000000e+01,6.240000000000000568e+01,2.241512875434910519e-03,2.797074927528269139e+00,2.797356259096958730e+00,0.000000000000000000e+00
8.000000000000000444e-01,7.900000000000000000e+01,6.320000000000000284e+01,2.201937824087390506e-03,2.797392755736331615e+00,2.797678644297623585e+00,0.000000000000000000e+00
8.000000000000000444e-01,8.000000000000000000e+01,6.400000000000000000e+01,2.163542180274354975e-03,2.797641424822749912e+00,2.797932048511046155e+00,0.000000000000000000e+00
8.000000000000000444e-01,8.100000000000000000e+01,6.479999999999999716e+01,2.126277633738804691e-03,2.797822376066389616e+00,2.798117916947406858e+00,0.000000000000000000e+00
8.000000000000000444e-01,8.200000000000000000e+01,6.560000000000000853e+01,2.090098388405170742e-03,2.797937015076101375e+00,2.798237659017794421e+00,0.000000000000000000e+00
8.000000000000000444e-01,8.300000000000000000e+01,6.640000000000000568e+01,2.054961003908685989e-03,2.797986712871804116e+00,2.798292649409780175e+00,0.000000000000000000e+00
8.000000000000000444e-01,8.400000000000000000e+01,6.720000000000000284e+01,2.020824248834011613e-03,2.797972806930035361e+00,2.798284229127767198e+00,0.000000000000000000e+00
8.000000000000000444e-01,8.500000000000000000e+01,6.800000000000000000e+01,1.987648964672705278e-03,2.797896602193540527e+00,2.798213706497720388e+00,0.000000000000000000e+00
8.000000000000000444e-01,8.600000000000000000e+01,6.879999999999999716e+01,1.955397939603290784e-03,2.797759372046769055e+00,2.798082358137728320e+00,0.000000000000000000e+00
8.000000000000000444e-01,8.700000000000000000e+01,6.960000000000000853e+01,1.924035791281937264e-03,2.797562359257587339e+00,2.797891429894989734e+00,0.000000000000000000e+00
8.000000000000000444e-01,8.800000000000000000e+01,7.040000000000000568e+01,1.893528857907259347e-03,2.797306776885270185e+00,2.797642137749793978e+00,0.000000000000000000e+00
8.000000000000000444e-01,8.900000000000000000e+01,7.120000000000000284e+01,1.863845096890439507e-03,2.796993809156512523e+00,2.797335668687462196e+00,0.000000000000000000e+00
8.000000000000000444e-01,9.000000000000000000e+01,7.200000000000000000e+01,1.834953990522660700e-03,2.796624612310324665e+00,2.796973181539561537e+00,0.000000000000000000e+00
8.000000000000000444e-01,9.100000000000000000e+01,7.279999999999999716e+01,1.806826458086520414e-03,2.796200315412306292e+00,2.796555807795133131e+00,0.000000000000000000e+00
8.000000000000000444e-01,9.200000000000000000e+01,7.360000000000000853e+01,1.779434773907310943e-03,2.795722021140087055e+00,2.796084652383245661e+00,0.000000000000000000e+00
8.000000000000000444e-01,9.300000000000000000e+01,7.440000000000000568e+01,1.752752490884399751e-03,2.795190806540576833e+00,2.795560794427759177e+00,0.000000000000000000e+00
8.000000000000000444e-01,9.400000000000000000e+01,7.520000000000000284e+01,1.726754369082997287e-03,2.794607723759956475e+00,2.794985287975421784e+00,0.000000000000000000e+00
8.000000000000000444e-01,9.500000000000000000e+01,7.600000000000000000e+01,1.701416309002744482e-03,2.793973800748243974e+00,2.794359162698610177e+00,0.000000000000000000e+00
8.000000000000000444e-01,9.600000000000000000e+01,7.680000000000001137e+01,1.676715289172266274e-03,2.793290041938243817e+00,2.793683424573496499e+00,0.000000000000000000e+00
8.000000000000000444e-01,9.700000000000000000e+01,7.760000000000000853e+01,1.652629307748468496e-03,2.792557428901582650e+00,2.792959056534991102e+00,0.000000000000000000e+00
8.000000000000000444e-01,9.800000000000000000e+01,7.840000000000000568e+01,1.629137327826148075e-03,2.791776920981304588e+00,2.792187019109128698e+00,0.000000000000000000e+00
8.000000000000000444e-01,9.900000000000000000e+01,7.920000000000000284e+01,1.606219226187915496e-03,2.790949455902834497e+00,2.791368251024116010e+00,0.000000000000000000e+00
8.000000000000000444e-01,1.000000000000000000e+02,8.000000000000000000e+01,1.583855745246452772e-03,2.790075950364571344e+00,2.790503669801146724e+00,0.000000000000000000e+00
8.000000000000000444e-01,1.010000000000000000e+02,8.080000000000001137e+01,1.562028447951326667e-03,2.789157300607633783e+00,2.789594172325271071e+00,0.000000000000000000e+00
8.000000000000000444e-01,1.020000000000000000e+02,8.160000000000000853e+01,1.540719675450806687e-03,2.788194382967470020e+00,2.788640635398093703e+00,0.000000000000000000e+00
8.000000000000000444e-01,1.030000000000000000e+02,8.240000000000000568e+01,1.519912507315842329e-03,2.787188054406974924e+00,2.787643916272491307e+00,0.000000000000000000e+00
8.000000000000000444e-01,1.040000000000000000e+02,8.320000000000000284e+01,1.499590724148530283e-03,2.786139153032278326e+00,2.786604853170080442e+00,0.000000000000000000e+00
8.000000000000000444e-01,1.050000000000000000e+02,8.400000000000000000e+01,1.479738772411282261e-03,2.785048498591995880e+00,2.785524265782738151e+00,0.000000000000000000e+00
8.000000000000000444e-01,1.060000000000000000e+02,8.480000000000001137e+01,1.460341731325555002e-03,2.783916892960383027e+00,2.784402955758521703e+00,0.000000000000000000e+00
8.000000000000000444e-01,1.070000000000000000e+02,8.560000000000000853e+01,1.441385281700600885e-03,2.782745120605758515e+00,2.783241707172655399e+00,0.000000000000000000e+00
8.000000000000000444e-01,1.080000000000000000e+02,8.640000000000000568e+01,1.422855676563262442e-03,2.781533949044030063e+00,2.782041286984044959e+00,0.000000000000000000e+00
8.000000000000000444e-01,1.090000000000000000e+02,8.720000000000000284e+01,1.404739713469575638e-03,2.780284129278599359e+00,2.780802445478655294e+00,0.000000000000000000e+00
8.000000000000000444e-01,1.100000000000000000e+02,8.800000000000000000e+01,1.387024708387786954e-03,2.778996396226901311e+00,2.779525916699545185e+00,0.000000000000000000e+00
8.000000000000000444e-01,1.110000000000000000e+02,8.880000000000001137e+01,1.369698471050599924e-03,2.777671469134062487e+00,2.778212418864206334e+00,0.000000000000000000e+00
8.000000000000000444e-01,1.120000000000000000e+02,8.960000000000000853e+01,1.352749281681896870e-03,2.776310051974384407e+00,2.776862654770062555e+00,0.000000000000000000e+00
8.000000000000000444e-01,1.130000000000000000e+02,9.040000000000000568e+01,1.336165869010112620e-03,2.774912833841520321e+00,2.775477312188508350e+00,0.000000000000000000e+00
8.000000000000000444e-01,1.140000000000000000e+02,9.120000000000000284e+01,1.319937389486700681e-03,2.773480489326745069e+00,2.774057064247714255e+00,0.000000000000000000e+00
8.000000000000000444e-01,1.150000000000000000e+02,9.200000000000000000e+01,1.304053407634022787e-03,2.772013678886165788e+00,2.772602569804355710e+00,0.000000000000000000e+00
8.000000000000000444e-01,1.160000000000000000e+02,9.280000000000001137e+01,1.288503877452269134e-03,2.770513049199046396e+00,2.771114473805835754e+00,0.000000000000000000e+00
8.000000000000000444e-01,1.170000000000000000e+02,9.360000000000000853e+01,1.273279124820013474e-03,2.768979233514063498e+00,2.769593407641735006e+00,0.000000000000000000e+00
8.000000000000000444e-01,1.180000000000000000e+02,9.440000000000000568e+01,1.258369830827537695e-03,2.767412851987090860e+00,2.768039989486183128e+00,0.000000000000000000e+00
8.000000000000000444e-01,1.190000000000000000e+02,9.520000000000000284e+01,1.243767015986242718e-03,2.765814512009678428e+00,2.766454824630848464e+00,0.000000000000000000e+00
8.000000000000000444e-01,1.200000000000000000e+02,9.600000000000000000e+01,1.229462025261371947e-03,2.764184808527817783e+00,2.764838505808659086e+00,0.000000000000000000e+00
8.000000000000000444e-01,1.210000000000000000e+02,9.680000000000001137e+01,1.215446513878831649e-03,2.762524324352541250e+00,2.763191613509442757e+00,0.000000000000000000e+00
8.000000000000000444e-01,1.220000000000000000e+02,9.760000000000000853e+01,1.201712433860216813e-03,2.760833630461826615e+00,2.761514716286537219e+00,0.000000000000000000e+00
8.000000000000000444e-01,1.230000000000000000e+02,9.840000000000000568e+01,1.188252021243213453e-03,2.759113286294562428e+00,2.759808371055519682e+00,0.000000000000000000e+00
8.000000000000000444e-01,1.240000000000000000e+02,9.920000000000000284e+01,1.175057783947383323e-03,2.757363840036386460e+00,2.758073123385220704e+00,0.000000000000000000e+00
8.000000000000000444e-01,1.250000000000000000e+02,1.000000000000000000e+02,1.162122490247973101e-03,2.755585828897983536e+00,2.756309507780851487e+00,0.000000000000000000e+00
8.000000000000000444e-01,1.260000000000000000e+02,1.008000000000000114e+02,1.149439157822815727e-03,2.753779779385955528e+00,2.754518047959567006e+00,0.000000000000000000e+00
8.000000000000000444e-01,1.270000000000000000e+02,1.016000000000000085e+02,1.137001043339664437e-03,2.751946207566387859e+00,2.752699257119086251e+00,0.000000000000000000e+00
8.000000000000000444e-01,1.280000000000000000e+02,1.024000000000000057e+02,1.124801632553385682e-03,nan,nan,0.000000000000000000e+00
